csv_row_number	filename	normalized_filename	file_type	injection	sample_id	container_id	csv_ionization_mode	ms_parent_level	is_sample_file	has_required_csv_identifiers	dried_material_present	dried_samples_data_id	original_sample_container_id	extraction_sample_container_present	extraction_data_id	extraction_sample_container_id	expected_extraction_container_id	aliquot_sample_container_present	aliquoting_data_id	aliquot_sample_container_id	target_ms_parent_container_id	existing_ms_data_id	ready_for_ms_data_import	status	reason
2	20260903_Mazz_Sample_grad_000379_01	20260903_Mazz_Sample_grad_000379_01	sample	A6	grad_000379	grad_000379_01	positive	aliquot	true	true	true	10498	grad_000379	true	5418	grad_000379_01		false					false	blocked	missing_aliquot_sample_container
3	20260903_Mazz_Sample_grad_000430_01	20260903_Mazz_Sample_grad_000430_01	sample	A7	grad_000430	grad_000430_01	positive	aliquot	true	true	true	9846	grad_000430	true	5288	grad_000430_01		false					false	blocked	missing_aliquot_sample_container
4	20260903_Mazz_Sample_grad_000053_01	20260903_Mazz_Sample_grad_000053_01	sample	A8	grad_000053	grad_000053_01	positive	aliquot	true	true	true	10499	grad_000053	true	5419	grad_000053_01		false					false	blocked	missing_aliquot_sample_container
5	20260903_Mazz_Sample_grad_000126_01	20260903_Mazz_Sample_grad_000126_01	sample	A9	grad_000126	grad_000126_01	positive	aliquot	true	true	true	10501	grad_000126	true	5417	grad_000126_01		false					false	blocked	missing_aliquot_sample_container
6	20260903_Mazz_Sample_grad_000162_01	20260903_Mazz_Sample_grad_000162_01	sample	A10	grad_000162	grad_000162_01	positive	aliquot	true	true	false			false				false					false	blocked	missing_dried_material;missing_extraction_sample_container;missing_aliquot_sample_container
7	20260903_Mazz_Sample_grad_000391_01	20260903_Mazz_Sample_grad_000391_01	sample	A11	grad_000391	grad_000391_01	positive	aliquot	true	true	true	9874	grad_000391	true	5364	grad_000391_01		false					false	blocked	missing_aliquot_sample_container
8	20260903_Mazz_Sample_grad_000147_01	20260903_Mazz_Sample_grad_000147_01	sample	A12	grad_000147	grad_000147_01	positive	aliquot	true	true	false			false				false					false	blocked	missing_dried_material;missing_extraction_sample_container;missing_aliquot_sample_container
9	20260903_Mazz_Sample_grad_000001_01	20260903_Mazz_Sample_grad_000001_01	sample	B1	grad_000001	grad_000001_01	positive	aliquot	true	true	true	10492	grad_000001	true	5425	grad_000001_01		false					false	blocked	missing_aliquot_sample_container
10	20260903_Mazz_Sample_grad_000034_01	20260903_Mazz_Sample_grad_000034_01	sample	B2	grad_000034	grad_000034_01	positive	aliquot	true	true	true	10487	grad_000034	true	5432	grad_000034_01		false					false	blocked	missing_aliquot_sample_container
11	20260903_Mazz_Sample_grad_000098_01	20260903_Mazz_Sample_grad_000098_01	sample	B3	grad_000098	grad_000098_01	positive	aliquot	true	true	false			false				false					false	blocked	missing_dried_material;missing_extraction_sample_container;missing_aliquot_sample_container
12	20260903_Mazz_Sample_grad_000401_01	20260903_Mazz_Sample_grad_000401_01	sample	B4	grad_000401	grad_000401_01	positive	aliquot	true	true	true	9849	grad_000401	true	5315	grad_000401_01		false					false	blocked	missing_aliquot_sample_container
13	20260903_Mazz_Sample_grad_000006_01	20260903_Mazz_Sample_grad_000006_01	sample	B5	grad_000006	grad_000006_01	positive	aliquot	true	true	true	9856	grad_000006	true	5309	grad_000006_01		false					false	blocked	missing_aliquot_sample_container
14	20260903_Mazz_Sample_grad_000511_01	20260903_Mazz_Sample_grad_000511_01	sample	B6	grad_000511	grad_000511_01	positive	aliquot	true	true	true	9890	grad_000511	true	5349	grad_000511_01		false					false	blocked	missing_aliquot_sample_container
15	20260903_Mazz_Sample_grad_000483_01	20260903_Mazz_Sample_grad_000483_01	sample	B7	grad_000483	grad_000483_01	positive	aliquot	true	true	true	10239	grad_000483	true	5336	grad_000483_01		false					false	blocked	missing_aliquot_sample_container
16	20260903_Mazz_Sample_grad_000044_01	20260903_Mazz_Sample_grad_000044_01	sample	B8	grad_000044	grad_000044_01	positive	aliquot	true	true	true	9381	grad_000044	true	5176	grad_000044_01		false					false	blocked	missing_aliquot_sample_container
17	20260903_Mazz_Sample_grad_000187_01	20260903_Mazz_Sample_grad_000187_01	sample	B9	grad_000187	grad_000187_01	positive	aliquot	true	true	true	9368	grad_000187	true	5191	grad_000187_01		false					false	blocked	missing_aliquot_sample_container
18	20260903_Mazz_Sample_grad_000392_01	20260903_Mazz_Sample_grad_000392_01	sample	B10	grad_000392	grad_000392_01	positive	aliquot	true	true	true	9380	grad_000392	true	5178	grad_000392_01		false					false	blocked	missing_aliquot_sample_container
19	20260903_Mazz_Sample_grad_000554_01	20260903_Mazz_Sample_grad_000554_01	sample	B11	grad_000554	grad_000554_01	positive	aliquot	true	true	true	9831	grad_000554	true	5273	grad_000554_01		false					false	blocked	missing_aliquot_sample_container
20	20260903_Mazz_Sample_grad_000340_01	20260903_Mazz_Sample_grad_000340_01	sample	B12	grad_000340	grad_000340_01	positive	aliquot	true	true	true	9505	grad_000340	true	5132	grad_000340_01		false					false	blocked	missing_aliquot_sample_container
21	20260903_Mazz_Sample_grad_000229_01	20260903_Mazz_Sample_grad_000229_01	sample	C1	grad_000229	grad_000229_01	positive	aliquot	true	true	true	9343	grad_000229	true	5215	grad_000229_01		false					false	blocked	missing_aliquot_sample_container
22	20260903_Mazz_Sample_grad_000538_01	20260903_Mazz_Sample_grad_000538_01	sample	C2	grad_000538	grad_000538_01	positive	aliquot	true	true	true	9876	grad_000538	true	5360	grad_000538_01		false					false	blocked	missing_aliquot_sample_container
23	20260903_Mazz_Sample_grad_000009_01	20260903_Mazz_Sample_grad_000009_01	sample	C3	grad_000009	grad_000009_01	positive	aliquot	true	true	false			false				false					false	blocked	missing_dried_material;missing_extraction_sample_container;missing_aliquot_sample_container
24	20260903_Mazz_Sample_grad_000026_01	20260903_Mazz_Sample_grad_000026_01	sample	C4	grad_000026	grad_000026_01	positive	aliquot	true	true	true	9378	grad_000026	true	5182	grad_000026_01		false					false	blocked	missing_aliquot_sample_container
25	20260903_Mazz_Sample_grad_000031_01	20260903_Mazz_Sample_grad_000031_01	sample	C5	grad_000031	grad_000031_01	positive	aliquot	true	true	true	9359	grad_000031	true	5201	grad_000031_01		false					false	blocked	missing_aliquot_sample_container
26	20260903_Mazz_Sample_grad_000574_01	20260903_Mazz_Sample_grad_000574_01	sample	C6	grad_000574	grad_000574_01	positive	aliquot	true	true	true	9063	grad_000574	true	5116	grad_000574_01		false					false	blocked	missing_aliquot_sample_container
27	20260903_Mazz_Sample_grad_000252_01	20260903_Mazz_Sample_grad_000252_01	sample	C7	grad_000252	grad_000252_01	positive	aliquot	true	true	true	9898	grad_000252	true	5390	grad_000252_01		false					false	blocked	missing_aliquot_sample_container
28	20260903_Mazz_Sample_grad_000112_01	20260903_Mazz_Sample_grad_000112_01	sample	C8	grad_000112	grad_000112_01	positive	aliquot	true	true	false			false				false					false	blocked	missing_dried_material;missing_extraction_sample_container;missing_aliquot_sample_container
29	20260903_Mazz_Sample_grad_000010_01	20260903_Mazz_Sample_grad_000010_01	sample	C9	grad_000010	grad_000010_01	positive	aliquot	true	true	true	9375	grad_000010	true	5183	grad_000010_01		false					false	blocked	missing_aliquot_sample_container
30	20260903_Mazz_Sample_grad_000269_01	20260903_Mazz_Sample_grad_000269_01	sample	C10	grad_000269	grad_000269_01	positive	aliquot	true	true	true	10398	grad_000269	true	5451	grad_000269_01		false					false	blocked	missing_aliquot_sample_container
31	20260903_Mazz_Sample_grad_000022_01	20260903_Mazz_Sample_grad_000022_01	sample	C11	grad_000022	grad_000022_01	positive	aliquot	true	true	true	9558	grad_000022	true	5234	grad_000022_01		false					false	blocked	missing_aliquot_sample_container
32	20260903_Mazz_Sample_grad_000225_01	20260903_Mazz_Sample_grad_000225_01	sample	C12	grad_000225	grad_000225_01	positive	aliquot	true	true	true	10266	grad_000225	true	5409	grad_000225_01		false					false	blocked	missing_aliquot_sample_container
33	20260903_Mazz_Sample_grad_000434_01	20260903_Mazz_Sample_grad_000434_01	sample	D1	grad_000434	grad_000434_01	positive	aliquot	true	true	true	10493	grad_000434	true	5421	grad_000434_01		false					false	blocked	missing_aliquot_sample_container
34	20260903_Mazz_Sample_grad_000316_01	20260903_Mazz_Sample_grad_000316_01	sample	D2	grad_000316	grad_000316_01	positive	aliquot	true	true	true	9398	grad_000316	true	5254	grad_000316_01		false					false	blocked	missing_aliquot_sample_container
35	20260903_Mazz_Sample_grad_000345_01	20260903_Mazz_Sample_grad_000345_01	sample	D3	grad_000345	grad_000345_01	positive	aliquot	true	true	true	9564	grad_000345	true	5226	grad_000345_01		false					false	blocked	missing_aliquot_sample_container
36	20260903_Mazz_Sample_grad_000488_01	20260903_Mazz_Sample_grad_000488_01	sample	D4	grad_000488	grad_000488_01	positive	aliquot	true	true	true	9401	grad_000488	true	5257	grad_000488_01		false					false	blocked	missing_aliquot_sample_container
37	20260903_Mazz_Sample_grad_000495_01	20260903_Mazz_Sample_grad_000495_01	sample	D7	grad_000495	grad_000495_01	positive	aliquot	true	true	true	9067	grad_000495	true	5112	grad_000495_01		false					false	blocked	missing_aliquot_sample_container
38	20260903_Mazz_Sample_grad_000319_01	20260903_Mazz_Sample_grad_000319_01	sample	D9	grad_000319	grad_000319_01	positive	aliquot	true	true	true	9409	grad_000319	true	5266	grad_000319_01		false					false	blocked	missing_aliquot_sample_container
39	20260903_Mazz_Sample_grad_000021_01	20260903_Mazz_Sample_grad_000021_01	sample	D10	grad_000021	grad_000021_01	positive	aliquot	true	true	true	9387	grad_000021	true	5170	grad_000021_01		false					false	blocked	missing_aliquot_sample_container
40	20260903_Mazz_Sample_grad_000361_01	20260903_Mazz_Sample_grad_000361_01	sample	D11	grad_000361	grad_000361_01	positive	aliquot	true	true	true	9554	grad_000361	true	5235	grad_000361_01		false					false	blocked	missing_aliquot_sample_container
41	20260903_Mazz_Sample_grad_000124_01	20260903_Mazz_Sample_grad_000124_01	sample	D12	grad_000124	grad_000124_01	positive	aliquot	true	true	true	9550	grad_000124	true	5242	grad_000124_01		false					false	blocked	missing_aliquot_sample_container
42	20260903_Mazz_Sample_grad_000219_01	20260903_Mazz_Sample_grad_000219_01	sample	E1	grad_000219	grad_000219_01	positive	aliquot	true	true	true	9383	grad_000219	true	5175	grad_000219_01		false					false	blocked	missing_aliquot_sample_container
43	20260903_Mazz_Sample_grad_000217_01	20260903_Mazz_Sample_grad_000217_01	sample	E2	grad_000217	grad_000217_01	positive	aliquot	true	true	true	9086	grad_000217	true	5093	grad_000217_01		false					false	blocked	missing_aliquot_sample_container
44	20260903_Mazz_Sample_grad_000012_01	20260903_Mazz_Sample_grad_000012_01	sample	E3	grad_000012	grad_000012_01	positive	aliquot	true	true	true	9434	grad_000012	true	5138	grad_000012_01		false					false	blocked	missing_aliquot_sample_container
45	20260903_Mazz_Sample_grad_000294_01	20260903_Mazz_Sample_grad_000294_01	sample	E4	grad_000294	grad_000294_01	positive	aliquot	true	true	true	10355	grad_000294	true	5397	grad_000294_01		false					false	blocked	missing_aliquot_sample_container
46	20260903_Mazz_Sample_grad_000197_01	20260903_Mazz_Sample_grad_000197_01	sample	E5	grad_000197	grad_000197_01	positive	aliquot	true	true	false			false				false					false	blocked	missing_dried_material;missing_extraction_sample_container;missing_aliquot_sample_container
47	20260903_Mazz_Sample_grad_000261_01	20260903_Mazz_Sample_grad_000261_01	sample	E6	grad_000261	grad_000261_01	positive	aliquot	true	true	true	9854	grad_000261	true	5310	grad_000261_01		false					false	blocked	missing_aliquot_sample_container
48	20260903_Mazz_Sample_grad_000164_02	20260903_Mazz_Sample_grad_000164_02	sample	E7	grad_000164	grad_000164_02	positive	aliquot	true	true	true	10245	grad_000164	true	5329	grad_000164_01		false					false	blocked	missing_aliquot_sample_container
49	20260903_Mazz_Sample_grad_000144_01	20260903_Mazz_Sample_grad_000144_01	sample	E8	grad_000144	grad_000144_01	positive	aliquot	true	true	true	10268	grad_000144	true	5404	grad_000144_01		false					false	blocked	missing_aliquot_sample_container
50	20260903_Mazz_Sample_grad_000572_01	20260903_Mazz_Sample_grad_000572_01	sample	E9	grad_000572	grad_000572_01	positive	aliquot	true	true	true	9535	grad_000572	true	5082	grad_000572_01		false					false	blocked	missing_aliquot_sample_container
51	20260903_Mazz_Sample_grad_000573_01	20260903_Mazz_Sample_grad_000573_01	sample	E10	grad_000573	grad_000573_01	positive	aliquot	true	true	true	9545	grad_000573	true	5072	grad_000573_01		false					false	blocked	missing_aliquot_sample_container
52	20260903_Mazz_Sample_grad_000078_01	20260903_Mazz_Sample_grad_000078_01	sample	E12	grad_000078	grad_000078_01	positive	aliquot	true	true	true	9891	grad_000078	true	5344	grad_000078_01		false					false	blocked	missing_aliquot_sample_container
53	20260903_Mazz_Sample_grad_000427_01	20260903_Mazz_Sample_grad_000427_01	sample	F1	grad_000427	grad_000427_01	positive	aliquot	true	true	true	10358	grad_000427	true	5394	grad_000427_01		false					false	blocked	missing_aliquot_sample_container
54	20260903_Mazz_Sample_grad_000532_01	20260903_Mazz_Sample_grad_000532_01	sample	F2	grad_000532	grad_000532_01	positive	aliquot	true	true	true	9080	grad_000532	true	5100	grad_000532_01		false					false	blocked	missing_aliquot_sample_container
55	20260903_Mazz_Sample_grad_000515_01	20260903_Mazz_Sample_grad_000515_01	sample	F3	grad_000515	grad_000515_01	positive	aliquot	true	true	true	9836	grad_000515	true	5278	grad_000515_01		false					false	blocked	missing_aliquot_sample_container
56	20260903_Mazz_Sample_grad_000335_01	20260903_Mazz_Sample_grad_000335_01	sample	F4	grad_000335	grad_000335_01	positive	aliquot	true	true	true	9557	grad_000335	true	5237	grad_000335_01		false					false	blocked	missing_aliquot_sample_container
57	20260903_Mazz_Sample_grad_000018_01	20260903_Mazz_Sample_grad_000018_01	sample	F5	grad_000018	grad_000018_01	positive	aliquot	true	true	true	9531	grad_000018	true	5089	grad_000018_01		false					false	blocked	missing_aliquot_sample_container
58	20260903_Mazz_Sample_grad_000536_01	20260903_Mazz_Sample_grad_000536_01	sample	F6	grad_000536	grad_000536_01	positive	aliquot	true	true	true	9397	grad_000536	true	5253	grad_000536_01		false					false	blocked	missing_aliquot_sample_container
59	20260903_Mazz_Sample_grad_000494_01	20260903_Mazz_Sample_grad_000494_01	sample	F7	grad_000494	grad_000494_01	positive	aliquot	true	true	true	9536	grad_000494	true	5083	grad_000494_01		false					false	blocked	missing_aliquot_sample_container
60	20260903_Mazz_Sample_grad_000428_01	20260903_Mazz_Sample_grad_000428_01	sample	F9	grad_000428	grad_000428_01	positive	aliquot	true	true	true	9842	grad_000428	true	5284	grad_000428_01		false					false	blocked	missing_aliquot_sample_container
61	20260903_Mazz_Sample_grad_000550_01	20260903_Mazz_Sample_grad_000550_01	sample	F10	grad_000550	grad_000550_01	positive	aliquot	true	true	true	9843	grad_000550	true	5285	grad_000550_01		false					false	blocked	missing_aliquot_sample_container
62	20260903_Mazz_Sample_grad_000367_01	20260903_Mazz_Sample_grad_000367_01	sample	F11	grad_000367	grad_000367_01	positive	aliquot	true	true	true	9553	grad_000367	true	5239	grad_000367_01		false					false	blocked	missing_aliquot_sample_container
63	20260903_Mazz_Sample_grad_000091_01	20260903_Mazz_Sample_grad_000091_01	sample	F12	grad_000091	grad_000091_01	positive	aliquot	true	true	true	9906	grad_000091	true	5381	grad_000091_01		false					false	blocked	missing_aliquot_sample_container
64	20260903_Mazz_Sample_grad_000503_01	20260903_Mazz_Sample_grad_000503_01	sample	G1	grad_000503	grad_000503_01	positive	aliquot	true	true	true	9521	grad_000503	true	5091	grad_000503_01		false					false	blocked	missing_aliquot_sample_container
65	20260903_Mazz_Sample_grad_000382_01	20260903_Mazz_Sample_grad_000382_01	sample	G2	grad_000382	grad_000382_01	positive	aliquot	true	true	true	9516	grad_000382	true	5121	grad_000382_01		false					false	blocked	missing_aliquot_sample_container
66	20260903_Mazz_Sample_grad_000358_01	20260903_Mazz_Sample_grad_000358_01	sample	G3	grad_000358	grad_000358_01	positive	aliquot	true	true	true	9543	grad_000358	true	5077	grad_000358_01		false					false	blocked	missing_aliquot_sample_container
67	20260903_Mazz_Sample_grad_000383_01	20260903_Mazz_Sample_grad_000383_01	sample	G4	grad_000383	grad_000383_01	positive	aliquot	true	true	true	9870	grad_000383	true	5292	grad_000383_01		false					false	blocked	missing_aliquot_sample_container
68	20260903_Mazz_Sample_grad_000318_01	20260903_Mazz_Sample_grad_000318_01	sample	G5	grad_000318	grad_000318_01	positive	aliquot	true	true	true	9405	grad_000318	true	5261	grad_000318_01		false					false	blocked	missing_aliquot_sample_container
69	20260903_Mazz_Sample_grad_000485_02	20260903_Mazz_Sample_grad_000485_02	sample	G6	grad_000485	grad_000485_02	positive	aliquot	true	true	true	10234	grad_000485	true	5366	grad_000485_01		false					false	blocked	missing_aliquot_sample_container
70	20260903_Mazz_Sample_grad_000330_01	20260903_Mazz_Sample_grad_000330_01	sample	G7	grad_000330	grad_000330_01	positive	aliquot	true	true	true	9402	grad_000330	true	5258	grad_000330_01		false					false	blocked	missing_aliquot_sample_container
71	20260903_Mazz_Sample_grad_000346_01	20260903_Mazz_Sample_grad_000346_01	sample	G8	grad_000346	grad_000346_01	positive	aliquot	true	true	true	9563	grad_000346	true	5229	grad_000346_01		false					false	blocked	missing_aliquot_sample_container
72	20260903_Mazz_Sample_grad_000444_01	20260903_Mazz_Sample_grad_000444_01	sample	G9	grad_000444	grad_000444_01	positive	aliquot	true	true	true	9083	grad_000444	true	5097	grad_000444_01		false					false	blocked	missing_aliquot_sample_container
73	20260903_Mazz_Sample_grad_000456_01	20260903_Mazz_Sample_grad_000456_01	sample	G10	grad_000456	grad_000456_01	positive	aliquot	true	true	true	9071	grad_000456	true	5110	grad_000456_01		false					false	blocked	missing_aliquot_sample_container
74	20260903_Mazz_Sample_grad_000501_01	20260903_Mazz_Sample_grad_000501_01	sample	G11	grad_000501	grad_000501_01	positive	aliquot	true	true	true	9539	grad_000501	true	5080	grad_000501_01		false					false	blocked	missing_aliquot_sample_container
75	20260903_Mazz_Sample_grad_000575_01	20260903_Mazz_Sample_grad_000575_01	sample	G12	grad_000575	grad_000575_01	positive	aliquot	true	true	true	9377	grad_000575	true	5181	grad_000575_01		false					false	blocked	missing_aliquot_sample_container
76	20260903_Mazz_Sample_grad_000004_01	20260903_Mazz_Sample_grad_000004_01	sample	H1	grad_000004	grad_000004_01	positive	aliquot	true	true	true	9392	grad_000004	true	5251	grad_000004_01		false					false	blocked	missing_aliquot_sample_container
77	20260903_Mazz_Sample_grad_000128_01	20260903_Mazz_Sample_grad_000128_01	sample	H2	grad_000128	grad_000128_01	positive	aliquot	true	true	true	9537	grad_000128	true	5078	grad_000128_01		false					false	blocked	missing_aliquot_sample_container
78	20260903_Mazz_Sample_grad_000287_01	20260903_Mazz_Sample_grad_000287_01	sample	H3	grad_000287	grad_000287_01	positive	aliquot	true	true	true	9853	grad_000287	true	5312	grad_000287_01		false					false	blocked	missing_aliquot_sample_container
79	20260903_Mazz_Sample_grad_000505_01	20260903_Mazz_Sample_grad_000505_01	sample	H4	grad_000505	grad_000505_01	positive	aliquot	true	true	true	9540	grad_000505	true	5076	grad_000505_01		false					false	blocked	missing_aliquot_sample_container
80	20260903_Mazz_Sample_grad_000311_01	20260903_Mazz_Sample_grad_000311_01	sample	H5	grad_000311	grad_000311_01	positive	aliquot	true	true	true	9533	grad_000311	true	5086	grad_000311_01		false					false	blocked	missing_aliquot_sample_container
81	20260903_Mazz_Sample_grad_000445_01	20260903_Mazz_Sample_grad_000445_01	sample	H6	grad_000445	grad_000445_01	positive	aliquot	true	true	true	9524	grad_000445	true	5090	grad_000445_01		false					false	blocked	missing_aliquot_sample_container
82	20260903_Mazz_Sample_grad_000448_01	20260903_Mazz_Sample_grad_000448_01	sample	H7	grad_000448	grad_000448_01	positive	aliquot	true	true	true	9062	grad_000448	true	5115	grad_000448_01		false					false	blocked	missing_aliquot_sample_container
83	20260903_Mazz_Sample_grad_000073_01	20260903_Mazz_Sample_grad_000073_01	sample	H8	grad_000073	grad_000073_01	positive	aliquot	true	true	true	9871	grad_000073	true	5293	grad_000073_01		false					false	blocked	missing_aliquot_sample_container
84	20260903_Mazz_Sample_grad_000557_01	20260903_Mazz_Sample_grad_000557_01	sample	H9	grad_000557	grad_000557_01	positive	aliquot	true	true	true	9865	grad_000557	true	5300	grad_000557_01		false					false	blocked	missing_aliquot_sample_container
85	20260903_Mazz_Sample_grad_000442_01	20260903_Mazz_Sample_grad_000442_01	sample	H10	grad_000442	grad_000442_01	positive	aliquot	true	true	true	9866	grad_000442	true	5299	grad_000442_01		false					false	blocked	missing_aliquot_sample_container
86	20260903_Mazz_Sample_grad_000499_01	20260903_Mazz_Sample_grad_000499_01	sample	H11	grad_000499	grad_000499_01	positive	aliquot	true	true	true	9830	grad_000499	true	5272	grad_000499_01		false					false	blocked	missing_aliquot_sample_container
87	20260903_Mazz_Sample_grad_000290_01	20260903_Mazz_Sample_grad_000290_01	sample	H12	grad_000290	grad_000290_01	positive	aliquot	true	true	true	9892	grad_000290	true	5345	grad_000290_01		false					false	blocked	missing_aliquot_sample_container
88	20261003_Mazz_Sample_grad_000193_01	20261003_Mazz_Sample_grad_000193_01	sample	A1	grad_000193	grad_000193_01	positive	aliquot	true	true	true	9350	grad_000193	true	5209	grad_000193_01		false					false	blocked	missing_aliquot_sample_container
89	20261003_Mazz_Sample_grad_000066_01	20261003_Mazz_Sample_grad_000066_01	sample	A2	grad_000066	grad_000066_01	positive	aliquot	true	true	true	10500	grad_000066	true	5416	grad_000066_01		false					false	blocked	missing_aliquot_sample_container
90	20261003_Mazz_Sample_grad_000220_01	20261003_Mazz_Sample_grad_000220_01	sample	A3	grad_000220	grad_000220_01	positive	aliquot	true	true	true	9370	grad_000220	true	5186	grad_000220_01		false					false	blocked	missing_aliquot_sample_container
91	20261003_Mazz_Sample_grad_000088_01	20261003_Mazz_Sample_grad_000088_01	sample	A4	grad_000088	grad_000088_01	positive	aliquot	true	true	true	9827	grad_000088	true	5269	grad_000088_01		false					false	blocked	missing_aliquot_sample_container
92	20261003_Mazz_Sample_grad_000247_01	20261003_Mazz_Sample_grad_000247_01	sample	A5	grad_000247	grad_000247_01	positive	aliquot	true	true	true	10401	grad_000247	true	5447	grad_000247_01		false					false	blocked	missing_aliquot_sample_container
93	20261003_Mazz_Sample_grad_000396_01	20261003_Mazz_Sample_grad_000396_01	sample	A6	grad_000396	grad_000396_01	positive	aliquot	true	true	true	9512	grad_000396	true	5125	grad_000396_01		false					false	blocked	missing_aliquot_sample_container
94	20261003_Mazz_Sample_grad_000410_01	20261003_Mazz_Sample_grad_000410_01	sample	A7	grad_000410	grad_000410_01	positive	aliquot	true	true	true	10483	grad_000410	true	5435	grad_000410_01		false					false	blocked	missing_aliquot_sample_container
95	20261003_Mazz_Sample_grad_000270_01	20261003_Mazz_Sample_grad_000270_01	sample	A9	grad_000270	grad_000270_01	positive	aliquot	true	true	false			false				false					false	blocked	missing_dried_material;missing_extraction_sample_container;missing_aliquot_sample_container
96	20261003_Mazz_Sample_grad_000371_01	20261003_Mazz_Sample_grad_000371_01	sample	A10	grad_000371	grad_000371_01	positive	aliquot	true	true	true	9431	grad_000371	true	5141	grad_000371_01		false					false	blocked	missing_aliquot_sample_container
97	20261003_Mazz_Sample_grad_000537_01	20261003_Mazz_Sample_grad_000537_01	sample	A11	grad_000537	grad_000537_01	positive	aliquot	true	true	true	9862	grad_000537	true	5302	grad_000537_01		false					false	blocked	missing_aliquot_sample_container
98	20261003_Mazz_Sample_grad_000250_01	20261003_Mazz_Sample_grad_000250_01	sample	A12	grad_000250	grad_000250_01	positive	aliquot	true	true	true	10400	grad_000250	true	5446	grad_000250_01		false					false	blocked	missing_aliquot_sample_container
99	20261003_Mazz_Sample_grad_000556_01	20261003_Mazz_Sample_grad_000556_01	sample	B1	grad_000556	grad_000556_01	positive	aliquot	true	true	true	10494	grad_000556	true	5424	grad_000556_01		false					false	blocked	missing_aliquot_sample_container
100	20261003_Mazz_Sample_grad_000163_01	20261003_Mazz_Sample_grad_000163_01	sample	B2	grad_000163	grad_000163_01	positive	aliquot	true	true	true	10271	grad_000163	true	5400	grad_000163_01		false					false	blocked	missing_aliquot_sample_container
101	20261003_Mazz_Sample_grad_000506_01	20261003_Mazz_Sample_grad_000506_01	sample	B3	grad_000506	grad_000506_01	positive	aliquot	true	true	true	9896	grad_000506	true	5343	grad_000506_01		false					false	blocked	missing_aliquot_sample_container
102	20261003_Mazz_Sample_grad_000409_01	20261003_Mazz_Sample_grad_000409_01	sample	B4	grad_000409	grad_000409_01	positive	aliquot	true	true	true	10497	grad_000409	true	5423	grad_000409_01		false					false	blocked	missing_aliquot_sample_container
103	20261003_Mazz_Sample_grad_000386_01	20261003_Mazz_Sample_grad_000386_01	sample	B5	grad_000386	grad_000386_01	positive	aliquot	true	true	true	10482	grad_000386	true	5434	grad_000386_01		false					false	blocked	missing_aliquot_sample_container
104	20261003_Mazz_Sample_grad_000186_01	20261003_Mazz_Sample_grad_000186_01	sample	B7	grad_000186	grad_000186_01	positive	aliquot	true	true	true	9396	grad_000186	true	5250	grad_000186_01		false					false	blocked	missing_aliquot_sample_container
105	20261003_Mazz_Sample_grad_000243_01	20261003_Mazz_Sample_grad_000243_01	sample	B9	grad_000243	grad_000243_01	positive	aliquot	true	true	true	9367	grad_000243	true	5190	grad_000243_01		false					false	blocked	missing_aliquot_sample_container
106	20261003_Mazz_Sample_grad_000467_01	20261003_Mazz_Sample_grad_000467_01	sample	B10	grad_000467	grad_000467_01	positive	aliquot	true	true	true	10375	grad_000467	true	5453	grad_000467_01		false					false	blocked	missing_aliquot_sample_container
107	20261003_Mazz_Sample_grad_000403_01	20261003_Mazz_Sample_grad_000403_01	sample	B11	grad_000403	grad_000403_01	positive	aliquot	true	true	true	10488	grad_000403	true	5427	grad_000403_01		false					false	blocked	missing_aliquot_sample_container
108	20261003_Mazz_Sample_grad_000490_01	20261003_Mazz_Sample_grad_000490_01	sample	C1	grad_000490	grad_000490_01	positive	aliquot	true	true	true	9084	grad_000490	true	5098	grad_000490_01		false					false	blocked	missing_aliquot_sample_container
109	20261003_Mazz_Sample_grad_000233_01	20261003_Mazz_Sample_grad_000233_01	sample	C2	grad_000233	grad_000233_01	positive	aliquot	true	true	true	9075	grad_000233	true	5106	grad_000233_01		false					false	blocked	missing_aliquot_sample_container
110	20261003_Mazz_Sample_grad_000239_01	20261003_Mazz_Sample_grad_000239_01	sample	C3	grad_000239	grad_000239_01	positive	aliquot	true	true	true	9357	grad_000239	true	5202	grad_000239_01		false					false	blocked	missing_aliquot_sample_container
111	20261003_Mazz_Sample_grad_000242_01	20261003_Mazz_Sample_grad_000242_01	sample	C4	grad_000242	grad_000242_01	positive	aliquot	true	true	true	9390	grad_000242	true	5244	grad_000242_01		false					false	blocked	missing_aliquot_sample_container
112	20261003_Mazz_Sample_grad_000437_01	20261003_Mazz_Sample_grad_000437_01	sample	C6	grad_000437	grad_000437_01	positive	aliquot	true	true	true	9085	grad_000437	true	5094	grad_000437_01		false					false	blocked	missing_aliquot_sample_container
113	20261003_Mazz_Sample_grad_000200_01	20261003_Mazz_Sample_grad_000200_01	sample	C7	grad_000200	grad_000200_01	positive	aliquot	true	true	true	9364	grad_000200	true	5193	grad_000200_01		false					false	blocked	missing_aliquot_sample_container
114	20261003_Mazz_Sample_grad_000339_01	20261003_Mazz_Sample_grad_000339_01	sample	C8	grad_000339	grad_000339_01	positive	aliquot	true	true	true	9517	grad_000339	true	5118	grad_000339_01		false					false	blocked	missing_aliquot_sample_container
115	20261003_Mazz_Sample_grad_000393_01	20261003_Mazz_Sample_grad_000393_01	sample	C9	grad_000393	grad_000393_01	positive	aliquot	true	true	true	9912	grad_000393	true	5373	grad_000393_01		false					false	blocked	missing_aliquot_sample_container
116	20261003_Mazz_Sample_grad_000104_01	20261003_Mazz_Sample_grad_000104_01	sample	C10	grad_000104	grad_000104_01	positive	aliquot	true	true	true	10354	grad_000104	true	5398	grad_000104_01		false					false	blocked	missing_aliquot_sample_container
117	20261003_Mazz_Sample_grad_000545_01	20261003_Mazz_Sample_grad_000545_01	sample	C11	grad_000545	grad_000545_01	positive	aliquot	true	true	true	10491	grad_000545	true	5429	grad_000545_01		false					false	blocked	missing_aliquot_sample_container
118	20261003_Mazz_Sample_grad_000184_01	20261003_Mazz_Sample_grad_000184_01	sample	C12	grad_000184	grad_000184_01	positive	aliquot	true	true	true	9844	grad_000184	true	5286	grad_000184_01		false					false	blocked	missing_aliquot_sample_container
119	20261003_Mazz_Sample_grad_000271_01	20261003_Mazz_Sample_grad_000271_01	sample	D1	grad_000271	grad_000271_01	positive	aliquot	true	true	true	9903	grad_000271	true	5382	grad_000271_01		false					false	blocked	missing_aliquot_sample_container
120	20261003_Mazz_Sample_grad_000029_01	20261003_Mazz_Sample_grad_000029_01	sample	D2	grad_000029	grad_000029_01	positive	aliquot	true	true	true	10418	grad_000029	true	5438	grad_000029_01		false					false	blocked	missing_aliquot_sample_container
121	20261003_Mazz_Sample_grad_000486_01	20261003_Mazz_Sample_grad_000486_01	sample	D3	grad_000486	grad_000486_01	positive	aliquot	true	true	true	9081	grad_000486	true	5101	grad_000486_01		false					false	blocked	missing_aliquot_sample_container
122	20261003_Mazz_Sample_grad_000102_01	20261003_Mazz_Sample_grad_000102_01	sample	D4	grad_000102	grad_000102_01	positive	aliquot	true	true	true	10414	grad_000102	true	5441	grad_000102_01		false					false	blocked	missing_aliquot_sample_container
123	20261003_Mazz_Sample_grad_000344_01	20261003_Mazz_Sample_grad_000344_01	sample	D5	grad_000344	grad_000344_01	positive	aliquot	true	true	true	10495	grad_000344	true	5420	grad_000344_01		false					false	blocked	missing_aliquot_sample_container
124	20261003_Mazz_Sample_grad_000558_01	20261003_Mazz_Sample_grad_000558_01	sample	D6	grad_000558	grad_000558_01	positive	aliquot	true	true	true	10486	grad_000558	true	5431	grad_000558_01		false					false	blocked	missing_aliquot_sample_container
125	20261003_Mazz_Sample_grad_000267_01	20261003_Mazz_Sample_grad_000267_01	sample	D7	grad_000267	grad_000267_01	positive	aliquot	true	true	true	10413	grad_000267	true	5443	grad_000267_01		false					false	blocked	missing_aliquot_sample_container
126	20261003_Mazz_Sample_grad_000130_01	20261003_Mazz_Sample_grad_000130_01	sample	D8	grad_000130	grad_000130_01	positive	aliquot	true	true	true	10490	grad_000130	true	5426	grad_000130_01		false					false	blocked	missing_aliquot_sample_container
127	20261003_Mazz_Sample_grad_000056_01	20261003_Mazz_Sample_grad_000056_01	sample	D9	grad_000056	grad_000056_01	positive	aliquot	true	true	true	10485	grad_000056	true	5430	grad_000056_01		false					false	blocked	missing_aliquot_sample_container
128	20261003_Mazz_Sample_grad_000303_01	20261003_Mazz_Sample_grad_000303_01	sample	D10	grad_000303	grad_000303_01	positive	aliquot	true	true	true	10420	grad_000303	true	5436	grad_000303_01		false					false	blocked	missing_aliquot_sample_container
129	20261003_Mazz_Sample_grad_000404_01	20261003_Mazz_Sample_grad_000404_01	sample	D11	grad_000404	grad_000404_01	positive	aliquot	true	true	true	9845	grad_000404	true	5287	grad_000404_01		false					false	blocked	missing_aliquot_sample_container
130	20261003_Mazz_Sample_grad_000113_01	20261003_Mazz_Sample_grad_000113_01	sample	D12	grad_000113	grad_000113_01	positive	aliquot	true	true	true	10419	grad_000113	true	5437	grad_000113_01		false					false	blocked	missing_aliquot_sample_container
131	20261003_Mazz_Sample_grad_000161_01	20261003_Mazz_Sample_grad_000161_01	sample	E1	grad_000161	grad_000161_01	positive	aliquot	true	true	true	9352	grad_000161	true	5205	grad_000161_01		false					false	blocked	missing_aliquot_sample_container
132	20261003_Mazz_Sample_grad_000422_01	20261003_Mazz_Sample_grad_000422_01	sample	E3	grad_000422	grad_000422_01	positive	aliquot	true	true	true	9077	grad_000422	true	5104	grad_000422_01		false					false	blocked	missing_aliquot_sample_container
133	20261003_Mazz_Sample_grad_000500_01	20261003_Mazz_Sample_grad_000500_01	sample	E4	grad_000500	grad_000500_01	positive	aliquot	true	true	true	9530	grad_000500	true	5084	grad_000500_01		false					false	blocked	missing_aliquot_sample_container
134	20261003_Mazz_Sample_grad_000535_01	20261003_Mazz_Sample_grad_000535_01	sample	E5	grad_000535	grad_000535_01	positive	aliquot	true	true	true	9544	grad_000535	true	5073	grad_000535_01		false					false	blocked	missing_aliquot_sample_container
135	20261003_Mazz_Sample_grad_000074_01	20261003_Mazz_Sample_grad_000074_01	sample	E6	grad_000074	grad_000074_01	positive	aliquot	true	true	true	9908	grad_000074	true	5379	grad_000074_01		false					false	blocked	missing_aliquot_sample_container
136	20261003_Mazz_Sample_grad_000037_01	20261003_Mazz_Sample_grad_000037_01	sample	E7	grad_000037	grad_000037_01	positive	aliquot	true	true	true	9878	grad_000037	true	5362	grad_000037_01		false					false	blocked	missing_aliquot_sample_container
137	20261003_Mazz_Sample_grad_000279_01	20261003_Mazz_Sample_grad_000279_01	sample	E8	grad_000279	grad_000279_01	positive	aliquot	true	true	true	10156	grad_000279	true	5369	grad_000279_01		false					false	blocked	missing_aliquot_sample_container
138	20261003_Mazz_Sample_grad_000281_01	20261003_Mazz_Sample_grad_000281_01	sample	E9	grad_000281	grad_000281_01	positive	aliquot	true	true	true	10235	grad_000281	true	5340	grad_000281_01		false					false	blocked	missing_aliquot_sample_container
139	20261003_Mazz_Sample_grad_000059_01	20261003_Mazz_Sample_grad_000059_01	sample	E10	grad_000059	grad_000059_01	positive	aliquot	true	true	true	10377	grad_000059	true	5452	grad_000059_01		false					false	blocked	missing_aliquot_sample_container
140	20261003_Mazz_Sample_grad_000231_01	20261003_Mazz_Sample_grad_000231_01	sample	E11	grad_000231	grad_000231_01	positive	aliquot	true	true	true	10237	grad_000231	true	5339	grad_000231_01		false					false	blocked	missing_aliquot_sample_container
141	20261003_Mazz_Sample_grad_000276_01	20261003_Mazz_Sample_grad_000276_01	sample	E12	grad_000276	grad_000276_01	positive	aliquot	true	true	true	9435	grad_000276	true	5137	grad_000276_01		false					false	blocked	missing_aliquot_sample_container
142	20261003_Mazz_Sample_grad_000215_01	20261003_Mazz_Sample_grad_000215_01	sample	F1	grad_000215	grad_000215_01	positive	aliquot	true	true	true	9355	grad_000215	true	5203	grad_000215_01		false					false	blocked	missing_aliquot_sample_container
143	20261003_Mazz_Sample_grad_000076_01	20261003_Mazz_Sample_grad_000076_01	sample	F2	grad_000076	grad_000076_01	positive	aliquot	true	true	true	9559	grad_000076	true	5233	grad_000076_01		false					false	blocked	missing_aliquot_sample_container
144	20261003_Mazz_Sample_grad_000141_01	20261003_Mazz_Sample_grad_000141_01	sample	F3	grad_000141	grad_000141_01	positive	aliquot	true	true	true	9386	grad_000141	true	5173	grad_000141_01		false					false	blocked	missing_aliquot_sample_container
145	20261003_Mazz_Sample_grad_000446_01	20261003_Mazz_Sample_grad_000446_01	sample	F4	grad_000446	grad_000446_01	positive	aliquot	true	true	true	9082	grad_000446	true	5096	grad_000446_01		false					false	blocked	missing_aliquot_sample_container
146	20261003_Mazz_Sample_grad_000328_01	20261003_Mazz_Sample_grad_000328_01	sample	F5	grad_000328	grad_000328_01	positive	aliquot	true	true	true	9547	grad_000328	true	5070	grad_000328_01		false					false	blocked	missing_aliquot_sample_container
147	20261003_Mazz_Sample_grad_000397_01	20261003_Mazz_Sample_grad_000397_01	sample	F6	grad_000397	grad_000397_01	positive	aliquot	true	true	true	9546	grad_000397	true	5069	grad_000397_01		false					false	blocked	missing_aliquot_sample_container
148	20261003_Mazz_Sample_grad_000058_01	20261003_Mazz_Sample_grad_000058_01	sample	F7	grad_000058	grad_000058_01	positive	aliquot	true	true	true	9529	grad_000058	true	5088	grad_000058_01		false					false	blocked	missing_aliquot_sample_container
149	20261003_Mazz_Sample_grad_000139_01	20261003_Mazz_Sample_grad_000139_01	sample	F8	grad_000139	grad_000139_01	positive	aliquot	true	true	true	9549	grad_000139	true	5243	grad_000139_01		false					false	blocked	missing_aliquot_sample_container
150	20261003_Mazz_Sample_grad_000462_01	20261003_Mazz_Sample_grad_000462_01	sample	F9	grad_000462	grad_000462_01	positive	aliquot	true	true	true	10369	grad_000462	true	5319	grad_000462_01		false					false	blocked	missing_aliquot_sample_container
151	20261003_Mazz_Sample_grad_000517_01	20261003_Mazz_Sample_grad_000517_01	sample	F10	grad_000517	grad_000517_01	positive	aliquot	true	true	true	9074	grad_000517	true	5107	grad_000517_01		false					false	blocked	missing_aliquot_sample_container
152	20261003_Mazz_Sample_grad_000003_01	20261003_Mazz_Sample_grad_000003_01	sample	F11	grad_000003	grad_000003_01	positive	aliquot	true	true	true	9395	grad_000003	true	5252	grad_000003_01		false					false	blocked	missing_aliquot_sample_container
153	20261003_Mazz_Sample_grad_000438_01	20261003_Mazz_Sample_grad_000438_01	sample	F12	grad_000438	grad_000438_01	positive	aliquot	true	true	true	9829	grad_000438	true	5271	grad_000438_01		false					false	blocked	missing_aliquot_sample_container
154	20261003_Mazz_Sample_grad_000315_01	20261003_Mazz_Sample_grad_000315_01	sample	G1	grad_000315	grad_000315_01	positive	aliquot	true	true	true	9914	grad_000315	true	5375	grad_000315_01		false					false	blocked	missing_aliquot_sample_container
155	20261003_Mazz_Sample_grad_000451_01	20261003_Mazz_Sample_grad_000451_01	sample	G2	grad_000451	grad_000451_01	positive	aliquot	true	true	true	9879	grad_000451	true	5357	grad_000451_01		false					false	blocked	missing_aliquot_sample_container
156	20261003_Mazz_Sample_grad_000307_01	20261003_Mazz_Sample_grad_000307_01	sample	G3	grad_000307	grad_000307_01	positive	aliquot	true	true	true	10273	grad_000307	true	5399	grad_000307_01		false					false	blocked	missing_aliquot_sample_container
157	20261003_Mazz_Sample_grad_000455_01	20261003_Mazz_Sample_grad_000455_01	sample	G4	grad_000455	grad_000455_01	positive	aliquot	true	true	true	10236	grad_000455	true	5338	grad_000455_01		false					false	blocked	missing_aliquot_sample_container
158	20261003_Mazz_Sample_grad_000089_01	20261003_Mazz_Sample_grad_000089_01	sample	G5	grad_000089	grad_000089_01	positive	aliquot	true	true	true	10371	grad_000089	true	5316	grad_000089_01		false					false	blocked	missing_aliquot_sample_container
159	20261003_Mazz_Sample_grad_000002_01	20261003_Mazz_Sample_grad_000002_01	sample	G6	grad_000002	grad_000002_01	positive	aliquot	true	true	true	9432	grad_000002	true	5140	grad_000002_01		false					false	blocked	missing_aliquot_sample_container
160	20261003_Mazz_Sample_grad_000075_01	20261003_Mazz_Sample_grad_000075_01	sample	G7	grad_000075	grad_000075_01	positive	aliquot	true	true	true	9534	grad_000075	true	5081	grad_000075_01		false					false	blocked	missing_aliquot_sample_container
161	20261003_Mazz_Sample_grad_000343_01	20261003_Mazz_Sample_grad_000343_01	sample	G8	grad_000343	grad_000343_01	positive	aliquot	true	true	true	9400	grad_000343	true	5256	grad_000343_01		false					false	blocked	missing_aliquot_sample_container
162	20261003_Mazz_Sample_grad_000377_01	20261003_Mazz_Sample_grad_000377_01	sample	G9	grad_000377	grad_000377_01	positive	aliquot	true	true	true	9506	grad_000377	true	5133	grad_000377_01		false					false	blocked	missing_aliquot_sample_container
163	20261003_Mazz_Sample_grad_000080_01	20261003_Mazz_Sample_grad_000080_01	sample	G10	grad_000080	grad_000080_01	positive	aliquot	true	true	true	9532	grad_000080	true	5085	grad_000080_01		false					false	blocked	missing_aliquot_sample_container
164	20261003_Mazz_Sample_grad_000513_01	20261003_Mazz_Sample_grad_000513_01	sample	G11	grad_000513	grad_000513_01	positive	aliquot	true	true	true	9538	grad_000513	true	5079	grad_000513_01		false					false	blocked	missing_aliquot_sample_container
165	20261003_Mazz_Sample_grad_000347_01	20261003_Mazz_Sample_grad_000347_01	sample	G12	grad_000347	grad_000347_01	positive	aliquot	true	true	true	9567	grad_000347	true	5225	grad_000347_01		false					false	blocked	missing_aliquot_sample_container
166	20261003_Mazz_Sample_grad_000323_01	20261003_Mazz_Sample_grad_000323_01	sample	H2	grad_000323	grad_000323_01	positive	aliquot	true	true	true	9573	grad_000323	true	5265	grad_000323_01		false					false	blocked	missing_aliquot_sample_container
167	20261003_Mazz_Sample_grad_000635_01	20261003_Mazz_Sample_grad_000635_01	sample	H3	grad_000635	grad_000635_01	positive	aliquot	true	true	true	9863	grad_000635	true	5303	grad_000635_01		false					false	blocked	missing_aliquot_sample_container
168	20261003_Mazz_Sample_grad_000530_01	20261003_Mazz_Sample_grad_000530_01	sample	H4	grad_000530	grad_000530_01	positive	aliquot	true	true	true	9828	grad_000530	true	5270	grad_000530_01		false					false	blocked	missing_aliquot_sample_container
169	20261003_Mazz_Sample_grad_000376_01	20261003_Mazz_Sample_grad_000376_01	sample	H5	grad_000376	grad_000376_01	positive	aliquot	true	true	true	9572	grad_000376	true	5220	grad_000376_01		false					false	blocked	missing_aliquot_sample_container
170	20261003_Mazz_Sample_grad_000496_01	20261003_Mazz_Sample_grad_000496_01	sample	H6	grad_000496	grad_000496_01	positive	aliquot	true	true	true	9393	grad_000496	true	5248	grad_000496_01		false					false	blocked	missing_aliquot_sample_container
171	20261003_Mazz_Sample_grad_000338_01	20261003_Mazz_Sample_grad_000338_01	sample	H7	grad_000338	grad_000338_01	positive	aliquot	true	true	true	9389	grad_000338	true	5245	grad_000338_01		false					false	blocked	missing_aliquot_sample_container
172	20261003_Mazz_Sample_grad_000406_01	20261003_Mazz_Sample_grad_000406_01	sample	H8	grad_000406	grad_000406_01	positive	aliquot	true	true	true	9391	grad_000406	true	5247	grad_000406_01		false					false	blocked	missing_aliquot_sample_container
173	20261003_Mazz_Sample_grad_000015_01	20261003_Mazz_Sample_grad_000015_01	sample	H9	grad_000015	grad_000015_01	positive	aliquot	true	true	true	9526	grad_000015	true	5092	grad_000015_01		false					false	blocked	missing_aliquot_sample_container
174	20261003_Mazz_Sample_grad_000337_01	20261003_Mazz_Sample_grad_000337_01	sample	H10	grad_000337	grad_000337_01	positive	aliquot	true	true	true	9551	grad_000337	true	5241	grad_000337_01		false					false	blocked	missing_aliquot_sample_container
175	20261003_Mazz_Sample_grad_000304_01	20261003_Mazz_Sample_grad_000304_01	sample	H11	grad_000304	grad_000304_01	positive	aliquot	true	true	true	9388	grad_000304	true	5246	grad_000304_01		false					false	blocked	missing_aliquot_sample_container
176	20261003_Mazz_Sample_grad_000105_01	20261003_Mazz_Sample_grad_000105_01	sample	H12	grad_000105	grad_000105_01	positive	aliquot	true	true	true	9522	grad_000105	true	5095	grad_000105_01		false					false	blocked	missing_aliquot_sample_container
177	20261103_Mazz_Sample_grad_000027_01	20261103_Mazz_Sample_grad_000027_01	sample	A2	grad_000027	grad_000027_01	positive	aliquot	true	true	true	10364	grad_000027	true	5326	grad_000027_01		false					false	blocked	missing_aliquot_sample_container
178	20261103_Mazz_Sample_grad_000359_01	20261103_Mazz_Sample_grad_000359_01	sample	A3	grad_000359	grad_000359_01	positive	aliquot	true	true	true	9556	grad_000359	true	5236	grad_000359_01		false					false	blocked	missing_aliquot_sample_container
179	20261103_Mazz_Sample_grad_000407_01	20261103_Mazz_Sample_grad_000407_01	sample	A4	grad_000407	grad_000407_01	positive	aliquot	true	true	true	9861	grad_000407	true	5301	grad_000407_01		false					false	blocked	missing_aliquot_sample_container
180	20261103_Mazz_Sample_grad_000278_01	20261103_Mazz_Sample_grad_000278_01	sample	A5	grad_000278	grad_000278_01	positive	aliquot	true	true	true	9857	grad_000278	true	5307	grad_000278_01		false					false	blocked	missing_aliquot_sample_container
181	20261103_Mazz_Sample_grad_000322_01	20261103_Mazz_Sample_grad_000322_01	sample	A6	grad_000322	grad_000322_01	positive	aliquot	true	true	true	9406	grad_000322	true	5263	grad_000322_01		false					false	blocked	missing_aliquot_sample_container
182	20261103_Mazz_Sample_grad_000326_01	20261103_Mazz_Sample_grad_000326_01	sample	A8	grad_000326	grad_000326_01	positive	aliquot	true	true	true	9565	grad_000326	true	5227	grad_000326_01		false					false	blocked	missing_aliquot_sample_container
183	20261103_Mazz_Sample_grad_000454_01	20261103_Mazz_Sample_grad_000454_01	sample	A9	grad_000454	grad_000454_01	positive	aliquot	true	true	true	10551	grad_000454	true	5393	grad_000454_01		false					false	blocked	missing_aliquot_sample_container
184	20261103_Mazz_Sample_grad_000016_01	20261103_Mazz_Sample_grad_000016_01	sample	A10	grad_000016	grad_000016_01	positive	aliquot	true	true	true	9528	grad_000016	true	5087	grad_000016_01		false					false	blocked	missing_aliquot_sample_container
185	20261103_Mazz_Sample_grad_000421_01	20261103_Mazz_Sample_grad_000421_01	sample	A11	grad_000421	grad_000421_01	positive	aliquot	true	true	true	9070	grad_000421	true	5109	grad_000421_01		false					false	blocked	missing_aliquot_sample_container
186	20261103_Mazz_Sample_grad_000324_01	20261103_Mazz_Sample_grad_000324_01	sample	A12	grad_000324	grad_000324_01	positive	aliquot	true	true	true	9561	grad_000324	true	5231	grad_000324_01		false					false	blocked	missing_aliquot_sample_container
187	20261103_Mazz_Sample_grad_000528_01	20261103_Mazz_Sample_grad_000528_01	sample	B1	grad_000528	grad_000528_01	positive	aliquot	true	true	true	9541	grad_000528	true	5075	grad_000528_01		false					false	blocked	missing_aliquot_sample_container
188	20261103_Mazz_Sample_grad_000378_01	20261103_Mazz_Sample_grad_000378_01	sample	B2	grad_000378	grad_000378_01	positive	aliquot	true	true	true	9548	grad_000378	true	5071	grad_000378_01		false					false	blocked	missing_aliquot_sample_container
189	20261103_Mazz_Sample_grad_000288_01	20261103_Mazz_Sample_grad_000288_01	sample	B3	grad_000288	grad_000288_01	positive	aliquot	true	true	true	9889	grad_000288	true	5348	grad_000288_01		false					false	blocked	missing_aliquot_sample_container
190	20261103_Mazz_Sample_grad_000210_01	20261103_Mazz_Sample_grad_000210_01	sample	B4	grad_000210	grad_000210_01	positive	aliquot	true	true	true	9897	grad_000210	true	5391	grad_000210_01		false					false	blocked	missing_aliquot_sample_container
191	20261103_Mazz_Sample_grad_000244_01	20261103_Mazz_Sample_grad_000244_01	sample	B5	grad_000244	grad_000244_01	positive	aliquot	true	true	false			false				false					false	blocked	missing_dried_material;missing_extraction_sample_container;missing_aliquot_sample_container
192	20261103_Mazz_Sample_grad_000553_01	20261103_Mazz_Sample_grad_000553_01	sample	B6	grad_000553	grad_000553_01	positive	aliquot	true	true	true	9895	grad_000553	true	5342	grad_000553_01		false					false	blocked	missing_aliquot_sample_container
193	20261103_Mazz_Sample_grad_000482_01	20261103_Mazz_Sample_grad_000482_01	sample	B7	grad_000482	grad_000482_01	positive	aliquot	true	true	true	10363	grad_000482	true	5327	grad_000482_01		false					false	blocked	missing_aliquot_sample_container
194	20261103_Mazz_Sample_grad_000555_01	20261103_Mazz_Sample_grad_000555_01	sample	B8	grad_000555	grad_000555_01	positive	aliquot	true	true	false			false				false					false	blocked	missing_dried_material;missing_extraction_sample_container;missing_aliquot_sample_container
195	20261103_Mazz_Sample_grad_000370_02	20261103_Mazz_Sample_grad_000370_02	sample	B9	grad_000370	grad_000370_02	positive	aliquot	true	true	true	9905	grad_000370	true	5384	grad_000370_01		false					false	blocked	missing_aliquot_sample_container
196	20261103_Mazz_Sample_grad_000571_01	20261103_Mazz_Sample_grad_000571_01	sample	B10	grad_000571	grad_000571_01	positive	aliquot	true	true	true	9893	grad_000571	true	5346	grad_000571_01		false					false	blocked	missing_aliquot_sample_container
197	20261103_Mazz_Sample_grad_000559_01	20261103_Mazz_Sample_grad_000559_01	sample	B11	grad_000559	grad_000559_01	positive	aliquot	true	true	true	9841	grad_000559	true	5283	grad_000559_01		false					false	blocked	missing_aliquot_sample_container
198	20261103_Mazz_Sample_grad_000280_01	20261103_Mazz_Sample_grad_000280_01	sample	B12	grad_000280	grad_000280_01	positive	aliquot	true	true	true	9840	grad_000280	true	5280	grad_000280_01		false					false	blocked	missing_aliquot_sample_container
199	20261103_Mazz_Sample_grad_000196_01	20261103_Mazz_Sample_grad_000196_01	sample	C1	grad_000196	grad_000196_01	positive	aliquot	true	true	false			false				false					false	blocked	missing_dried_material;missing_extraction_sample_container;missing_aliquot_sample_container
200	20261103_Mazz_Sample_grad_000093_01	20261103_Mazz_Sample_grad_000093_01	sample	C2	grad_000093	grad_000093_01	positive	aliquot	true	true	true	9907	grad_000093	true	5380	grad_000093_01		false					false	blocked	missing_aliquot_sample_container
201	20261103_Mazz_Sample_grad_000277_01	20261103_Mazz_Sample_grad_000277_01	sample	C3	grad_000277	grad_000277_01	positive	aliquot	true	true	true	9833	grad_000277	true	5275	grad_000277_01		false					false	blocked	missing_aliquot_sample_container
202	20261103_Mazz_Sample_grad_000052_01	20261103_Mazz_Sample_grad_000052_01	sample	C4	grad_000052	grad_000052_01	positive	aliquot	true	true	true	9886	grad_000052	true	5351	grad_000052_01		false					false	blocked	missing_aliquot_sample_container
203	20261103_Mazz_Sample_grad_000516_01	20261103_Mazz_Sample_grad_000516_01	sample	C5	grad_000516	grad_000516_01	positive	aliquot	true	true	true	9869	grad_000516	true	5297	grad_000516_01		false					false	blocked	missing_aliquot_sample_container
204	20261103_Mazz_Sample_grad_000077_01	20261103_Mazz_Sample_grad_000077_01	sample	C6	grad_000077	grad_000077_01	positive	aliquot	true	true	true	9832	grad_000077	true	5274	grad_000077_01		false					false	blocked	missing_aliquot_sample_container
205	20261103_Mazz_Sample_grad_000487_01	20261103_Mazz_Sample_grad_000487_01	sample	C7	grad_000487	grad_000487_01	positive	aliquot	true	true	true	10360	grad_000487	true	5328	grad_000487_01		false					false	blocked	missing_aliquot_sample_container
206	20261103_Mazz_Sample_grad_000025_01	20261103_Mazz_Sample_grad_000025_01	sample	C8	grad_000025	grad_000025_01	positive	aliquot	true	true	true	9867	grad_000025	true	5295	grad_000025_01		false					false	blocked	missing_aliquot_sample_container
207	20261103_Mazz_Sample_grad_000356_01	20261103_Mazz_Sample_grad_000356_01	sample	C9	grad_000356	grad_000356_01	positive	aliquot	true	true	true	9875	grad_000356	true	5363	grad_000356_01		false					false	blocked	missing_aliquot_sample_container
208	20261103_Mazz_Sample_grad_000188_01	20261103_Mazz_Sample_grad_000188_01	sample	C10	grad_000188	grad_000188_01	positive	aliquot	true	true	true	10361	grad_000188	true	5331	grad_000188_01		false					false	blocked	missing_aliquot_sample_container
209	20261103_Mazz_Sample_grad_000100_01	20261103_Mazz_Sample_grad_000100_01	sample	C11	grad_000100	grad_000100_01	positive	aliquot	true	true	true	10359	grad_000100	true	5392	grad_000100_01		false					false	blocked	missing_aliquot_sample_container
210	20261103_Mazz_Sample_grad_000282_01	20261103_Mazz_Sample_grad_000282_01	sample	C12	grad_000282	grad_000282_01	positive	aliquot	true	true	true	10233	grad_000282	true	5370	grad_000282_01		false					false	blocked	missing_aliquot_sample_container
211	20261103_Mazz_Sample_grad_000302_01	20261103_Mazz_Sample_grad_000302_01	sample	D1	grad_000302	grad_000302_01	positive	aliquot	true	true	true	10362	grad_000302	true	5325	grad_000302_01		false					false	blocked	missing_aliquot_sample_container
212	20261103_Mazz_Sample_grad_000079_01	20261103_Mazz_Sample_grad_000079_01	sample	D2	grad_000079	grad_000079_01	positive	aliquot	true	true	true	9910	grad_000079	true	5377	grad_000079_01		false					false	blocked	missing_aliquot_sample_container
213	20261103_Mazz_Sample_grad_000308_01	20261103_Mazz_Sample_grad_000308_01	sample	D3	grad_000308	grad_000308_01	positive	aliquot	true	true	true	9888	grad_000308	true	5347	grad_000308_01		false					false	blocked	missing_aliquot_sample_container
214	20261103_Mazz_Sample_grad_000146_01	20261103_Mazz_Sample_grad_000146_01	sample	D4	grad_000146	grad_000146_01	positive	aliquot	true	true	true	10357	grad_000146	true	5396	grad_000146_01		false					false	blocked	missing_aliquot_sample_container
215	20261103_Mazz_Sample_grad_000523_01	20261103_Mazz_Sample_grad_000523_01	sample	D5	grad_000523	grad_000523_01	positive	aliquot	true	true	true	9884	grad_000523	true	5356	grad_000523_01		false					false	blocked	missing_aliquot_sample_container
216	20261103_Mazz_Sample_grad_000286_01	20261103_Mazz_Sample_grad_000286_01	sample	D6	grad_000286	grad_000286_01	positive	aliquot	true	true	true	10366	grad_000286	true	5323	grad_000286_01		false					false	blocked	missing_aliquot_sample_container
217	20261103_Mazz_Sample_grad_000289_01	20261103_Mazz_Sample_grad_000289_01	sample	D7	grad_000289	grad_000289_01	positive	aliquot	true	true	true	9900	grad_000289	true	5387	grad_000289_01		false					false	blocked	missing_aliquot_sample_container
218	20261103_Mazz_Sample_grad_000394_01	20261103_Mazz_Sample_grad_000394_01	sample	D8	grad_000394	grad_000394_01	positive	aliquot	true	true	true	9877	grad_000394	true	5361	grad_000394_01		false					false	blocked	missing_aliquot_sample_container
219	20261103_Mazz_Sample_grad_000087_01	20261103_Mazz_Sample_grad_000087_01	sample	D9	grad_000087	grad_000087_01	positive	aliquot	true	true	true	10372	grad_000087	true	5318	grad_000087_01		false					false	blocked	missing_aliquot_sample_container
220	20261103_Mazz_Sample_grad_000508_01	20261103_Mazz_Sample_grad_000508_01	sample	D10	grad_000508	grad_000508_01	positive	aliquot	true	true	true	9873	grad_000508	true	5365	grad_000508_01		false					false	blocked	missing_aliquot_sample_container
221	20261103_Mazz_Sample_grad_000090_01	20261103_Mazz_Sample_grad_000090_01	sample	D11	grad_000090	grad_000090_01	positive	aliquot	true	true	true	9851	grad_000090	true	5313	grad_000090_01		false					false	blocked	missing_aliquot_sample_container
222	20261103_Mazz_Sample_grad_000349_01	20261103_Mazz_Sample_grad_000349_01	sample	D12	grad_000349	grad_000349_01	positive	aliquot	true	true	true	9911	grad_000349	true	5378	grad_000349_01		false					false	blocked	missing_aliquot_sample_container
223	20261103_Mazz_Sample_grad_000264_01	20261103_Mazz_Sample_grad_000264_01	sample	E1	grad_000264	grad_000264_01	positive	aliquot	true	true	true	9855	grad_000264	true	5308	grad_000264_01		false					false	blocked	missing_aliquot_sample_container
224	20261103_Mazz_Sample_grad_000008_01	20261103_Mazz_Sample_grad_000008_01	sample	E2	grad_000008	grad_000008_01	positive	aliquot	true	true	true	9859	grad_000008	true	5305	grad_000008_01		false					false	blocked	missing_aliquot_sample_container
225	20261103_Mazz_Sample_grad_000426_01	20261103_Mazz_Sample_grad_000426_01	sample	E3	grad_000426	grad_000426_01	positive	aliquot	true	true	true	9850	grad_000426	true	5314	grad_000426_01		false					false	blocked	missing_aliquot_sample_container
226	20261103_Mazz_Sample_grad_000443_01	20261103_Mazz_Sample_grad_000443_01	sample	E4	grad_000443	grad_000443_01	positive	aliquot	true	true	true	9860	grad_000443	true	5306	grad_000443_01		false					false	blocked	missing_aliquot_sample_container
227	20261103_Mazz_Sample_grad_000298_01	20261103_Mazz_Sample_grad_000298_01	sample	E5	grad_000298	grad_000298_01	positive	aliquot	true	true	true	10155	grad_000298	true	5371	grad_000298_01		false					false	blocked	missing_aliquot_sample_container
228	20261103_Mazz_Sample_grad_000354_01	20261103_Mazz_Sample_grad_000354_01	sample	E6	grad_000354	grad_000354_01	positive	aliquot	true	true	true	10154	grad_000354	true	5372	grad_000354_01		false					false	blocked	missing_aliquot_sample_container
229	20261103_Mazz_Sample_grad_000514_01	20261103_Mazz_Sample_grad_000514_01	sample	E7	grad_000514	grad_000514_01	positive	aliquot	true	true	true	9899	grad_000514	true	5389	grad_000514_01		false					false	blocked	missing_aliquot_sample_container
230	20261103_Mazz_Sample_grad_000310_01	20261103_Mazz_Sample_grad_000310_01	sample	E8	grad_000310	grad_000310_01	positive	aliquot	true	true	true	9904	grad_000310	true	5383	grad_000310_01		false					false	blocked	missing_aliquot_sample_container
231	20261103_Mazz_Sample_grad_000385_01	20261103_Mazz_Sample_grad_000385_01	sample	E9	grad_000385	grad_000385_01	positive	aliquot	true	true	true	9880	grad_000385	true	5358	grad_000385_01		false					false	blocked	missing_aliquot_sample_container
232	20261103_Mazz_Sample_grad_000068_02	20261103_Mazz_Sample_grad_000068_02	sample	E10	grad_000068	grad_000068_02	positive	aliquot	true	true	true	9887	grad_000068	true	5352	grad_000068_01		false					false	blocked	missing_aliquot_sample_container
233	20261103_Mazz_Sample_grad_000032_01	20261103_Mazz_Sample_grad_000032_01	sample	E11	grad_000032	grad_000032_01	positive	aliquot	true	true	false			false				false					false	blocked	missing_dried_material;missing_extraction_sample_container;missing_aliquot_sample_container
234	20261103_Mazz_Sample_grad_000106_01	20261103_Mazz_Sample_grad_000106_01	sample	E12	grad_000106	grad_000106_01	positive	aliquot	true	true	true	9885	grad_000106	true	5350	grad_000106_01		false					false	blocked	missing_aliquot_sample_container
235	20261103_Mazz_Sample_grad_000274_01	20261103_Mazz_Sample_grad_000274_01	sample	F1	grad_000274	grad_000274_01	positive	aliquot	true	true	true	10370	grad_000274	true	5321	grad_000274_01		false					false	blocked	missing_aliquot_sample_container
236	20261103_Mazz_Sample_grad_000387_01	20261103_Mazz_Sample_grad_000387_01	sample	F2	grad_000387	grad_000387_01	positive	aliquot	true	true	true	10373	grad_000387	true	5317	grad_000387_01		false					false	blocked	missing_aliquot_sample_container
237	20261103_Mazz_Sample_grad_000470_01	20261103_Mazz_Sample_grad_000470_01	sample	F3	grad_000470	grad_000470_01	positive	aliquot	true	true	true	10356	grad_000470	true	5395	grad_000470_01		false					false	blocked	missing_aliquot_sample_container
238	20261103_Mazz_Sample_grad_000325_01	20261103_Mazz_Sample_grad_000325_01	sample	F4	grad_000325	grad_000325_01	positive	aliquot	true	true	true	9913	grad_000325	true	5374	grad_000325_01		false					false	blocked	missing_aliquot_sample_container
239	20261103_Mazz_Sample_grad_000507_01	20261103_Mazz_Sample_grad_000507_01	sample	F5	grad_000507	grad_000507_01	positive	aliquot	true	true	true	9894	grad_000507	true	5341	grad_000507_01		false					false	blocked	missing_aliquot_sample_container
240	20261103_Mazz_Sample_grad_000033_01	20261103_Mazz_Sample_grad_000033_01	sample	F6	grad_000033	grad_000033_01	positive	aliquot	true	true	true	10365	grad_000033	true	5324	grad_000033_01		false					false	blocked	missing_aliquot_sample_container
241	20261103_Mazz_Sample_grad_000043_01	20261103_Mazz_Sample_grad_000043_01	sample	F7	grad_000043	grad_000043_01	positive	aliquot	true	true	true	10242	grad_000043	true	5332	grad_000043_01		false					false	blocked	missing_aliquot_sample_container
242	20261103_Mazz_Sample_grad_000395_01	20261103_Mazz_Sample_grad_000395_01	sample	F8	grad_000395	grad_000395_01	positive	aliquot	true	true	true	9901	grad_000395	true	5386	grad_000395_01		false					false	blocked	missing_aliquot_sample_container
243	20261103_Mazz_Sample_grad_000408_01	20261103_Mazz_Sample_grad_000408_01	sample	F9	grad_000408	grad_000408_01	positive	aliquot	true	true	true	9848	grad_000408	true	5290	grad_000408_01		false					false	blocked	missing_aliquot_sample_container
244	20261103_Mazz_Sample_grad_000246_01	20261103_Mazz_Sample_grad_000246_01	sample	F10	grad_000246	grad_000246_01	positive	aliquot	true	true	true	10272	grad_000246	true	5403	grad_000246_01		false					false	blocked	missing_aliquot_sample_container
245	20261103_Mazz_Sample_grad_000405_01	20261103_Mazz_Sample_grad_000405_01	sample	F11	grad_000405	grad_000405_01	positive	aliquot	true	true	true	9847	grad_000405	true	5289	grad_000405_01		false					false	blocked	missing_aliquot_sample_container
246	20261103_Mazz_Sample_grad_000266_01	20261103_Mazz_Sample_grad_000266_01	sample	F12	grad_000266	grad_000266_01	positive	aliquot	true	true	true	10269	grad_000266	true	5402	grad_000266_01		false					false	blocked	missing_aliquot_sample_container
247	20261103_Mazz_Sample_grad_000305_01	20261103_Mazz_Sample_grad_000305_01	sample	G1	grad_000305	grad_000305_01	positive	aliquot	true	true	true	10257	grad_000305	true	5415	grad_000305_01		false					false	blocked	missing_aliquot_sample_container
248	20261103_Mazz_Sample_grad_000439_01	20261103_Mazz_Sample_grad_000439_01	sample	G2	grad_000439	grad_000439_01	positive	aliquot	true	true	true	9542	grad_000439	true	5074	grad_000439_01		false					false	blocked	missing_aliquot_sample_container
249	20261103_Mazz_Sample_grad_000372_01	20261103_Mazz_Sample_grad_000372_01	sample	G3	grad_000372	grad_000372_01	positive	aliquot	true	true	true	10496	grad_000372	true	5422	grad_000372_01		false					false	blocked	missing_aliquot_sample_container
250	20261103_Mazz_Sample_grad_000357_01	20261103_Mazz_Sample_grad_000357_01	sample	G4	grad_000357	grad_000357_01	positive	aliquot	true	true	true	9566	grad_000357	true	5228	grad_000357_01		false					false	blocked	missing_aliquot_sample_container
251	20261103_Mazz_Sample_grad_000005_01	20261103_Mazz_Sample_grad_000005_01	sample	G5	grad_000005	grad_000005_01	positive	aliquot	true	true	true	9394	grad_000005	true	5249	grad_000005_01		false					false	blocked	missing_aliquot_sample_container
252	20261103_Mazz_Sample_grad_000218_01	20261103_Mazz_Sample_grad_000218_01	sample	G6	grad_000218	grad_000218_01	positive	aliquot	true	true	true	9399	grad_000218	true	5255	grad_000218_01		false					false	blocked	missing_aliquot_sample_container
253	20261103_Mazz_Sample_grad_000313_01	20261103_Mazz_Sample_grad_000313_01	sample	G7	grad_000313	grad_000313_01	positive	aliquot	true	true	true	9407	grad_000313	true	5262	grad_000313_01		false					false	blocked	missing_aliquot_sample_container
254	20261103_Mazz_Sample_grad_000030_01	20261103_Mazz_Sample_grad_000030_01	sample	G8	grad_000030	grad_000030_01	positive	aliquot	true	true	true	9349	grad_000030	true	5208	grad_000030_01		false					false	blocked	missing_aliquot_sample_container
255	20261103_Mazz_Sample_grad_000241_01	20261103_Mazz_Sample_grad_000241_01	sample	G9	grad_000241	grad_000241_01	positive	aliquot	true	true	true	9363	grad_000241	true	5196	grad_000241_01		false					false	blocked	missing_aliquot_sample_container
256	20261103_Mazz_Sample_grad_000101_01	20261103_Mazz_Sample_grad_000101_01	sample	G10	grad_000101	grad_000101_01	positive	aliquot	true	true	true	9376	grad_000101	true	5180	grad_000101_01		false					false	blocked	missing_aliquot_sample_container
257	20261103_Mazz_Sample_grad_000321_01	20261103_Mazz_Sample_grad_000321_01	sample	G11	grad_000321	grad_000321_01	positive	aliquot	true	true	true	9562	grad_000321	true	5230	grad_000321_01		false					false	blocked	missing_aliquot_sample_container
258	20261103_Mazz_Sample_grad_000350_01	20261103_Mazz_Sample_grad_000350_01	sample	G12	grad_000350	grad_000350_01	positive	aliquot	true	true	true	9507	grad_000350	true	5134	grad_000350_01		false					false	blocked	missing_aliquot_sample_container
259	20261103_Mazz_Sample_grad_000481_01	20261103_Mazz_Sample_grad_000481_01	sample	H1	grad_000481	grad_000481_01	positive	aliquot	true	true	true	9060	grad_000481	true	5117	grad_000481_01		false					false	blocked	missing_aliquot_sample_container
260	20261103_Mazz_Sample_grad_000327_01	20261103_Mazz_Sample_grad_000327_01	sample	H2	grad_000327	grad_000327_01	positive	aliquot	true	true	true	9404	grad_000327	true	5260	grad_000327_01		false					false	blocked	missing_aliquot_sample_container
261	20261103_Mazz_Sample_grad_000314_01	20261103_Mazz_Sample_grad_000314_01	sample	H3	grad_000314	grad_000314_01	positive	aliquot	true	true	true	9511	grad_000314	true	5124	grad_000314_01		false					false	blocked	missing_aliquot_sample_container
262	20261103_Mazz_Sample_grad_000529_01	20261103_Mazz_Sample_grad_000529_01	sample	H4	grad_000529	grad_000529_01	positive	aliquot	true	true	true	9068	grad_000529	true	5113	grad_000529_01		false					false	blocked	missing_aliquot_sample_container
263	20261103_Mazz_Sample_grad_000045_01	20261103_Mazz_Sample_grad_000045_01	sample	H5	grad_000045	grad_000045_01	positive	aliquot	true	true	true	9372	grad_000045	true	5189	grad_000045_01		false					false	blocked	missing_aliquot_sample_container
264	20261103_Mazz_Sample_grad_000436_01	20261103_Mazz_Sample_grad_000436_01	sample	H6	grad_000436	grad_000436_01	positive	aliquot	true	true	true	9079	grad_000436	true	5099	grad_000436_01		false					false	blocked	missing_aliquot_sample_container
265	20261103_Mazz_Sample_grad_000341_01	20261103_Mazz_Sample_grad_000341_01	sample	H8	grad_000341	grad_000341_01	positive	aliquot	true	true	true	9569	grad_000341	true	5223	grad_000341_01		false					false	blocked	missing_aliquot_sample_container
266	20261103_Mazz_Sample_grad_000312_01	20261103_Mazz_Sample_grad_000312_01	sample	H9	grad_000312	grad_000312_01	positive	aliquot	true	true	true	9570	grad_000312	true	5222	grad_000312_01		false					false	blocked	missing_aliquot_sample_container
267	20261103_Mazz_Sample_grad_000107_01	20261103_Mazz_Sample_grad_000107_01	sample	H10	grad_000107	grad_000107_01	positive	aliquot	true	true	true	9571	grad_000107	true	5221	grad_000107_01		false					false	blocked	missing_aliquot_sample_container
268	20261103_Mazz_Sample_grad_000306_01	20261103_Mazz_Sample_grad_000306_01	sample	H11	grad_000306	grad_000306_01	positive	aliquot	true	true	true	9410	grad_000306	true	5267	grad_000306_01		false					false	blocked	missing_aliquot_sample_container
269	20261103_Mazz_Sample_grad_000223_02	20261103_Mazz_Sample_grad_000223_02	sample	H12	grad_000223	grad_000223_02	positive	aliquot	true	true	true	9371	grad_000223	true	5187	grad_000223_01		false					false	blocked	missing_aliquot_sample_container
270	20261203_Mazz_Sample_grad_000342_01	20261203_Mazz_Sample_grad_000342_01	sample	A2	grad_000342	grad_000342_01	positive	aliquot	true	true	true	9555	grad_000342	true	5238	grad_000342_01		false					false	blocked	missing_aliquot_sample_container
271	20261203_Mazz_Sample_grad_000441_02	20261203_Mazz_Sample_grad_000441_02	sample	A3	grad_000441	grad_000441_02	positive	aliquot	true	true	true	9076	grad_000441	true	5102	grad_000441_01		false					false	blocked	missing_aliquot_sample_container
272	20261203_Mazz_Sample_grad_000329_01	20261203_Mazz_Sample_grad_000329_01	sample	A4	grad_000329	grad_000329_01	positive	aliquot	true	true	true	9560	grad_000329	true	5232	grad_000329_01		false					false	blocked	missing_aliquot_sample_container
273	20261203_Mazz_Sample_grad_000248_01	20261203_Mazz_Sample_grad_000248_01	sample	A6	grad_000248	grad_000248_01	positive	aliquot	true	true	true	9384	grad_000248	true	5174	grad_000248_01		false					false	blocked	missing_aliquot_sample_container
274	20261203_Mazz_Sample_grad_000041_01	20261203_Mazz_Sample_grad_000041_01	sample	A7	grad_000041	grad_000041_01	positive	aliquot	true	true	true	9403	grad_000041	true	5259	grad_000041_01		false					false	blocked	missing_aliquot_sample_container
275	20261203_Mazz_Sample_grad_000190_01	20261203_Mazz_Sample_grad_000190_01	sample	A8	grad_000190	grad_000190_01	positive	aliquot	true	true	true	10243	grad_000190	true	5333	grad_000190_01		false					false	blocked	missing_aliquot_sample_container
276	20261203_Mazz_Sample_grad_000560_01	20261203_Mazz_Sample_grad_000560_01	sample	A9	grad_000560	grad_000560_01	positive	aliquot	true	true	true	9864	grad_000560	true	5298	grad_000560_01		false					false	blocked	missing_aliquot_sample_container
277	20261203_Mazz_Sample_grad_000148_01	20261203_Mazz_Sample_grad_000148_01	sample	A10	grad_000148	grad_000148_01	positive	aliquot	true	true	true	10265	grad_000148	true	5406	grad_000148_01		false					false	blocked	missing_aliquot_sample_container
278	20261203_Mazz_Sample_grad_000317_01	20261203_Mazz_Sample_grad_000317_01	sample	A11	grad_000317	grad_000317_01	positive	aliquot	true	true	true	9408	grad_000317	true	5264	grad_000317_01		false					false	blocked	missing_aliquot_sample_container
279	20261203_Mazz_Sample_grad_000365_01	20261203_Mazz_Sample_grad_000365_01	sample	A12	grad_000365	grad_000365_01	positive	aliquot	true	true	true	9568	grad_000365	true	5224	grad_000365_01		false					false	blocked	missing_aliquot_sample_container
280	20261203_Mazz_Sample_grad_000238_01	20261203_Mazz_Sample_grad_000238_01	sample	B1	grad_000238	grad_000238_01	positive	aliquot	true	true	true	9366	grad_000238	true	5195	grad_000238_01		false					false	blocked	missing_aliquot_sample_container
281	20261203_Mazz_Sample_grad_000449_01	20261203_Mazz_Sample_grad_000449_01	sample	B2	grad_000449	grad_000449_01	positive	aliquot	true	true	true	9072	grad_000449	true	5111	grad_000449_01		false					false	blocked	missing_aliquot_sample_container
282	20261203_Mazz_Sample_grad_000149_01	20261203_Mazz_Sample_grad_000149_01	sample	B3	grad_000149	grad_000149_01	positive	aliquot	true	true	true	9341	grad_000149	true	5218	grad_000149_01		false					false	blocked	missing_aliquot_sample_container
283	20261203_Mazz_Sample_grad_000213_01	20261203_Mazz_Sample_grad_000213_01	sample	B4	grad_000213	grad_000213_01	positive	aliquot	true	true	true	9346	grad_000213	true	5211	grad_000213_01		false					false	blocked	missing_aliquot_sample_container
284	20261203_Mazz_Sample_grad_000191_01	20261203_Mazz_Sample_grad_000191_01	sample	B5	grad_000191	grad_000191_01	positive	aliquot	true	true	true	9382	grad_000191	true	5179	grad_000191_01		false					false	blocked	missing_aliquot_sample_container
285	20261203_Mazz_Sample_grad_000380_01	20261203_Mazz_Sample_grad_000380_01	sample	B7	grad_000380	grad_000380_01	positive	aliquot	true	true	true	9552	grad_000380	true	5240	grad_000380_01		false					false	blocked	missing_aliquot_sample_container
286	20261203_Mazz_Sample_grad_000221_01	20261203_Mazz_Sample_grad_000221_01	sample	B8	grad_000221	grad_000221_01	positive	aliquot	true	true	true	9858	grad_000221	true	5304	grad_000221_01		false					false	blocked	missing_aliquot_sample_container
287	20261203_Mazz_Sample_grad_000024_01	20261203_Mazz_Sample_grad_000024_01	sample	B9	grad_000024	grad_000024_01	positive	aliquot	true	true	true	9882	grad_000024	true	5354	grad_000024_01		false					false	blocked	missing_aliquot_sample_container
288	20261203_Mazz_Sample_grad_000540_01	20261203_Mazz_Sample_grad_000540_01	sample	B10	grad_000540	grad_000540_01	positive	aliquot	true	true	false			false				false					false	blocked	missing_dried_material;missing_extraction_sample_container;missing_aliquot_sample_container
289	20261203_Mazz_Sample_grad_000268_01	20261203_Mazz_Sample_grad_000268_01	sample	B11	grad_000268	grad_000268_01	positive	aliquot	true	true	true	10152	grad_000268	true	6602	grad_000268_01		false					false	blocked	missing_aliquot_sample_container
290	20261203_Mazz_Sample_grad_000179_01	20261203_Mazz_Sample_grad_000179_01	sample	B12	grad_000179	grad_000179_01	positive	aliquot	true	true	true	10447	grad_000179	true	6536	grad_000179_01		false					false	blocked	missing_aliquot_sample_container
291	20261203_Mazz_Sample_grad_000072_01	20261203_Mazz_Sample_grad_000072_01	sample	C1	grad_000072	grad_000072_01	positive	aliquot	true	true	true	10450	grad_000072	true	6539	grad_000072_01		false					false	blocked	missing_aliquot_sample_container
292	20261203_Mazz_Sample_grad_000522_01	20261203_Mazz_Sample_grad_000522_01	sample	C2	grad_000522	grad_000522_01	positive	aliquot	true	true	true	10376	grad_000522	true	5454	grad_000522_01		false					false	blocked	missing_aliquot_sample_container
293	20261203_Mazz_Sample_grad_000245_01	20261203_Mazz_Sample_grad_000245_01	sample	C3	grad_000245	grad_000245_01	positive	aliquot	true	true	true	10159	grad_000245	true	5368	grad_000245_01		false					false	blocked	missing_aliquot_sample_container
294	20261203_Mazz_Sample_grad_000209_01	20261203_Mazz_Sample_grad_000209_01	sample	C4	grad_000209	grad_000209_01	positive	aliquot	true	true	true	10479	grad_000209	true	6617	grad_000209_01		false					false	blocked	missing_aliquot_sample_container
295	20261203_Mazz_Sample_grad_000173_01	20261203_Mazz_Sample_grad_000173_01	sample	C5	grad_000173	grad_000173_01	positive	aliquot	true	true	true	10468	grad_000173	true	6581	grad_000173_01		false					false	blocked	missing_aliquot_sample_container
296	20261203_Mazz_Sample_grad_000095_01	20261203_Mazz_Sample_grad_000095_01	sample	C6	grad_000095	grad_000095_01	positive	aliquot	true	true	true	9839	grad_000095	true	5281	grad_000095_01		false					false	blocked	missing_aliquot_sample_container
297	20261203_Mazz_Sample_grad_000292_01	20261203_Mazz_Sample_grad_000292_01	sample	C7	grad_000292	grad_000292_01	positive	aliquot	true	true	false			false				false					false	blocked	missing_dried_material;missing_extraction_sample_container;missing_aliquot_sample_container
298	20261203_Mazz_Sample_grad_000028_01	20261203_Mazz_Sample_grad_000028_01	sample	C8	grad_000028	grad_000028_01	positive	aliquot	true	true	false			false				false					false	blocked	missing_dried_material;missing_extraction_sample_container;missing_aliquot_sample_container
299	20261203_Mazz_Sample_grad_000103_01	20261203_Mazz_Sample_grad_000103_01	sample	C9	grad_000103	grad_000103_01	positive	aliquot	true	true	false			false				false					false	blocked	missing_dried_material;missing_extraction_sample_container;missing_aliquot_sample_container
300	20261203_Mazz_Sample_grad_000127_01	20261203_Mazz_Sample_grad_000127_01	sample	C10	grad_000127	grad_000127_01	positive	aliquot	true	true	true	9354	grad_000127	true	5207	grad_000127_01		false					false	blocked	missing_aliquot_sample_container
301	20261203_Mazz_Sample_grad_000520_01	20261203_Mazz_Sample_grad_000520_01	sample	C11	grad_000520	grad_000520_01	positive	aliquot	true	true	true	10238	grad_000520	true	5337	grad_000520_01		false					false	blocked	missing_aliquot_sample_container
302	20261203_Mazz_Sample_grad_000057_01	20261203_Mazz_Sample_grad_000057_01	sample	C12	grad_000057	grad_000057_01	positive	aliquot	true	true	true	10489	grad_000057	true	5428	grad_000057_01		false					false	blocked	missing_aliquot_sample_container
303	20261203_Mazz_Sample_grad_000461_01	20261203_Mazz_Sample_grad_000461_01	sample	D1	grad_000461	grad_000461_01	positive	aliquot	true	true	true	10367	grad_000461	true	5322	grad_000461_01		false					false	blocked	missing_aliquot_sample_container
304	20261203_Mazz_Sample_grad_000249_01	20261203_Mazz_Sample_grad_000249_01	sample	D2	grad_000249	grad_000249_01	positive	aliquot	true	true	true	10244	grad_000249	true	5334	grad_000249_01		false					false	blocked	missing_aliquot_sample_container
305	20261203_Mazz_Sample_grad_000300_01	20261203_Mazz_Sample_grad_000300_01	sample	D4	grad_000300	grad_000300_01	positive	aliquot	true	true	true	10146	grad_000300	true	6599	grad_000300_01		false					false	blocked	missing_aliquot_sample_container
306	20261203_Mazz_Sample_grad_000458_01	20261203_Mazz_Sample_grad_000458_01	sample	D5	grad_000458	grad_000458_01	positive	aliquot	true	true	true	9078	grad_000458	true	5105	grad_000458_01		false					false	blocked	missing_aliquot_sample_container
307	20261203_Mazz_Sample_grad_000299_02	20261203_Mazz_Sample_grad_000299_02	sample	D7	grad_000299	grad_000299_02	positive	aliquot	true	true	true	9385	grad_000299	true	5171	grad_000299_01		false					false	blocked	missing_aliquot_sample_container
308	20261203_Mazz_Sample_grad_000165_01	20261203_Mazz_Sample_grad_000165_01	sample	D8	grad_000165	grad_000165_01	positive	aliquot	true	true	true	9340	grad_000165	true	5219	grad_000165_01		false					false	blocked	missing_aliquot_sample_container
309	20261203_Mazz_Sample_grad_000240_01	20261203_Mazz_Sample_grad_000240_01	sample	D9	grad_000240	grad_000240_01	positive	aliquot	true	true	true	9358	grad_000240	true	5200	grad_000240_01		false					false	blocked	missing_aliquot_sample_container
310	20261203_Mazz_Sample_grad_000212_01	20261203_Mazz_Sample_grad_000212_01	sample	D11	grad_000212	grad_000212_01	positive	aliquot	true	true	true	9356	grad_000212	true	5204	grad_000212_01		false					false	blocked	missing_aliquot_sample_container
311	20261203_Mazz_Sample_grad_000194_01	20261203_Mazz_Sample_grad_000194_01	sample	D12	grad_000194	grad_000194_01	positive	aliquot	true	true	true	9351	grad_000194	true	5210	grad_000194_01		false					false	blocked	missing_aliquot_sample_container
312	20261203_Mazz_Sample_grad_000352_01	20261203_Mazz_Sample_grad_000352_01	sample	E1	grad_000352	grad_000352_01	positive	aliquot	true	true	true	10465	grad_000352	true	6574	grad_000352_01		false					false	blocked	missing_aliquot_sample_container
313	20261203_Mazz_Sample_grad_000177_01	20261203_Mazz_Sample_grad_000177_01	sample	E2	grad_000177	grad_000177_01	positive	aliquot	true	true	true	10457	grad_000177	true	6561	grad_000177_01		false					false	blocked	missing_aliquot_sample_container
314	20261203_Mazz_Sample_grad_000168_01	20261203_Mazz_Sample_grad_000168_01	sample	E3	grad_000168	grad_000168_01	positive	aliquot	true	true	true	10472	grad_000168	true	6611	grad_000168_01		false					false	blocked	missing_aliquot_sample_container
315	20261203_Mazz_Sample_grad_000363_02	20261203_Mazz_Sample_grad_000363_02	sample	E4	grad_000363	grad_000363_02	positive	aliquot	true	true	true	9508	grad_000363	true	5129	grad_000363_01		false					false	blocked	missing_aliquot_sample_container
316	20261203_Mazz_Sample_grad_000042_01	20261203_Mazz_Sample_grad_000042_01	sample	E5	grad_000042	grad_000042_01	positive	aliquot	true	true	true	9373	grad_000042	true	5185	grad_000042_01		false					false	blocked	missing_aliquot_sample_container
317	20261203_Mazz_Sample_grad_000435_01	20261203_Mazz_Sample_grad_000435_01	sample	E6	grad_000435	grad_000435_01	positive	aliquot	true	true	true	10449	grad_000435	true	6537	grad_000435_01		false					false	blocked	missing_aliquot_sample_container
318	20261203_Mazz_Sample_grad_000119_01	20261203_Mazz_Sample_grad_000119_01	sample	E7	grad_000119	grad_000119_01	positive	aliquot	true	true	true	9513	grad_000119	true	5126	grad_000119_01		false					false	blocked	missing_aliquot_sample_container
319	20261203_Mazz_Sample_grad_000115_01	20261203_Mazz_Sample_grad_000115_01	sample	E8	grad_000115	grad_000115_01	positive	aliquot	true	true	true	9362	grad_000115	true	5198	grad_000115_01		false					false	blocked	missing_aliquot_sample_container
320	20261203_Mazz_Sample_grad_000293_01	20261203_Mazz_Sample_grad_000293_01	sample	E9	grad_000293	grad_000293_01	positive	aliquot	true	true	true	9360	grad_000293	true	5199	grad_000293_01		false					false	blocked	missing_aliquot_sample_container
321	20261203_Mazz_Sample_grad_000366_01	20261203_Mazz_Sample_grad_000366_01	sample	E10	grad_000366	grad_000366_01	positive	aliquot	true	true	true	9909	grad_000366	true	5376	grad_000366_01		false					false	blocked	missing_aliquot_sample_container
322	20261203_Mazz_Sample_grad_000114_01	20261203_Mazz_Sample_grad_000114_01	sample	E11	grad_000114	grad_000114_01	positive	aliquot	true	true	true	9342	grad_000114	true	5217	grad_000114_01		false					false	blocked	missing_aliquot_sample_container
323	20261203_Mazz_Sample_grad_000020_01	20261203_Mazz_Sample_grad_000020_01	sample	E12	grad_000020	grad_000020_01	positive	aliquot	true	true	true	9430	grad_000020	true	5142	grad_000020_01		false					false	blocked	missing_aliquot_sample_container
324	20261203_Mazz_Sample_grad_000402_01	20261203_Mazz_Sample_grad_000402_01	sample	F1	grad_000402	grad_000402_01	positive	aliquot	true	true	true	9348	grad_000402	true	5212	grad_000402_01		false					false	blocked	missing_aliquot_sample_container
325	20261203_Mazz_Sample_grad_000227_01	20261203_Mazz_Sample_grad_000227_01	sample	F2	grad_000227	grad_000227_01	positive	aliquot	true	true	true	10463	grad_000227	true	6569	grad_000227_01		false					false	blocked	missing_aliquot_sample_container
326	20261203_Mazz_Sample_grad_000019_01	20261203_Mazz_Sample_grad_000019_01	sample	F3	grad_000019	grad_000019_01	positive	aliquot	true	true	true	9429	grad_000019	true	5143	grad_000019_01		false					false	blocked	missing_aliquot_sample_container
327	20261203_Mazz_Sample_grad_000504_01	20261203_Mazz_Sample_grad_000504_01	sample	F4	grad_000504	grad_000504_01	positive	aliquot	true	true	true	9826	grad_000504	true	5268	grad_000504_01		false					false	blocked	missing_aliquot_sample_container
328	20261203_Mazz_Sample_grad_000332_01	20261203_Mazz_Sample_grad_000332_01	sample	F5	grad_000332	grad_000332_01	positive	aliquot	true	true	true	9379	grad_000332	true	5177	grad_000332_01		false					false	blocked	missing_aliquot_sample_container
329	20261203_Mazz_Sample_grad_000195_01	20261203_Mazz_Sample_grad_000195_01	sample	F6	grad_000195	grad_000195_01	positive	aliquot	true	true	true	9369	grad_000195	true	5192	grad_000195_01		false					false	blocked	missing_aliquot_sample_container
330	20261203_Mazz_Sample_grad_000199_01	20261203_Mazz_Sample_grad_000199_01	sample	F7	grad_000199	grad_000199_01	positive	aliquot	true	true	true	10453	grad_000199	true	6563	grad_000199_01		false					false	blocked	missing_aliquot_sample_container
331	20261203_Mazz_Sample_grad_000510_01	20261203_Mazz_Sample_grad_000510_01	sample	F9	grad_000510	grad_000510_01	positive	aliquot	true	true	true	9365	grad_000510	true	5194	grad_000510_01		false					false	blocked	missing_aliquot_sample_container
332	20261203_Mazz_Sample_grad_000099_01	20261203_Mazz_Sample_grad_000099_01	sample	F10	grad_000099	grad_000099_01	positive	aliquot	true	true	true	10150	grad_000099	true	6587	grad_000099_01		false					false	blocked	missing_aliquot_sample_container
333	20261203_Mazz_Sample_grad_000134_01	20261203_Mazz_Sample_grad_000134_01	sample	F11	grad_000134	grad_000134_01	positive	aliquot	true	true	true	9515	grad_000134	true	5122	grad_000134_01		false					false	blocked	missing_aliquot_sample_container
334	20261203_Mazz_Sample_grad_000060_01	20261203_Mazz_Sample_grad_000060_01	sample	F12	grad_000060	grad_000060_01	positive	aliquot	true	true	true	9433	grad_000060	true	5139	grad_000060_01		false					false	blocked	missing_aliquot_sample_container
335	20261203_Mazz_Sample_grad_000492_01	20261203_Mazz_Sample_grad_000492_01	sample	G1	grad_000492	grad_000492_01	positive	aliquot	true	true	true	9834	grad_000492	true	5276	grad_000492_01		false					false	blocked	missing_aliquot_sample_container
336	20261203_Mazz_Sample_grad_000145_01	20261203_Mazz_Sample_grad_000145_01	sample	G3	grad_000145	grad_000145_01	positive	aliquot	true	true	true	10451	grad_000145	true	6540	grad_000145_01		false					false	blocked	missing_aliquot_sample_container
337	20261203_Mazz_Sample_grad_000362_01	20261203_Mazz_Sample_grad_000362_01	sample	G5	grad_000362	grad_000362_01	positive	aliquot	true	true	true	9514	grad_000362	true	5123	grad_000362_01		false					false	blocked	missing_aliquot_sample_container
338	20261203_Mazz_Sample_grad_000381_01	20261203_Mazz_Sample_grad_000381_01	sample	G6	grad_000381	grad_000381_01	positive	aliquot	true	true	true	9835	grad_000381	true	5277	grad_000381_01		false					false	blocked	missing_aliquot_sample_container
339	20261203_Mazz_Sample_grad_000360_02	20261203_Mazz_Sample_grad_000360_02	sample	G7	grad_000360	grad_000360_02	positive	aliquot	true	true	true	9509	grad_000360	true	5128	grad_000360_01		false					false	blocked	missing_aliquot_sample_container
340	20261203_Mazz_Sample_grad_000211_01	20261203_Mazz_Sample_grad_000211_01	sample	G8	grad_000211	grad_000211_01	positive	aliquot	true	true	true	9852	grad_000211	true	5311	grad_000211_01		false					false	blocked	missing_aliquot_sample_container
341	20261203_Mazz_Sample_grad_000167_01	20261203_Mazz_Sample_grad_000167_01	sample	G9	grad_000167	grad_000167_01	positive	aliquot	true	true	true	9518	grad_000167	true	5119	grad_000167_01		false					false	blocked	missing_aliquot_sample_container
342	20261203_Mazz_Sample_grad_000552_01	20261203_Mazz_Sample_grad_000552_01	sample	G10	grad_000552	grad_000552_01	positive	aliquot	true	true	true	9838	grad_000552	true	5282	grad_000552_01		false					false	blocked	missing_aliquot_sample_container
343	20261203_Mazz_Sample_grad_000450_01	20261203_Mazz_Sample_grad_000450_01	sample	G11	grad_000450	grad_000450_01	positive	aliquot	true	true	true	9061	grad_000450	true	5114	grad_000450_01		false					false	blocked	missing_aliquot_sample_container
344	20261203_Mazz_Sample_grad_000176_01	20261203_Mazz_Sample_grad_000176_01	sample	G12	grad_000176	grad_000176_01	positive	aliquot	true	true	true	10473	grad_000176	true	6613	grad_000176_01		false					false	blocked	missing_aliquot_sample_container
345	20261203_Mazz_Sample_grad_000150_01	20261203_Mazz_Sample_grad_000150_01	sample	H1	grad_000150	grad_000150_01	positive	aliquot	true	true	true	9344	grad_000150	true	5216	grad_000150_01		false					false	blocked	missing_aliquot_sample_container
346	20261203_Mazz_Sample_grad_000255_01	20261203_Mazz_Sample_grad_000255_01	sample	H2	grad_000255	grad_000255_01	positive	aliquot	true	true	true	9837	grad_000255	true	5279	grad_000255_01		false					false	blocked	missing_aliquot_sample_container
347	20261203_Mazz_Sample_grad_000216_01	20261203_Mazz_Sample_grad_000216_01	sample	H3	grad_000216	grad_000216_01	positive	aliquot	true	true	true	9353	grad_000216	true	5206	grad_000216_01		false					false	blocked	missing_aliquot_sample_container
348	20261203_Mazz_Sample_grad_000447_01	20261203_Mazz_Sample_grad_000447_01	sample	H4	grad_000447	grad_000447_01	positive	aliquot	true	true	true	9073	grad_000447	true	5108	grad_000447_01		false					false	blocked	missing_aliquot_sample_container
349	20261203_Mazz_Sample_grad_000007_01	20261203_Mazz_Sample_grad_000007_01	sample	H5	grad_000007	grad_000007_01	positive	aliquot	true	true	true	9374	grad_000007	true	5184	grad_000007_01		false					false	blocked	missing_aliquot_sample_container
350	20261203_Mazz_Sample_grad_000491_01	20261203_Mazz_Sample_grad_000491_01	sample	H6	grad_000491	grad_000491_01	positive	aliquot	true	true	true	9519	grad_000491	true	5120	grad_000491_01		false					false	blocked	missing_aliquot_sample_container
351	20261203_Mazz_Sample_grad_000518_01	20261203_Mazz_Sample_grad_000518_01	sample	H7	grad_000518	grad_000518_01	positive	aliquot	true	true	true	9868	grad_000518	true	5296	grad_000518_01		false					false	blocked	missing_aliquot_sample_container
352	20261203_Mazz_Sample_grad_000198_01	20261203_Mazz_Sample_grad_000198_01	sample	H8	grad_000198	grad_000198_01	positive	aliquot	true	true	true	9347	grad_000198	true	5213	grad_000198_01		false					false	blocked	missing_aliquot_sample_container
353	20261203_Mazz_Sample_grad_000129_01	20261203_Mazz_Sample_grad_000129_01	sample	H9	grad_000129	grad_000129_01	positive	aliquot	true	true	true	10368	grad_000129	true	5320	grad_000129_01		false					false	blocked	missing_aliquot_sample_container
354	20261203_Mazz_Sample_grad_000295_01	20261203_Mazz_Sample_grad_000295_01	sample	H10	grad_000295	grad_000295_01	positive	aliquot	true	true	true	10263	grad_000295	true	5408	grad_000295_01		false					false	blocked	missing_aliquot_sample_container
355	20261203_Mazz_Sample_grad_000203_01	20261203_Mazz_Sample_grad_000203_01	sample	H11	grad_000203	grad_000203_01	positive	aliquot	true	true	true	10466	grad_000203	true	6572	grad_000203_01		false					false	blocked	missing_aliquot_sample_container
356	20261203_Mazz_Sample_grad_000236_01	20261203_Mazz_Sample_grad_000236_01	sample	H12	grad_000236	grad_000236_01	positive	aliquot	true	true	true	10147	grad_000236	true	6601	grad_000236_01		false					false	blocked	missing_aliquot_sample_container
357	20261303_Mazz_Sample_grad_000201_01	20261303_Mazz_Sample_grad_000201_01	sample	A2	grad_000201	grad_000201_01	positive	aliquot	true	true	true	10462	grad_000201	true	6555	grad_000201_01		false					false	blocked	missing_aliquot_sample_container
358	20261303_Mazz_Sample_grad_000226_01	20261303_Mazz_Sample_grad_000226_01	sample	A3	grad_000226	grad_000226_01	positive	aliquot	true	true	true	10460	grad_000226	true	6556	grad_000226_01		false					false	blocked	missing_aliquot_sample_container
359	20261303_Mazz_Sample_grad_000273_01	20261303_Mazz_Sample_grad_000273_01	sample	A4	grad_000273	grad_000273_01	positive	aliquot	true	true	true	10470	grad_000273	true	6607	grad_000273_01		false					false	blocked	missing_aliquot_sample_container
360	20261303_Mazz_Sample_grad_000230_01	20261303_Mazz_Sample_grad_000230_01	sample	A5	grad_000230	grad_000230_01	positive	aliquot	true	true	true	10448	grad_000230	true	6538	grad_000230_01		false					false	blocked	missing_aliquot_sample_container
361	20261303_Mazz_Sample_grad_000185_01	20261303_Mazz_Sample_grad_000185_01	sample	A6	grad_000185	grad_000185_01	positive	aliquot	true	true	true	10153	grad_000185	true	6638	grad_000185_01		false					false	blocked	missing_aliquot_sample_container
362	20261303_Mazz_Sample_grad_000237_01	20261303_Mazz_Sample_grad_000237_01	sample	A7	grad_000237	grad_000237_01	positive	aliquot	true	true	true	10149	grad_000237	true	6597	grad_000237_01		false					false	blocked	missing_aliquot_sample_container
363	20261303_Mazz_Sample_grad_000189_01	20261303_Mazz_Sample_grad_000189_01	sample	A8	grad_000189	grad_000189_01	positive	aliquot	true	true	true	10458	grad_000189	true	6560	grad_000189_01		false					false	blocked	missing_aliquot_sample_container
364	20261303_Mazz_Sample_grad_000262_01	20261303_Mazz_Sample_grad_000262_01	sample	A9	grad_000262	grad_000262_01	positive	aliquot	true	true	true	10471	grad_000262	true	6615	grad_000262_01		false					false	blocked	missing_aliquot_sample_container
365	20261303_Mazz_Sample_grad_000202_01	20261303_Mazz_Sample_grad_000202_01	sample	A10	grad_000202	grad_000202_01	positive	aliquot	true	true	true	10480	grad_000202	true	6609	grad_000202_01		false					false	blocked	missing_aliquot_sample_container
366	20261303_Mazz_Sample_grad_000204_01	20261303_Mazz_Sample_grad_000204_01	sample	A11	grad_000204	grad_000204_01	positive	aliquot	true	true	true	10467	grad_000204	true	6579	grad_000204_01		false					false	blocked	missing_aliquot_sample_container
367	20261303_Mazz_Sample_grad_000351_01	20261303_Mazz_Sample_grad_000351_01	sample	A12	grad_000351	grad_000351_01	positive	aliquot	true	true	true	10475	grad_000351	true	6605	grad_000351_01		false					false	blocked	missing_aliquot_sample_container
368	20261303_Mazz_Sample_grad_000265_01	20261303_Mazz_Sample_grad_000265_01	sample	B1	grad_000265	grad_000265_01	positive	aliquot	true	true	true	10145	grad_000265	true	6594	grad_000265_01		false					false	blocked	missing_aliquot_sample_container
369	20261303_Mazz_Sample_grad_000178_01	20261303_Mazz_Sample_grad_000178_01	sample	B2	grad_000178	grad_000178_01	positive	aliquot	true	true	true	10477	grad_000178	true	6604	grad_000178_01		false					false	blocked	missing_aliquot_sample_container
370	20261303_Mazz_Sample_grad_000256_01	20261303_Mazz_Sample_grad_000256_01	sample	B3	grad_000256	grad_000256_01	positive	aliquot	true	true	true	10478	grad_000256	true	6606	grad_000256_01		false					false	blocked	missing_aliquot_sample_container
371	20261303_Mazz_Sample_grad_000254_01	20261303_Mazz_Sample_grad_000254_01	sample	B4	grad_000254	grad_000254_01	positive	aliquot	true	true	true	9872	grad_000254	true	5294	grad_000254_01		false					false	blocked	missing_aliquot_sample_container
372	20261303_Mazz_Sample_grad_000260_01	20261303_Mazz_Sample_grad_000260_01	sample	B5	grad_000260	grad_000260_01	positive	aliquot	true	true	true	10474	grad_000260	true	6603	grad_000260_01		false					false	blocked	missing_aliquot_sample_container
373	20261303_Mazz_Sample_grad_000214_01	20261303_Mazz_Sample_grad_000214_01	sample	B6	grad_000214	grad_000214_01	positive	aliquot	true	true	true	10464	grad_000214	true	6577	grad_000214_01		false					false	blocked	missing_aliquot_sample_container
374	20261303_Mazz_Sample_grad_000166_01	20261303_Mazz_Sample_grad_000166_01	sample	B7	grad_000166	grad_000166_01	positive	aliquot	true	true	true	10446	grad_000166	true	6535	grad_000166_01		false					false	blocked	missing_aliquot_sample_container
375	20261303_Mazz_Sample_grad_000143_01	20261303_Mazz_Sample_grad_000143_01	sample	B8	grad_000143	grad_000143_01	positive	aliquot	true	true	true	10484	grad_000143	true	5433	grad_000143_01		false					false	blocked	missing_aliquot_sample_container
376	20261303_Mazz_Sample_grad_000040_01	20261303_Mazz_Sample_grad_000040_01	sample	B9	grad_000040	grad_000040_01	positive	aliquot	true	true	true	9510	grad_000040	true	5127	grad_000040_01		false					false	blocked	missing_aliquot_sample_container
377	20261303_Mazz_Sample_grad_000259_01	20261303_Mazz_Sample_grad_000259_01	sample	B10	grad_000259	grad_000259_01	positive	aliquot	true	true	true	10481	grad_000259	true	6636	grad_000259_01		false					false	blocked	missing_aliquot_sample_container
378	20261303_Mazz_Sample_grad_000531_01	20261303_Mazz_Sample_grad_000531_01	sample	B11	grad_000531	grad_000531_01	positive	aliquot	true	true	true	9881	grad_000531	true	5359	grad_000531_01		false					false	blocked	missing_aliquot_sample_container
379	20261303_Mazz_Sample_grad_000228_01	20261303_Mazz_Sample_grad_000228_01	sample	B12	grad_000228	grad_000228_01	positive	aliquot	true	true	true	10461	grad_000228	true	6567	grad_000228_01		false					false	blocked	missing_aliquot_sample_container
380	20261303_Mazz_Sample_grad_000234_01	20261303_Mazz_Sample_grad_000234_01	sample	C1	grad_000234	grad_000234_01	positive	aliquot	true	true	true	10445	grad_000234	true	6534	grad_000234_01		false					false	blocked	missing_aliquot_sample_container
381	20261303_Mazz_Sample_grad_000291_01	20261303_Mazz_Sample_grad_000291_01	sample	C2	grad_000291	grad_000291_01	positive	aliquot	true	true	false			false				false					false	blocked	missing_dried_material;missing_extraction_sample_container;missing_aliquot_sample_container
382	20261303_Mazz_Sample_grad_000111_01	20261303_Mazz_Sample_grad_000111_01	sample	C4	grad_000111	grad_000111_01	positive	aliquot	true	true	true	10148	grad_000111	true	6592	grad_000111_01		false					false	blocked	missing_aliquot_sample_container
383	20261303_Mazz_Sample_grad_000429_01	20261303_Mazz_Sample_grad_000429_01	sample	C5	grad_000429	grad_000429_01	positive	aliquot	true	true	false			false				false					false	blocked	missing_dried_material;missing_extraction_sample_container;missing_aliquot_sample_container
384	20261303_Mazz_Sample_grad_000297_01	20261303_Mazz_Sample_grad_000297_01	sample	C6	grad_000297	grad_000297_01	positive	aliquot	true	true	true	10261	grad_000297	true	5411	grad_000297_01		false					false	blocked	missing_aliquot_sample_container
385	20261303_Mazz_Sample_grad_000283_01	20261303_Mazz_Sample_grad_000283_01	sample	C8	grad_000283	grad_000283_01	positive	aliquot	true	true	true	10151	grad_000283	true	6590	grad_000283_01		false					false	blocked	missing_aliquot_sample_container
386	20261303_Mazz_Sample_grad_000375_01	20261303_Mazz_Sample_grad_000375_01	sample	C9	grad_000375	grad_000375_01	positive	aliquot	true	true	true	9436	grad_000375	true	5136	grad_000375_01		false					false	blocked	missing_aliquot_sample_container
387	20261303_Mazz_Sample_grad_000272_01	20261303_Mazz_Sample_grad_000272_01	sample	C10	grad_000272	grad_000272_01	positive	aliquot	true	true	true	10469	grad_000272	true	6580	grad_000272_01		false					false	blocked	missing_aliquot_sample_container
388	20261303_Mazz_Sample_grad_000334_01	20261303_Mazz_Sample_grad_000334_01	sample	C11	grad_000334	grad_000334_01	positive	aliquot	true	true	true	9902	grad_000334	true	5388	grad_000334_01		false					false	blocked	missing_aliquot_sample_container
389	20261303_Mazz_Sample_grad_000353_01	20261303_Mazz_Sample_grad_000353_01	sample	C12	grad_000353	grad_000353_01	positive	aliquot	true	true	true	10459	grad_000353	true	6558	grad_000353_01		false					false	blocked	missing_aliquot_sample_container
390	20261303_Mazz_Sample_grad_000207_01	20261303_Mazz_Sample_grad_000207_01	sample	D1	grad_000207	grad_000207_01	positive	aliquot	true	true	true	10476	grad_000207	true	6620	grad_000207_01		false					false	blocked	missing_aliquot_sample_container
391	20261303_Mazz_Sample_grad_000023_01	20261303_Mazz_Sample_grad_000023_01	sample	D2	grad_000023	grad_000023_01	positive	aliquot	true	true	true	9883	grad_000023	true	5355	grad_000023_01		false					false	blocked	missing_aliquot_sample_container
392	20261303_Mazz_Sample_grad_000206_01	20261303_Mazz_Sample_grad_000206_01	sample	D3	grad_000206	grad_000206_01	positive	aliquot	true	true	true	9345	grad_000206	true	5214	grad_000206_01		false					false	blocked	missing_aliquot_sample_container
393	20261303_Mazz_Sample_grad_000224_01	20261303_Mazz_Sample_grad_000224_01	sample	D4	grad_000224	grad_000224_01	positive	aliquot	true	true	true	10444	grad_000224	true	6533	grad_000224_01		false					false	blocked	missing_aliquot_sample_container
394	20261303_Mazz_Sample_grad_000192_01	20261303_Mazz_Sample_grad_000192_01	sample	D5	grad_000192	grad_000192_01	positive	aliquot	true	true	true	9361	grad_000192	true	5197	grad_000192_01		false					false	blocked	missing_aliquot_sample_container
395	20261303_Mazz_Sample_grad_000235_01	20261303_Mazz_Sample_grad_000235_01	sample	D6	grad_000235	grad_000235_01	positive	aliquot	true	true	true	10240	grad_000235	true	5335	grad_000235_01		false					false	blocked	missing_aliquot_sample_container
396	20261303_Mazz_Sample_grad_000222_01	20261303_Mazz_Sample_grad_000222_01	sample	D7	grad_000222	grad_000222_01	positive	aliquot	true	true	true	10456	grad_000222	true	6565	grad_000222_01		false					false	blocked	missing_aliquot_sample_container
