container_ID,Filename
dbgi_003749_01_01,250402_ML_Metabo_DDA_dbgi_003749_01_01_nr8.mzML
dbgi_003336_01_01,250402_ML_Metabo_DDA_dbgi_003336_01_01_nr8.mzML
dbgi_003639_01_01,250402_ML_Metabo_DDA_dbgi_003639_01_01_nr8.mzML
dbgi_002037_01_01,250402_ML_Metabo_DDA_dbgi_002037_01_01_nr8.mzML
dbgi_002213_01_01,250402_ML_Metabo_DDA_dbgi_002213_01_01_nr8.mzML
dbgi_003803_01_01,250402_ML_Metabo_DDA_dbgi_003803_01_01_nr8.mzML
dbgi_003466_01_01,250402_ML_Metabo_DDA_dbgi_003466_01_01_nr8.mzML
dbgi_003578_01_01,250402_ML_Metabo_DDA_dbgi_003578_01_01_nr8.mzML
dbgi_002205_01_01,250402_ML_Metabo_DDA_dbgi_002205_01_01_nr8.mzML
dbgi_003711_01_01,250402_ML_Metabo_DDA_dbgi_003711_01_01_nr8.mzML
dbgi_003337_01_01,250402_ML_Metabo_DDA_dbgi_003337_01_01_nr8.mzML
dbgi_003406_01_01,250402_ML_Metabo_DDA_dbgi_003406_01_01_nr8.mzML
dbgi_003273_01_01,250402_ML_Metabo_DDA_dbgi_003273_01_01_nr8.mzML
dbgi_003519_01_01,250402_ML_Metabo_DDA_dbgi_003519_01_01_nr8.mzML
dbgi_003359_01_01,250402_ML_Metabo_DDA_dbgi_003359_01_01_nr8.mzML
dbgi_002050_01_01,250402_ML_Metabo_DDA_dbgi_002050_01_01_nr8.mzML
dbgi_003858_01_01,250402_ML_Metabo_DDA_dbgi_003858_01_01_nr8.mzML
dbgi_003295_01_01,250402_ML_Metabo_DDA_dbgi_003295_01_01_nr8.mzML
dbgi_002234_01_01,250402_ML_Metabo_DDA_dbgi_002234_01_01_nr8.mzML
dbgi_003291_01_01,250402_ML_Metabo_DDA_dbgi_003291_01_01_nr8.mzML
dbgi_003738_01_01,250402_ML_Metabo_DDA_dbgi_003738_01_01_nr8.mzML
dbgi_002025_01_01,250402_ML_Metabo_DDA_dbgi_002025_01_01_nr8.mzML
dbgi_007072_01_01,250402_ML_Metabo_DDA_dbgi_007072_01_01_nr8.mzML
dbgi_002158_01_01,250402_ML_Metabo_DDA_dbgi_002158_01_01_nr8.mzML
dbgi_002141_01_01,250402_ML_Metabo_DDA_dbgi_002141_01_01_nr8.mzML
dbgi_003644_01_01,250402_ML_Metabo_DDA_dbgi_003644_01_01_nr8.mzML
dbgi_003809_01_01,250402_ML_Metabo_DDA_dbgi_003809_01_01_nr8.mzML
dbgi_003518_01_01,250402_ML_Metabo_DDA_dbgi_003518_01_01_nr8.mzML
dbgi_003754_01_01,250402_ML_Metabo_DDA_dbgi_003754_01_01_nr8.mzML
dbgi_003744_01_01,250402_ML_Metabo_DDA_dbgi_003744_01_01_nr8.mzML
dbgi_003516_01_01,250402_ML_Metabo_DDA_dbgi_003516_01_01_nr8.mzML
dbgi_002032_01_01,250402_ML_Metabo_DDA_dbgi_002032_01_01_nr8.mzML
dbgi_003493_01_01,250402_ML_Metabo_DDA_dbgi_003493_01_01_nr8.mzML
dbgi_002040_01_01,250402_ML_Metabo_DDA_dbgi_002040_01_01_nr8.mzML
dbgi_003357_01_01,250402_ML_Metabo_DDA_dbgi_003357_01_01_nr8.mzML
dbgi_003259_01_01,250402_ML_Metabo_DDA_dbgi_003259_01_01_nr8.mzML
dbgi_003876_01_01,250402_ML_Metabo_DDA_dbgi_003876_01_01_nr8.mzML
dbgi_003410_01_01,250402_ML_Metabo_DDA_dbgi_003410_01_01_nr8.mzML
dbgi_002146_01_01,250402_ML_Metabo_DDA_dbgi_002146_01_01_nr8.mzML
dbgi_003424_01_01,250402_ML_Metabo_DDA_dbgi_003424_01_01_nr8.mzML
dbgi_003699_01_01,250402_ML_Metabo_DDA_dbgi_003699_01_01_nr8.mzML
dbgi_003365_01_01,250402_ML_Metabo_DDA_dbgi_003365_01_01_nr8.mzML
dbgi_003549_01_01,250402_ML_Metabo_DDA_dbgi_003549_01_01_nr8.mzML
dbgi_003412_01_01,250402_ML_Metabo_DDA_dbgi_003412_01_01_nr8.mzML
dbgi_002055_01_01,250402_ML_Metabo_DDA_dbgi_002055_01_01_nr8.mzML
dbgi_003792_01_01,250402_ML_Metabo_DDA_dbgi_003792_01_01_nr8.mzML
dbgi_002104_01_01,250402_ML_Metabo_DDA_dbgi_002104_01_01_nr8.mzML
dbgi_002152_01_01,250402_ML_Metabo_DDA_dbgi_002152_01_01_nr8.mzML
dbgi_003867_01_01,250402_ML_Metabo_DDA_dbgi_003867_01_01_nr8.mzML
dbgi_003747_01_01,250402_ML_Metabo_DDA_dbgi_003747_01_01_nr8.mzML
dbgi_003479_01_01,250402_ML_Metabo_DDA_dbgi_003479_01_01_nr8.mzML
dbgi_003548_01_01,250402_ML_Metabo_DDA_dbgi_003548_01_01_nr8.mzML
dbgi_002218_01_01,250402_ML_Metabo_DDA_dbgi_002218_01_01_nr8.mzML
dbgi_003494_01_01,250402_ML_Metabo_DDA_dbgi_003494_01_01_nr8.mzML
dbgi_003737_01_01,250402_ML_Metabo_DDA_dbgi_003737_01_01_nr8.mzML
dbgi_002149_01_01,250402_ML_Metabo_DDA_dbgi_002149_01_01_nr8.mzML
dbgi_003859_01_01,250402_ML_Metabo_DDA_dbgi_003859_01_01_nr8.mzML
dbgi_003363_01_01,250402_ML_Metabo_DDA_dbgi_003363_01_01_nr8.mzML
dbgi_003408_01_01,250402_ML_Metabo_DDA_dbgi_003408_01_01_nr8.mzML
dbgi_002157_01_01,250402_ML_Metabo_DDA_dbgi_002157_01_01_nr8.mzML
dbgi_002203_01_01,250402_ML_Metabo_DDA_dbgi_002203_01_01_nr8.mzML
dbgi_003650_01_01,250402_ML_Metabo_DDA_dbgi_003650_01_01_nr8.mzML
dbgi_003501_01_01,250402_ML_Metabo_DDA_dbgi_003501_01_01_nr8.mzML
dbgi_003814_01_01,250402_ML_Metabo_DDA_dbgi_003814_01_01_nr8.mzML
dbgi_003612_01_01,250402_ML_Metabo_DDA_dbgi_003612_01_01_nr8.mzML
dbgi_003852_01_01,250402_ML_Metabo_DDA_dbgi_003852_01_01_nr8.mzML
dbgi_003623_01_01,250402_ML_Metabo_DDA_dbgi_003623_01_01_nr8.mzML
dbgi_003328_01_01,250402_ML_Metabo_DDA_dbgi_003328_01_01_nr8.mzML
dbgi_003534_01_01,250402_ML_Metabo_DDA_dbgi_003534_01_01_nr8.mzML
dbgi_003944_01_01,250402_ML_Metabo_DDA_dbgi_003944_01_01_nr8.mzML
dbgi_003454_01_01,250402_ML_Metabo_DDA_dbgi_003454_01_01_nr8.mzML
dbgi_002065_01_01,250402_ML_Metabo_DDA_dbgi_002065_01_01_nr8.mzML
dbgi_003299_01_01,250402_ML_Metabo_DDA_dbgi_003299_01_01_nr8.mzML
dbgi_003284_01_01,250402_ML_Metabo_DDA_dbgi_003284_01_01_nr8.mzML
dbgi_003675_01_01,250402_ML_Metabo_DDA_dbgi_003675_01_01_nr8.mzML
dbgi_002097_01_01,250402_ML_Metabo_DDA_dbgi_002097_01_01_nr8.mzML
dbgi_003349_01_01,250402_ML_Metabo_DDA_dbgi_003349_01_01_nr8.mzML
dbgi_003448_01_01,250402_ML_Metabo_DDA_dbgi_003448_01_01_nr8.mzML
dbgi_002024_01_01,250403_ML_Metabo_DDA_dbgi_002024_01_01_nr8.mzML
dbgi_003262_01_01,250403_ML_Metabo_DDA_dbgi_003262_01_01_nr8.mzML
dbgi_003734_01_01,250403_ML_Metabo_DDA_dbgi_003734_01_01_nr8.mzML
dbgi_002099_01_01,250403_ML_Metabo_DDA_dbgi_002099_01_01_nr8.mzML
dbgi_002197_01_01,250403_ML_Metabo_DDA_dbgi_002197_01_01_nr8.mzML
dbgi_002004_01_01,250403_ML_Metabo_DDA_dbgi_002004_01_01_nr8.mzML
dbgi_003956_01_01,250403_ML_Metabo_DDA_dbgi_003956_01_01_nr8.mzML
dbgi_001953_01_01,250403_ML_Metabo_DDA_dbgi_001953_01_01_nr8.mzML
dbgi_003509_01_01,250403_ML_Metabo_DDA_dbgi_003509_01_01_nr8.mzML
dbgi_003670_01_01,250403_ML_Metabo_DDA_dbgi_003670_01_01_nr8.mzML
dbgi_007068_01_01,250403_ML_Metabo_DDA_dbgi_007068_01_01_nr8.mzML
dbgi_003290_01_01,250403_ML_Metabo_DDA_dbgi_003290_01_01_nr8.mzML
dbgi_007027_01_01,250403_ML_Metabo_DDA_dbgi_007027_01_01_nr8.mzML
dbgi_007107_01_01,250403_ML_Metabo_DDA_dbgi_007107_01_01_nr8.mzML
dbgi_003805_01_01,250403_ML_Metabo_DDA_dbgi_003805_01_01_nr8.mzML
dbgi_003369_01_01,250403_ML_Metabo_DDA_dbgi_003369_01_01_nr8.mzML
dbgi_003450_01_01,250403_ML_Metabo_DDA_dbgi_003450_01_01_nr8.mzML
dbgi_003437_01_01,250403_ML_Metabo_DDA_dbgi_003437_01_01_nr8.mzML
dbgi_002043_01_01,250403_ML_Metabo_DDA_dbgi_002043_01_01_nr8.mzML
dbgi_003735_01_01,250403_ML_Metabo_DDA_dbgi_003735_01_01_nr8.mzML
dbgi_001980_01_01,250403_ML_Metabo_DDA_dbgi_001980_01_01_nr8.mzML
dbgi_003683_01_01,250403_ML_Metabo_DDA_dbgi_003683_01_01_nr8.mzML
dbgi_002156_01_01,250403_ML_Metabo_DDA_dbgi_002156_01_01_nr8.mzML
dbgi_003390_01_01,250403_ML_Metabo_DDA_dbgi_003390_01_01_nr8.mzML
dbgi_002122_01_01,250403_ML_Metabo_DDA_dbgi_002122_01_01_nr8.mzML
dbgi_003351_01_01,250403_ML_Metabo_DDA_dbgi_003351_01_01_nr8.mzML
dbgi_001992_01_01,250403_ML_Metabo_DDA_dbgi_001992_01_01_nr8.mzML
dbgi_003785_01_01,250403_ML_Metabo_DDA_dbgi_003785_01_01_nr8.mzML
dbgi_003348_01_01,NA
dbgi_003405_01_01,250403_ML_Metabo_DDA_dbgi_003405_01_01_nr8.mzML
dbgi_003778_01_01,250403_ML_Metabo_DDA_dbgi_003778_01_01_nr8.mzML
dbgi_003381_01_01,250403_ML_Metabo_DDA_dbgi_003381_01_01_nr8.mzML
dbgi_002231_01_01,250403_ML_Metabo_DDA_dbgi_002231_01_01_nr8.mzML
dbgi_003342_01_01,250403_ML_Metabo_DDA_dbgi_003342_01_01_nr8.mzML
dbgi_003855_01_01,250403_ML_Metabo_DDA_dbgi_003855_01_01_nr8.mzML
dbgi_002117_01_01,250403_ML_Metabo_DDA_dbgi_002117_01_01_nr8.mzML
dbgi_003286_01_01,250403_ML_Metabo_DDA_dbgi_003286_01_01_nr8.mzML
dbgi_002151_01_01,250403_ML_Metabo_DDA_dbgi_002151_01_01_nr8.mzML
dbgi_003793_01_01,250403_ML_Metabo_DDA_dbgi_003793_01_01_nr8.mzML
dbgi_003781_02_01,250403_ML_Metabo_DDA_dbgi_003781_02_01_nr8.mzML
dbgi_003394_01_01,250403_ML_Metabo_DDA_dbgi_003394_01_01_nr8.mzML
dbgi_003361_01_01,250403_ML_Metabo_DDA_dbgi_003361_01_01_nr8.mzML
dbgi_003642_01_01,250403_ML_Metabo_DDA_dbgi_003642_01_01_nr8.mzML
dbgi_002208_01_01,250403_ML_Metabo_DDA_dbgi_002208_01_01_nr8.mzML
dbgi_002225_01_01,250403_ML_Metabo_DDA_dbgi_002225_01_01_nr8.mzML
dbgi_002142_01_01,250403_ML_Metabo_DDA_dbgi_002142_01_01_nr8.mzML
dbgi_003844_01_01,250403_ML_Metabo_DDA_dbgi_003844_01_01_nr8.mzML
dbgi_002137_01_01,250403_ML_Metabo_DDA_dbgi_002137_01_01_nr8.mzML
dbgi_001960_01_01,250403_ML_Metabo_DDA_dbgi_001960_01_01_nr8.mzML
dbgi_003380_01_01,250403_ML_Metabo_DDA_dbgi_003380_01_01_nr8.mzML
dbgi_003512_01_01,250403_ML_Metabo_DDA_dbgi_003512_01_01_nr8.mzML
dbgi_003579_01_01,250403_ML_Metabo_DDA_dbgi_003579_01_01_nr8.mzML
dbgi_002129_01_01,250403_ML_Metabo_DDA_dbgi_002129_01_01_nr8.mzML
dbgi_001963_02_01,250403_ML_Metabo_DDA_dbgi_001963_02_01_nr8.mzML
dbgi_003459_01_01,250403_ML_Metabo_DDA_dbgi_003459_01_01_nr8.mzML
dbgi_002086_01_01,250403_ML_Metabo_DDA_dbgi_002086_01_01_nr8.mzML
dbgi_002115_01_01,250403_ML_Metabo_DDA_dbgi_002115_01_01_nr8.mzML
dbgi_002018_01_01,250403_ML_Metabo_DDA_dbgi_002018_01_01_nr8.mzML
dbgi_003662_01_01,250403_ML_Metabo_DDA_dbgi_003662_01_01_nr8.mzML
dbgi_003428_01_01,250403_ML_Metabo_DDA_dbgi_003428_01_01_nr8.mzML
dbgi_003314_01_01,250403_ML_Metabo_DDA_dbgi_003314_01_01_nr8.mzML
dbgi_003656_01_01,250403_ML_Metabo_DDA_dbgi_003656_01_01_nr8.mzML
dbgi_003407_01_01,250403_ML_Metabo_DDA_dbgi_003407_01_01_nr8.mzML
dbgi_007026_01_01,250403_ML_Metabo_DDA_dbgi_007026_01_01_nr8.mzML
dbgi_003383_01_01,250403_ML_Metabo_DDA_dbgi_003383_01_01_nr8.mzML
dbgi_003478_01_01,250403_ML_Metabo_DDA_dbgi_003478_01_01_nr8.mzML
dbgi_003736_01_01,250403_ML_Metabo_DDA_dbgi_003736_01_01_nr8.mzML
dbgi_003377_01_01,250403_ML_Metabo_DDA_dbgi_003377_01_01_nr8.mzML
dbgi_003296_01_01,250403_ML_Metabo_DDA_dbgi_003296_01_01_nr8.mzML
dbgi_003562_01_01,250403_ML_Metabo_DDA_dbgi_003562_01_01_nr8.mzML
dbgi_001971_01_01,250403_ML_Metabo_DDA_dbgi_001971_01_01_nr8.mzML
dbgi_003340_02_01,250403_ML_Metabo_DDA_dbgi_003340_02_01_nr8.mzML
dbgi_003875_01_01,250403_ML_Metabo_DDA_dbgi_003875_01_01_nr8.mzML
dbgi_003462_01_01,250403_ML_Metabo_DDA_dbgi_003462_01_01_nr8.mzML
dbgi_002235_01_01,250403_ML_Metabo_DDA_dbgi_002235_01_01_nr8.mzML
dbgi_002009_01_01,250403_ML_Metabo_DDA_dbgi_002009_01_01_nr8.mzML
dbgi_002183_01_01,250403_ML_Metabo_DDA_dbgi_002183_01_01_nr8.mzML
dbgi_003525_01_01,250403_ML_Metabo_DDA_dbgi_003525_01_01_nr8.mzML
dbgi_003555_01_01,250404_ML_Metabo_DDA_dbgi_003555_01_01_nr8.mzML
dbgi_003838_01_01,250404_ML_Metabo_DDA_dbgi_003838_01_01_nr8.mzML
dbgi_007076_01_01,250404_ML_Metabo_DDA_dbgi_007076_01_01_nr8.mzML
dbgi_002222_01_01,250404_ML_Metabo_DDA_dbgi_002222_01_01_nr8.mzML
dbgi_003818_01_01,250404_ML_Metabo_DDA_dbgi_003818_01_01_nr8.mzML
dbgi_003582_01_01,250404_ML_Metabo_DDA_dbgi_003582_01_01_nr8.mzML
dbgi_003777_01_01,250404_ML_Metabo_DDA_dbgi_003777_01_01_nr8.mzML
dbgi_007094_01_01,250404_ML_Metabo_DDA_dbgi_007094_01_01_nr8.mzML
dbgi_003910_01_01,250404_ML_Metabo_DDA_dbgi_003910_01_01_nr8.mzML
dbgi_007020_01_01,250404_ML_Metabo_DDA_dbgi_007020_01_01_nr8.mzML
dbgi_003402_01_01,250404_ML_Metabo_DDA_dbgi_003402_01_01_nr8.mzML
dbgi_003758_01_01,250404_ML_Metabo_DDA_dbgi_003758_01_01_nr8.mzML
dbgi_002034_01_01,250404_ML_Metabo_DDA_dbgi_002034_01_01_nr8.mzML
dbgi_002138_01_01,250404_ML_Metabo_DDA_dbgi_002138_01_01_nr8.mzML
dbgi_003541_01_01,250404_ML_Metabo_DDA_dbgi_003541_01_01_nr8.mzML
dbgi_002007_01_01,250404_ML_Metabo_DDA_dbgi_002007_01_01_nr8.mzML
dbgi_003593_01_01,250404_ML_Metabo_DDA_dbgi_003593_01_01_nr8.mzML
dbgi_003710_01_01,250404_ML_Metabo_DDA_dbgi_003710_01_01_nr8.mzML
dbgi_003306_01_01,250404_ML_Metabo_DDA_dbgi_003306_01_01_nr8.mzML
dbgi_003636_01_01,250404_ML_Metabo_DDA_dbgi_003636_01_01_nr8.mzML
dbgi_001959_01_01,250404_ML_Metabo_DDA_dbgi_001959_01_01_nr8.mzML
dbgi_003506_01_01,250404_ML_Metabo_DDA_dbgi_003506_01_01_nr8.mzML
dbgi_003590_01_01,250404_ML_Metabo_DDA_dbgi_003590_01_01_nr8.mzML
dbgi_003606_01_01,250404_ML_Metabo_DDA_dbgi_003606_01_01_nr8.mzML
dbgi_003657_01_01,250404_ML_Metabo_DDA_dbgi_003657_01_01_nr8.mzML
dbgi_003364_01_01,250404_ML_Metabo_DDA_dbgi_003364_01_01_nr8.mzML
dbgi_003595_01_01,250404_ML_Metabo_DDA_dbgi_003595_01_01_nr8.mzML
dbgi_003603_01_01,250404_ML_Metabo_DDA_dbgi_003603_01_01_nr8.mzML
dbgi_003817_01_01,250404_ML_Metabo_DDA_dbgi_003817_01_01_nr8.mzML
dbgi_003451_01_01,250404_ML_Metabo_DDA_dbgi_003451_01_01_nr8.mzML
dbgi_002033_01_01,250404_ML_Metabo_DDA_dbgi_002033_01_01_nr8.mzML
dbgi_002161_01_01,250404_ML_Metabo_DDA_dbgi_002161_01_01_nr8.mzML
dbgi_001946_01_01,250404_ML_Metabo_DDA_dbgi_001946_01_01_nr8.mzML
dbgi_002046_01_01,250404_ML_Metabo_DDA_dbgi_002046_01_01_nr8.mzML
dbgi_003324_01_01,250404_ML_Metabo_DDA_dbgi_003324_01_01_nr8.mzML
dbgi_003343_01_01,250404_ML_Metabo_DDA_dbgi_003343_01_01_nr8.mzML
dbgi_003461_01_01,250404_ML_Metabo_DDA_dbgi_003461_01_01_nr8.mzML
dbgi_003498_01_01,250404_ML_Metabo_DDA_dbgi_003498_01_01_nr8.mzML
dbgi_003718_01_01,250404_ML_Metabo_DDA_dbgi_003718_01_01_nr8.mzML
dbgi_002039_01_01,250404_ML_Metabo_DDA_dbgi_002039_01_01_nr8.mzML
dbgi_002042_01_01,250404_ML_Metabo_DDA_dbgi_002042_01_01_nr8.mzML
dbgi_003633_01_01,250404_ML_Metabo_DDA_dbgi_003633_01_01_nr8.mzML
dbgi_002155_01_01,250404_ML_Metabo_DDA_dbgi_002155_01_01_nr8.mzML
dbgi_003697_01_01,250404_ML_Metabo_DDA_dbgi_003697_01_01_nr8.mzML
dbgi_003755_01_01,250404_ML_Metabo_DDA_dbgi_003755_01_01_nr8.mzML
dbgi_003637_01_01,250404_ML_Metabo_DDA_dbgi_003637_01_01_nr8.mzML
dbgi_003791_01_01,250404_ML_Metabo_DDA_dbgi_003791_01_01_nr8.mzML
dbgi_003279_01_01,250404_ML_Metabo_DDA_dbgi_003279_01_01_nr8.mzML
dbgi_003449_01_01,250404_ML_Metabo_DDA_dbgi_003449_01_01_nr8.mzML
dbgi_003266_01_01,250404_ML_Metabo_DDA_dbgi_003266_01_01_nr8.mzML
dbgi_003745_01_01,250404_ML_Metabo_DDA_dbgi_003745_01_01_nr8.mzML
dbgi_003591_01_01,250404_ML_Metabo_DDA_dbgi_003591_01_01_nr8.mzML
dbgi_003427_01_01,250404_ML_Metabo_DDA_dbgi_003427_01_01_nr8.mzML
dbgi_003481_01_01,250404_ML_Metabo_DDA_dbgi_003481_01_01_nr8.mzML
dbgi_003482_01_01,250404_ML_Metabo_DDA_dbgi_003482_01_01_nr8.mzML
dbgi_003863_01_01,250404_ML_Metabo_DDA_dbgi_003863_01_01_nr8.mzML
dbgi_002212_01_01,250404_ML_Metabo_DDA_dbgi_002212_01_01_nr8.mzML
dbgi_003575_01_01,250404_ML_Metabo_DDA_dbgi_003575_01_01_nr8.mzML
dbgi_003960_01_01,250404_ML_Metabo_DDA_dbgi_003960_01_01_nr8.mzML
dbgi_003756_01_01,250404_ML_Metabo_DDA_dbgi_003756_01_01_nr8.mzML
dbgi_002232_01_01,250404_ML_Metabo_DDA_dbgi_002232_01_01_nr8.mzML
dbgi_003554_01_01,250404_ML_Metabo_DDA_dbgi_003554_01_01_nr8.mzML
dbgi_003530_01_01,250404_ML_Metabo_DDA_dbgi_003530_01_01_nr8.mzML
dbgi_001940_01_01,250404_ML_Metabo_DDA_dbgi_001940_01_01_nr8.mzML
dbgi_003393_01_01,250404_ML_Metabo_DDA_dbgi_003393_01_01_nr8.mzML
dbgi_003963_01_01,250404_ML_Metabo_DDA_dbgi_003963_01_01_nr8.mzML
dbgi_003415_01_01,250404_ML_Metabo_DDA_dbgi_003415_01_01_nr8.mzML
dbgi_003297_01_01,250404_ML_Metabo_DDA_dbgi_003297_01_01_nr8.mzML
dbgi_003370_01_01,250404_ML_Metabo_DDA_dbgi_003370_01_01_nr8.mzML
dbgi_002228_01_01,250404_ML_Metabo_DDA_dbgi_002228_01_01_nr8.mzML
dbgi_002215_01_01,250404_ML_Metabo_DDA_dbgi_002215_01_01_nr8.mzML
dbgi_003502_01_01,250404_ML_Metabo_DDA_dbgi_003502_01_01_nr8.mzML
dbgi_002101_01_01,250404_ML_Metabo_DDA_dbgi_002101_01_01_nr8.mzML
dbgi_002031_01_01,250404_ML_Metabo_DDA_dbgi_002031_01_01_nr8.mzML
dbgi_007023_01_01,250404_ML_Metabo_DDA_dbgi_007023_01_01_nr8.mzML
dbgi_003757_01_01,250404_ML_Metabo_DDA_dbgi_003757_01_01_nr8.mzML
dbgi_003278_01_01,250404_ML_Metabo_DDA_dbgi_003278_01_01_nr8.mzML
dbgi_003537_01_01,250404_ML_Metabo_DDA_dbgi_003537_01_01_nr8.mzML
dbgi_003861_01_01,250404_ML_Metabo_DDA_dbgi_003861_01_01_nr8.mzML
dbgi_002229_01_01,250404_ML_Metabo_DDA_dbgi_002229_01_01_nr8.mzML
dbgi_003799_01_01,250404_ML_Metabo_DDA_dbgi_003799_01_01_nr8.mzML
dbgi_003773_01_01,250404_ML_Metabo_DDA_dbgi_003773_01_01_nr8.mzML
dbgi_003798_01_01,250404_ML_Metabo_DDA_dbgi_003798_01_01_nr8.mzML
dbgi_007059_01_01,250404_ML_Metabo_DDA_dbgi_007059_01_01_nr8.mzML
dbgi_003258_01_01,250404_ML_Metabo_DDA_dbgi_003258_01_01_nr8.mzML
dbgi_002198_01_01,250404_ML_Metabo_DDA_dbgi_002198_01_01_nr8.mzML
dbgi_003522_01_01,250404_ML_Metabo_DDA_dbgi_003522_01_01_nr8.mzML
dbgi_002113_01_01,250404_ML_Metabo_DDA_dbgi_002113_01_01_nr8.mzML
dbgi_003672_01_01,250404_ML_Metabo_DDA_dbgi_003672_01_01_nr8.mzML
dbgi_002202_01_01,250404_ML_Metabo_DDA_dbgi_002202_01_01_nr8.mzML
dbgi_003453_01_01,250404_ML_Metabo_DDA_dbgi_003453_01_01_nr8.mzML
dbgi_003746_01_01,250404_ML_Metabo_DDA_dbgi_003746_01_01_nr8.mzML
dbgi_001956_01_01,250404_ML_Metabo_DDA_dbgi_001956_01_01_nr8.mzML
dbgi_003514_01_01,250404_ML_Metabo_DDA_dbgi_003514_01_01_nr8.mzML
dbgi_002057_01_01,250404_ML_Metabo_DDA_dbgi_002057_01_01_nr8.mzML
dbgi_002067_01_01,250404_ML_Metabo_DDA_dbgi_002067_01_01_nr8.mzML
dbgi_003389_01_01,250404_ML_Metabo_DDA_dbgi_003389_01_01_nr8.mzML
dbgi_003850_01_01,250407_ML_Metabo_DDA_dbgi_003850_01_01_nr8.mzML
dbgi_003556_01_01,250407_ML_Metabo_DDA_dbgi_003556_01_01_nr8.mzML
dbgi_003553_02_01,250407_ML_Metabo_DDA_dbgi_003553_02_01_nr8.mzML
dbgi_003423_01_01,250407_ML_Metabo_DDA_dbgi_003423_01_01_nr8.mzML
dbgi_002083_01_01,250407_ML_Metabo_DDA_dbgi_002083_01_01_nr8.mzML
dbgi_002145_01_01,250407_ML_Metabo_DDA_dbgi_002145_01_01_nr8.mzML
dbgi_003605_01_01,250407_ML_Metabo_DDA_dbgi_003605_01_01_nr8.mzML
dbgi_003800_01_01,250407_ML_Metabo_DDA_dbgi_003800_01_01_nr8.mzML
dbgi_002110_01_01,250407_ML_Metabo_DDA_dbgi_002110_01_01_nr8.mzML
dbgi_002060_01_01,250407_ML_Metabo_DDA_dbgi_002060_01_01_nr8.mzML
dbgi_003496_01_01,250407_ML_Metabo_DDA_dbgi_003496_01_01_nr8.mzML
dbgi_003783_01_01,250407_ML_Metabo_DDA_dbgi_003783_01_01_nr8.mzML
dbgi_002174_01_01,250407_ML_Metabo_DDA_dbgi_002174_01_01_nr8.mzML
dbgi_002002_01_01,250407_ML_Metabo_DDA_dbgi_002002_01_01_nr8.mzML
dbgi_002070_01_01,250407_ML_Metabo_DDA_dbgi_002070_01_01_nr8.mzML
dbgi_003685_01_01,250407_ML_Metabo_DDA_dbgi_003685_01_01_nr8.mzML
dbgi_003558_01_01,250407_ML_Metabo_DDA_dbgi_003558_01_01_nr8.mzML
dbgi_002147_01_01,250407_ML_Metabo_DDA_dbgi_002147_01_01_nr8.mzML
dbgi_007019_01_01,250407_ML_Metabo_DDA_dbgi_007019_01_01_nr8.mzML
dbgi_003646_01_01,250407_ML_Metabo_DDA_dbgi_003646_01_01_nr8.mzML
dbgi_002193_01_01,250407_ML_Metabo_DDA_dbgi_002193_01_01_nr8.mzML
dbgi_003505_01_01,250407_ML_Metabo_DDA_dbgi_003505_01_01_nr8.mzML
dbgi_002103_01_01,250407_ML_Metabo_DDA_dbgi_002103_01_01_nr8.mzML
dbgi_002080_01_01,250407_ML_Metabo_DDA_dbgi_002080_01_01_nr8.mzML
dbgi_002211_01_01,250407_ML_Metabo_DDA_dbgi_002211_01_01_nr8.mzML
dbgi_003302_01_01,250407_ML_Metabo_DDA_dbgi_003302_01_01_nr8.mzML
dbgi_003877_01_01,250407_ML_Metabo_DDA_dbgi_003877_01_01_nr8.mzML
dbgi_002077_01_01,250407_ML_Metabo_DDA_dbgi_002077_01_01_nr8.mzML
dbgi_003353_01_01,250407_ML_Metabo_DDA_dbgi_003353_01_01_nr8.mzML
dbgi_003810_01_01,250407_ML_Metabo_DDA_dbgi_003810_01_01_nr8.mzML
dbgi_002020_01_01,250407_ML_Metabo_DDA_dbgi_002020_01_01_nr8.mzML
dbgi_003661_01_01,250407_ML_Metabo_DDA_dbgi_003661_01_01_nr8.mzML
dbgi_001941_01_01,250407_ML_Metabo_DDA_dbgi_001941_01_01_nr8.mzML
dbgi_003819_01_01,250407_ML_Metabo_DDA_dbgi_003819_01_01_nr8.mzML
dbgi_002006_01_01,250407_ML_Metabo_DDA_dbgi_002006_01_01_nr8.mzML
dbgi_003624_01_01,250407_ML_Metabo_DDA_dbgi_003624_01_01_nr8.mzML
dbgi_002030_01_01,250407_ML_Metabo_DDA_dbgi_002030_01_01_nr8.mzML
dbgi_003640_01_01,250407_ML_Metabo_DDA_dbgi_003640_01_01_nr8.mzML
dbgi_002177_01_01,250407_ML_Metabo_DDA_dbgi_002177_01_01_nr8.mzML
dbgi_001968_01_01,250407_ML_Metabo_DDA_dbgi_001968_01_01_nr8.mzML
dbgi_003841_01_01,250407_ML_Metabo_DDA_dbgi_003841_01_01_nr8.mzML
dbgi_003346_01_01,250407_ML_Metabo_DDA_dbgi_003346_01_01_nr8.mzML
dbgi_003641_01_01,250407_ML_Metabo_DDA_dbgi_003641_01_01_nr8.mzML
dbgi_002130_01_01,250407_ML_Metabo_DDA_dbgi_002130_01_01_nr8.mzML
dbgi_003489_01_01,250407_ML_Metabo_DDA_dbgi_003489_01_01_nr8.mzML
dbgi_003230_01_01,250407_ML_Metabo_DDA_dbgi_003230_01_01_nr8.mzML
dbgi_002014_01_01,250407_ML_Metabo_DDA_dbgi_002014_01_01_nr8.mzML
dbgi_003442_01_01,250407_ML_Metabo_DDA_dbgi_003442_01_01_nr8.mzML
dbgi_002073_01_01,250407_ML_Metabo_DDA_dbgi_002073_01_01_nr8.mzML
dbgi_002210_01_01,250407_ML_Metabo_DDA_dbgi_002210_01_01_nr8.mzML
dbgi_003538_01_01,250407_ML_Metabo_DDA_dbgi_003538_01_01_nr8.mzML
dbgi_003378_01_01,250407_ML_Metabo_DDA_dbgi_003378_01_01_nr8.mzML
dbgi_002008_01_01,250407_ML_Metabo_DDA_dbgi_002008_01_01_nr8.mzML
dbgi_003246_01_01,250407_ML_Metabo_DDA_dbgi_003246_01_01_nr8.mzML
dbgi_003547_01_01,250407_ML_Metabo_DDA_dbgi_003547_01_01_nr8.mzML
dbgi_003645_01_01,250407_ML_Metabo_DDA_dbgi_003645_01_01_nr8.mzML
dbgi_003573_01_01,250407_ML_Metabo_DDA_dbgi_003573_01_01_nr8.mzML
dbgi_002159_01_01,250407_ML_Metabo_DDA_dbgi_002159_01_01_nr8.mzML
dbgi_003467_01_01,250407_ML_Metabo_DDA_dbgi_003467_01_01_nr8.mzML
dbgi_003464_01_01,250407_ML_Metabo_DDA_dbgi_003464_01_01_nr8.mzML
dbgi_003444_01_01,250407_ML_Metabo_DDA_dbgi_003444_01_01_nr8.mzML
dbgi_003362_01_01,250407_ML_Metabo_DDA_dbgi_003362_01_01_nr8.mzML
dbgi_003862_01_01,250407_ML_Metabo_DDA_dbgi_003862_01_01_nr8.mzML
dbgi_003375_01_01,250407_ML_Metabo_DDA_dbgi_003375_01_01_nr8.mzML
dbgi_003674_02_01,250407_ML_Metabo_DDA_dbgi_003674_02_01_nr8.mzML
dbgi_001972_01_01,250407_ML_Metabo_DDA_dbgi_001972_01_01_nr8.mzML
dbgi_003325_01_01,250407_ML_Metabo_DDA_dbgi_003325_01_01_nr8.mzML
dbgi_001964_01_01,250407_ML_Metabo_DDA_dbgi_001964_01_01_nr8.mzML
dbgi_002153_01_01,250407_ML_Metabo_DDA_dbgi_002153_01_01_nr8.mzML
dbgi_003315_01_01,250407_ML_Metabo_DDA_dbgi_003315_01_01_nr8.mzML
dbgi_003759_01_01,250407_ML_Metabo_DDA_dbgi_003759_01_01_nr8.mzML
dbgi_003331_01_01,250407_ML_Metabo_DDA_dbgi_003331_01_01_nr8.mzML
dbgi_003458_01_01,250407_ML_Metabo_DDA_dbgi_003458_01_01_nr8.mzML
dbgi_002123_01_01,250407_ML_Metabo_DDA_dbgi_002123_01_01_nr8.mzML
dbgi_003752_01_01,250407_ML_Metabo_DDA_dbgi_003752_01_01_nr8.mzML
dbgi_003379_01_01,250407_ML_Metabo_DDA_dbgi_003379_01_01_nr8.mzML
dbgi_002224_01_01,250407_ML_Metabo_DDA_dbgi_002224_01_01_nr8.mzML
dbgi_002029_01_01,250408_ML_Metabo_DDA_dbgi_002029_01_01_nr8.mzML
dbgi_003552_01_01,250408_ML_Metabo_DDA_dbgi_003552_01_01_nr8.mzML
dbgi_003298_01_01,250408_ML_Metabo_DDA_dbgi_003298_01_01_nr8.mzML
dbgi_003709_01_01,250408_ML_Metabo_DDA_dbgi_003709_01_01_nr8.mzML
dbgi_002195_01_01,250408_ML_Metabo_DDA_dbgi_002195_01_01_nr8.mzML
dbgi_003531_01_01,250408_ML_Metabo_DDA_dbgi_003531_01_01_nr8.mzML
dbgi_003812_01_01,250408_ML_Metabo_DDA_dbgi_003812_01_01_nr8.mzML
dbgi_002196_01_01,250408_ML_Metabo_DDA_dbgi_002196_01_01_nr8.mzML
dbgi_003630_01_01,250408_ML_Metabo_DDA_dbgi_003630_01_01_nr8.mzML
dbgi_003332_01_01,250408_ML_Metabo_DDA_dbgi_003332_01_01_nr8.mzML
dbgi_003261_01_01,250408_ML_Metabo_DDA_dbgi_003261_01_01_nr8.mzML
dbgi_003544_01_01,250408_ML_Metabo_DDA_dbgi_003544_01_01_nr8.mzML
dbgi_002230_01_01,250408_ML_Metabo_DDA_dbgi_002230_01_01_nr8.mzML
dbgi_003497_01_01,250408_ML_Metabo_DDA_dbgi_003497_01_01_nr8.mzML
dbgi_003607_01_01,250408_ML_Metabo_DDA_dbgi_003607_01_01_nr8.mzML
dbgi_003455_01_01,250408_ML_Metabo_DDA_dbgi_003455_01_01_nr8.mzML
dbgi_002200_01_01,250408_ML_Metabo_DDA_dbgi_002200_01_01_nr8.mzML
dbgi_003456_01_01,250408_ML_Metabo_DDA_dbgi_003456_01_01_nr8.mzML
dbgi_003860_01_01,250408_ML_Metabo_DDA_dbgi_003860_01_01_nr8.mzML
dbgi_007049_01_01,250408_ML_Metabo_DDA_dbgi_007049_01_01_nr8.mzML
dbgi_003413_01_01,250408_ML_Metabo_DDA_dbgi_003413_01_01_nr8.mzML
dbgi_003303_01_01,250408_ML_Metabo_DDA_dbgi_003303_01_01_nr8.mzML
dbgi_001993_01_01,250408_ML_Metabo_DDA_dbgi_001993_01_01_nr8.mzML
dbgi_002139_01_01,250408_ML_Metabo_DDA_dbgi_002139_01_01_nr8.mzML
dbgi_003374_01_01,250408_ML_Metabo_DDA_dbgi_003374_01_01_nr8.mzML
dbgi_002035_01_01,250408_ML_Metabo_DDA_dbgi_002035_01_01_nr8.mzML
dbgi_007018_01_01,250408_ML_Metabo_DDA_dbgi_007018_01_01_nr8.mzML
dbgi_003260_01_01,250408_ML_Metabo_DDA_dbgi_003260_01_01_nr8.mzML
dbgi_003311_01_01,250408_ML_Metabo_DDA_dbgi_003311_01_01_nr8.mzML
dbgi_003366_01_01,250408_ML_Metabo_DDA_dbgi_003366_01_01_nr8.mzML
dbgi_003551_01_01,250408_ML_Metabo_DDA_dbgi_003551_01_01_nr8.mzML
dbgi_003358_01_01,250408_ML_Metabo_DDA_dbgi_003358_01_01_nr8.mzML
dbgi_003272_01_01,250408_ML_Metabo_DDA_dbgi_003272_01_01_nr8.mzML
dbgi_003321_01_01,250408_ML_Metabo_DDA_dbgi_003321_01_01_nr8.mzML
dbgi_001974_01_01,250408_ML_Metabo_DDA_dbgi_001974_01_01_nr8.mzML
dbgi_002126_01_01,250408_ML_Metabo_DDA_dbgi_002126_01_01_nr8.mzML
dbgi_002085_01_01,250408_ML_Metabo_DDA_dbgi_002085_01_01_nr8.mzML
dbgi_002061_01_01,250408_ML_Metabo_DDA_dbgi_002061_01_01_nr8.mzML
dbgi_003560_01_01,250408_ML_Metabo_DDA_dbgi_003560_01_01_nr8.mzML
dbgi_003825_01_01,250408_ML_Metabo_DDA_dbgi_003825_01_01_nr8.mzML
dbgi_003826_01_01,250408_ML_Metabo_DDA_dbgi_003826_01_01_nr8.mzML
dbgi_001994_01_01,250408_ML_Metabo_DDA_dbgi_001994_01_01_nr8.mzML
dbgi_001991_01_01,250408_ML_Metabo_DDA_dbgi_001991_01_01_nr8.mzML
dbgi_003245_01_01,250408_ML_Metabo_DDA_dbgi_003245_01_01_nr8.mzML
dbgi_003704_01_01,250408_ML_Metabo_DDA_dbgi_003704_01_01_nr8.mzML
dbgi_002140_01_01,250408_ML_Metabo_DDA_dbgi_002140_01_01_nr8.mzML
dbgi_002209_01_01,250408_ML_Metabo_DDA_dbgi_002209_01_01_nr8.mzML
dbgi_003257_01_01,250408_ML_Metabo_DDA_dbgi_003257_01_01_nr8.mzML
dbgi_003719_01_01,250408_ML_Metabo_DDA_dbgi_003719_01_01_nr8.mzML
dbgi_007075_01_01,250408_ML_Metabo_DDA_dbgi_007075_01_01_nr8.mzML
dbgi_003317_01_01,250408_ML_Metabo_DDA_dbgi_003317_01_01_nr8.mzML
dbgi_007065_01_01,250408_ML_Metabo_DDA_dbgi_007065_01_01_nr8.mzML
dbgi_007086_01_01,250408_ML_Metabo_DDA_dbgi_007086_01_01_nr8.mzML
dbgi_001978_01_01,250408_ML_Metabo_DDA_dbgi_001978_01_01_nr8.mzML
dbgi_007022_01_01,250408_ML_Metabo_DDA_dbgi_007022_01_01_nr8.mzML
dbgi_002074_01_01,250408_ML_Metabo_DDA_dbgi_002074_01_01_nr8.mzML
dbgi_003330_01_01,250408_ML_Metabo_DDA_dbgi_003330_01_01_nr8.mzML
dbgi_002087_01_01,250408_ML_Metabo_DDA_dbgi_002087_01_01_nr8.mzML
dbgi_002116_01_01,250408_ML_Metabo_DDA_dbgi_002116_01_01_nr8.mzML
dbgi_003411_01_01,250408_ML_Metabo_DDA_dbgi_003411_01_01_nr8.mzML
dbgi_003664_01_01,250408_ML_Metabo_DDA_dbgi_003664_01_01_nr8.mzML
dbgi_002237_01_01,250408_ML_Metabo_DDA_dbgi_002237_01_01_nr8.mzML
dbgi_003264_01_01,250408_ML_Metabo_DDA_dbgi_003264_01_01_nr8.mzML
dbgi_003313_01_01,250408_ML_Metabo_DDA_dbgi_003313_01_01_nr8.mzML
dbgi_003341_01_01,250408_ML_Metabo_DDA_dbgi_003341_01_01_nr8.mzML
dbgi_002047_01_01,250408_ML_Metabo_DDA_dbgi_002047_01_01_nr8.mzML
dbgi_003267_01_01,250408_ML_Metabo_DDA_dbgi_003267_01_01_nr8.mzML
dbgi_002143_02_01,250408_ML_Metabo_DDA_dbgi_002143_02_01_nr8.mzML
dbgi_007066_01_01,250408_ML_Metabo_DDA_dbgi_007066_01_01_nr8.mzML
dbgi_001984_01_01,250408_ML_Metabo_DDA_dbgi_001984_01_01_nr8.mzML
dbgi_003476_01_01,250408_ML_Metabo_DDA_dbgi_003476_01_01_nr8.mzML
dbgi_002187_01_01,250408_ML_Metabo_DDA_dbgi_002187_01_01_nr8.mzML
dbgi_003344_01_01,250408_ML_Metabo_DDA_dbgi_003344_01_01_nr8.mzML
dbgi_002100_01_01,250408_ML_Metabo_DDA_dbgi_002100_01_01_nr8.mzML
dbgi_002181_01_01,250408_ML_Metabo_DDA_dbgi_002181_01_01_nr8.mzML
dbgi_003581_01_01,250408_ML_Metabo_DDA_dbgi_003581_01_01_nr8.mzML
dbgi_002173_01_01,250408_ML_Metabo_DDA_dbgi_002173_01_01_nr8.mzML
dbgi_003288_01_01,250408_ML_Metabo_DDA_dbgi_003288_01_01_nr8.mzML
dbgi_003524_01_01,250409_ML_Metabo_DDA_dbgi_003524_01_01_nr8.mzML
dbgi_003533_01_01,250409_ML_Metabo_DDA_dbgi_003533_01_01_nr8.mzML
dbgi_002068_01_01,250409_ML_Metabo_DDA_dbgi_002068_01_01_nr8.mzML
dbgi_003807_01_01,250409_ML_Metabo_DDA_dbgi_003807_01_01_nr8.mzML
dbgi_007100_01_01,250409_ML_Metabo_DDA_dbgi_007100_01_01_nr8.mzML
dbgi_007041_01_01,250409_ML_Metabo_DDA_dbgi_007041_01_01_nr8.mzML
dbgi_002106_01_01,250409_ML_Metabo_DDA_dbgi_002106_01_01_nr8.mzML
dbgi_003583_01_01,250409_ML_Metabo_DDA_dbgi_003583_01_01_nr8.mzML
dbgi_003821_01_01,250409_ML_Metabo_DDA_dbgi_003821_01_01_nr8.mzML
dbgi_003811_01_01,250409_ML_Metabo_DDA_dbgi_003811_01_01_nr8.mzML
dbgi_002233_02_01,250409_ML_Metabo_DDA_dbgi_002233_02_01_nr8.mzML
dbgi_002041_01_01,250409_ML_Metabo_DDA_dbgi_002041_01_01_nr8.mzML
dbgi_003520_01_01,250409_ML_Metabo_DDA_dbgi_003520_01_01_nr8.mzML
dbgi_003250_01_01,250409_ML_Metabo_DDA_dbgi_003250_01_01_nr8.mzML
dbgi_003338_01_01,250409_ML_Metabo_DDA_dbgi_003338_01_01_nr8.mzML
dbgi_003316_01_01,250409_ML_Metabo_DDA_dbgi_003316_01_01_nr8.mzML
dbgi_003319_01_01,250409_ML_Metabo_DDA_dbgi_003319_01_01_nr8.mzML
dbgi_003281_01_01,250409_ML_Metabo_DDA_dbgi_003281_01_01_nr8.mzML
dbgi_003233_01_01,250409_ML_Metabo_DDA_dbgi_003233_01_01_nr8.mzML
dbgi_003833_01_01,250409_ML_Metabo_DDA_dbgi_003833_01_01_nr8.mzML
dbgi_007030_01_01,250409_ML_Metabo_DDA_dbgi_007030_01_01_nr8.mzML
dbgi_003543_01_01,250409_ML_Metabo_DDA_dbgi_003543_01_01_nr8.mzML
dbgi_001961_01_01,250409_ML_Metabo_DDA_dbgi_001961_01_01_nr8.mzML
dbgi_003294_01_01,250409_ML_Metabo_DDA_dbgi_003294_01_01_nr8.mzML
dbgi_003373_01_01,250409_ML_Metabo_DDA_dbgi_003373_01_01_nr8.mzML
dbgi_003837_01_01,250409_ML_Metabo_DDA_dbgi_003837_01_01_nr8.mzML
dbgi_003276_01_01,250409_ML_Metabo_DDA_dbgi_003276_01_01_nr8.mzML
dbgi_003249_01_01,250409_ML_Metabo_DDA_dbgi_003249_01_01_nr8.mzML
dbgi_002072_01_01,250409_ML_Metabo_DDA_dbgi_002072_01_01_nr8.mzML
dbgi_003753_01_01,250409_ML_Metabo_DDA_dbgi_003753_01_01_nr8.mzML
dbgi_007021_01_01,250409_ML_Metabo_DDA_dbgi_007021_01_01_nr8.mzML
dbgi_007070_01_01,250409_ML_Metabo_DDA_dbgi_007070_01_01_nr8.mzML
dbgi_002133_01_01,250409_ML_Metabo_DDA_dbgi_002133_01_01_nr8.mzML
dbgi_003419_01_01,250409_ML_Metabo_DDA_dbgi_003419_01_01_nr8.mzML
dbgi_003234_01_01,250409_ML_Metabo_DDA_dbgi_003234_01_01_nr8.mzML
dbgi_003567_01_01,250409_ML_Metabo_DDA_dbgi_003567_01_01_nr8.mzML
dbgi_003846_01_01,250409_ML_Metabo_DDA_dbgi_003846_01_01_nr8.mzML
dbgi_003335_01_01,250409_ML_Metabo_DDA_dbgi_003335_01_01_nr8.mzML
dbgi_007071_01_01,250409_ML_Metabo_DDA_dbgi_007071_01_01_nr8.mzML
dbgi_003668_01_01,250409_ML_Metabo_DDA_dbgi_003668_01_01_nr8.mzML
dbgi_003722_01_01,250409_ML_Metabo_DDA_dbgi_003722_01_01_nr8.mzML
dbgi_002084_01_01,250409_ML_Metabo_DDA_dbgi_002084_01_01_nr8.mzML
dbgi_002026_01_01,250409_ML_Metabo_DDA_dbgi_002026_01_01_nr8.mzML
dbgi_001983_01_01,250409_ML_Metabo_DDA_dbgi_001983_01_01_nr8.mzML
dbgi_003434_01_01,250409_ML_Metabo_DDA_dbgi_003434_01_01_nr8.mzML
dbgi_003275_01_01,250409_ML_Metabo_DDA_dbgi_003275_01_01_nr8.mzML
dbgi_003396_01_01,250409_ML_Metabo_DDA_dbgi_003396_01_01_nr8.mzML
dbgi_002112_01_01,250409_ML_Metabo_DDA_dbgi_002112_01_01_nr8.mzML
dbgi_003308_01_01,250409_ML_Metabo_DDA_dbgi_003308_01_01_nr8.mzML
dbgi_002048_01_01,250409_ML_Metabo_DDA_dbgi_002048_01_01_nr8.mzML
dbgi_003347_01_01,250409_ML_Metabo_DDA_dbgi_003347_01_01_nr8.mzML
dbgi_003743_01_01,250409_ML_Metabo_DDA_dbgi_003743_01_01_nr8.mzML
dbgi_003309_01_01,250409_ML_Metabo_DDA_dbgi_003309_01_01_nr8.mzML
dbgi_003827_01_01,250409_ML_Metabo_DDA_dbgi_003827_01_01_nr8.mzML
dbgi_002189_01_01,250409_ML_Metabo_DDA_dbgi_002189_01_01_nr8.mzML
dbgi_003847_01_01,250409_ML_Metabo_DDA_dbgi_003847_01_01_nr8.mzML
dbgi_002107_01_01,250409_ML_Metabo_DDA_dbgi_002107_01_01_nr8.mzML
dbgi_002204_01_01,250409_ML_Metabo_DDA_dbgi_002204_01_01_nr8.mzML
dbgi_003247_02_01,250409_ML_Metabo_DDA_dbgi_003247_02_01_nr8.mzML
dbgi_001943_01_01,250409_ML_Metabo_DDA_dbgi_001943_01_01_nr8.mzML
dbgi_002045_01_01,250409_ML_Metabo_DDA_dbgi_002045_01_01_nr8.mzML
dbgi_001951_01_01,250409_ML_Metabo_DDA_dbgi_001951_01_01_nr8.mzML
dbgi_003762_01_01,250409_ML_Metabo_DDA_dbgi_003762_01_01_nr8.mzML
dbgi_002105_01_01,250409_ML_Metabo_DDA_dbgi_002105_01_01_nr8.mzML
dbgi_003706_01_01,250409_ML_Metabo_DDA_dbgi_003706_01_01_nr8.mzML
dbgi_003282_01_01,250409_ML_Metabo_DDA_dbgi_003282_01_01_nr8.mzML
dbgi_003848_01_01,250409_ML_Metabo_DDA_dbgi_003848_01_01_nr8.mzML
dbgi_003472_01_01,250409_ML_Metabo_DDA_dbgi_003472_01_01_nr8.mzML
dbgi_003663_01_01,250409_ML_Metabo_DDA_dbgi_003663_01_01_nr8.mzML
dbgi_003741_01_01,250409_ML_Metabo_DDA_dbgi_003741_01_01_nr8.mzML
dbgi_003546_01_01,250409_ML_Metabo_DDA_dbgi_003546_01_01_nr8.mzML
dbgi_003705_01_01,250409_ML_Metabo_DDA_dbgi_003705_01_01_nr8.mzML
dbgi_003327_01_01,250409_ML_Metabo_DDA_dbgi_003327_01_01_nr8.mzML
dbgi_003784_01_01,250409_ML_Metabo_DDA_dbgi_003784_01_01_nr8.mzML
dbgi_003843_01_01,250409_ML_Metabo_DDA_dbgi_003843_01_01_nr8.mzML
dbgi_003387_01_01,250409_ML_Metabo_DDA_dbgi_003387_01_01_nr8.mzML
dbgi_003271_01_01,250409_ML_Metabo_DDA_dbgi_003271_01_01_nr8.mzML
dbgi_003468_01_01,250409_ML_Metabo_DDA_dbgi_003468_01_01_nr8.mzML
dbgi_003404_01_01,250410_ML_Metabo_DDA_dbgi_003404_01_01_nr8.mzML
dbgi_003840_01_01,250410_ML_Metabo_DDA_dbgi_003840_01_01_nr8.mzML
dbgi_002071_01_01,250410_ML_Metabo_DDA_dbgi_002071_01_01_nr8.mzML
dbgi_002124_01_01,250410_ML_Metabo_DDA_dbgi_002124_01_01_nr8.mzML
dbgi_007074_01_01,250410_ML_Metabo_DDA_dbgi_007074_01_01_nr8.mzML
dbgi_003433_01_01,250410_ML_Metabo_DDA_dbgi_003433_01_01_nr8.mzML
dbgi_001947_01_01,250410_ML_Metabo_DDA_dbgi_001947_01_01_nr8.mzML
dbgi_002216_01_01,250410_ML_Metabo_DDA_dbgi_002216_01_01_nr8.mzML
dbgi_002094_01_01,250410_ML_Metabo_DDA_dbgi_002094_01_01_nr8.mzML
dbgi_002182_01_01,250410_ML_Metabo_DDA_dbgi_002182_01_01_nr8.mzML
dbgi_003283_01_01,250410_ML_Metabo_DDA_dbgi_003283_01_01_nr8.mzML
dbgi_003287_01_01,250410_ML_Metabo_DDA_dbgi_003287_01_01_nr8.mzML
dbgi_001985_01_01,250410_ML_Metabo_DDA_dbgi_001985_01_01_nr8.mzML
dbgi_003511_01_01,250410_ML_Metabo_DDA_dbgi_003511_01_01_nr8.mzML
dbgi_002221_01_01,250410_ML_Metabo_DDA_dbgi_002221_01_01_nr8.mzML
dbgi_002015_01_01,250410_ML_Metabo_DDA_dbgi_002015_01_01_nr8.mzML
dbgi_003776_01_01,250410_ML_Metabo_DDA_dbgi_003776_01_01_nr8.mzML
dbgi_003536_01_01,250410_ML_Metabo_DDA_dbgi_003536_01_01_nr8.mzML
dbgi_003310_01_01,250410_ML_Metabo_DDA_dbgi_003310_01_01_nr8.mzML
dbgi_003693_01_01,250410_ML_Metabo_DDA_dbgi_003693_01_01_nr8.mzML
dbgi_001997_01_01,250410_ML_Metabo_DDA_dbgi_001997_01_01_nr8.mzML
dbgi_007077_01_01,250410_ML_Metabo_DDA_dbgi_007077_01_01_nr8.mzML
dbgi_007098_01_01,250410_ML_Metabo_DDA_dbgi_007098_01_01_nr8.mzML
dbgi_007052_01_01,250410_ML_Metabo_DDA_dbgi_007052_01_01_nr8.mzML
dbgi_002022_01_01,250410_ML_Metabo_DDA_dbgi_002022_01_01_nr8.mzML
dbgi_001987_01_01,250410_ML_Metabo_DDA_dbgi_001987_01_01_nr8.mzML
dbgi_003285_01_01,250410_ML_Metabo_DDA_dbgi_003285_01_01_nr8.mzML
dbgi_003471_01_01,250410_ML_Metabo_DDA_dbgi_003471_01_01_nr8.mzML
dbgi_002134_01_01,250410_ML_Metabo_DDA_dbgi_002134_01_01_nr8.mzML
dbgi_002190_01_01,250410_ML_Metabo_DDA_dbgi_002190_01_01_nr8.mzML
dbgi_003446_01_01,250410_ML_Metabo_DDA_dbgi_003446_01_01_nr8.mzML
dbgi_002194_01_01,250410_ML_Metabo_DDA_dbgi_002194_01_01_nr8.mzML
dbgi_002081_01_01,250410_ML_Metabo_DDA_dbgi_002081_01_01_nr8.mzML
dbgi_002206_01_01,250410_ML_Metabo_DDA_dbgi_002206_01_01_nr8.mzML
dbgi_003270_01_01,250410_ML_Metabo_DDA_dbgi_003270_01_01_nr8.mzML
dbgi_002148_01_01,250410_ML_Metabo_DDA_dbgi_002148_01_01_nr8.mzML
dbgi_002131_01_01,250410_ML_Metabo_DDA_dbgi_002131_01_01_nr8.mzML
dbgi_003488_01_01,250410_ML_Metabo_DDA_dbgi_003488_01_01_nr8.mzML
dbgi_003274_01_01,250410_ML_Metabo_DDA_dbgi_003274_01_01_nr8.mzML
dbgi_003845_01_01,250410_ML_Metabo_DDA_dbgi_003845_01_01_nr8.mzML
dbgi_007112_01_01,250410_ML_Metabo_DDA_dbgi_007112_01_01_nr8.mzML
dbgi_003856_01_01,250410_ML_Metabo_DDA_dbgi_003856_01_01_nr8.mzML
dbgi_003397_01_01,250410_ML_Metabo_DDA_dbgi_003397_01_01_nr8.mzML
dbgi_002136_01_01,250410_ML_Metabo_DDA_dbgi_002136_01_01_nr8.mzML
dbgi_002178_01_01,250410_ML_Metabo_DDA_dbgi_002178_01_01_nr8.mzML
dbgi_003269_01_01,250410_ML_Metabo_DDA_dbgi_003269_01_01_nr8.mzML
dbgi_003345_01_01,250410_ML_Metabo_DDA_dbgi_003345_01_01_nr8.mzML
dbgi_003431_01_01,250410_ML_Metabo_DDA_dbgi_003431_01_01_nr8.mzML
dbgi_003475_02_01,250410_ML_Metabo_DDA_dbgi_003475_02_01_nr8.mzML
dbgi_002128_01_01,250410_ML_Metabo_DDA_dbgi_002128_01_01_nr8.mzML
dbgi_003540_01_01,250410_ML_Metabo_DDA_dbgi_003540_01_01_nr8.mzML
dbgi_002044_01_01,250410_ML_Metabo_DDA_dbgi_002044_01_01_nr8.mzML
dbgi_003301_01_01,250410_ML_Metabo_DDA_dbgi_003301_01_01_nr8.mzML
dbgi_003470_01_01,250410_ML_Metabo_DDA_dbgi_003470_01_01_nr8.mzML
dbgi_002132_01_01,250410_ML_Metabo_DDA_dbgi_002132_01_01_nr8.mzML
dbgi_007067_01_01,250410_ML_Metabo_DDA_dbgi_007067_01_01_nr8.mzML
dbgi_003339_01_01,250410_ML_Metabo_DDA_dbgi_003339_01_01_nr8.mzML
dbgi_001981_01_01,250410_ML_Metabo_DDA_dbgi_001981_01_01_nr8.mzML
dbgi_003355_01_01,250410_ML_Metabo_DDA_dbgi_003355_01_01_nr8.mzML
dbgi_003253_01_01,250410_ML_Metabo_DDA_dbgi_003253_01_01_nr8.mzML
dbgi_003280_01_01,250410_ML_Metabo_DDA_dbgi_003280_01_01_nr8.mzML
dbgi_006909_01_01,250410_ML_Metabo_DDA_dbgi_006909_01_01_nr8.mzML
dbgi_002127_01_01,250410_ML_Metabo_DDA_dbgi_002127_01_01_nr8.mzML
dbgi_003265_01_01,250410_ML_Metabo_DDA_dbgi_003265_01_01_nr8.mzML
dbgi_003507_01_01,250410_ML_Metabo_DDA_dbgi_003507_01_01_nr8.mzML
dbgi_007141_01_01,250410_ML_Metabo_DDA_dbgi_007141_01_01_nr8.mzML
dbgi_003241_01_01,250410_ML_Metabo_DDA_dbgi_003241_01_01_nr8.mzML
dbgi_003436_01_01,250410_ML_Metabo_DDA_dbgi_003436_01_01_nr8.mzML
dbgi_001938_01_01,250410_ML_Metabo_DDA_dbgi_001938_01_01_nr8.mzML
dbgi_002144_01_01,250410_ML_Metabo_DDA_dbgi_002144_01_01_nr8.mzML
dbgi_001975_01_01,250410_ML_Metabo_DDA_dbgi_001975_01_01_nr8.mzML
dbgi_002118_01_01,250410_ML_Metabo_DDA_dbgi_002118_01_01_nr8.mzML
dbgi_003229_01_01,250410_ML_Metabo_DDA_dbgi_003229_01_01_nr8.mzML
dbgi_003350_01_01,250410_ML_Metabo_DDA_dbgi_003350_01_01_nr8.mzML
dbgi_007064_01_01,250410_ML_Metabo_DDA_dbgi_007064_01_01_nr8.mzML
dbgi_003352_01_01,250410_ML_Metabo_DDA_dbgi_003352_01_01_nr8.mzML
dbgi_003439_01_01,250410_ML_Metabo_DDA_dbgi_003439_01_01_nr8.mzML
dbgi_002016_01_01,250410_ML_Metabo_DDA_dbgi_002016_01_01_nr8.mzML
dbgi_003802_01_01,250411_ML_Metabo_DDA_dbgi_003802_01_01_nr8.mzML
dbgi_002109_01_01,250411_ML_Metabo_DDA_dbgi_002109_01_01_nr8.mzML
dbgi_003542_01_01,250411_ML_Metabo_DDA_dbgi_003542_01_01_nr8.mzML
dbgi_003356_01_01,250411_ML_Metabo_DDA_dbgi_003356_01_01_nr8.mzML
dbgi_003572_01_01,250411_ML_Metabo_DDA_dbgi_003572_01_01_nr8.mzML
dbgi_003465_01_01,250411_ML_Metabo_DDA_dbgi_003465_01_01_nr8.mzML
dbgi_003385_01_01,250411_ML_Metabo_DDA_dbgi_003385_01_01_nr8.mzML
dbgi_002095_01_01,250411_ML_Metabo_DDA_dbgi_002095_01_01_nr8.mzML
dbgi_003577_01_01,250411_ML_Metabo_DDA_dbgi_003577_01_01_nr8.mzML
dbgi_003788_01_01,250411_ML_Metabo_DDA_dbgi_003788_01_01_nr8.mzML
dbgi_003954_01_01,250411_ML_Metabo_DDA_dbgi_003954_01_01_nr8.mzML
dbgi_003611_02_01,250411_ML_Metabo_DDA_dbgi_003611_02_01_nr8.mzML
dbgi_003628_01_01,250411_ML_Metabo_DDA_dbgi_003628_01_01_nr8.mzML
dbgi_002049_01_01,250411_ML_Metabo_DDA_dbgi_002049_01_01_nr8.mzML
dbgi_002180_01_01,250411_ML_Metabo_DDA_dbgi_002180_01_01_nr8.mzML
dbgi_003322_01_01,250411_ML_Metabo_DDA_dbgi_003322_01_01_nr8.mzML
dbgi_003830_01_01,250411_ML_Metabo_DDA_dbgi_003830_01_01_nr8.mzML
dbgi_003750_01_01,250411_ML_Metabo_DDA_dbgi_003750_01_01_nr8.mzML
dbgi_003768_01_01,250411_ML_Metabo_DDA_dbgi_003768_01_01_nr8.mzML
dbgi_003568_01_01,250411_ML_Metabo_DDA_dbgi_003568_01_01_nr8.mzML
dbgi_003414_01_01,250411_ML_Metabo_DDA_dbgi_003414_01_01_nr8.mzML
dbgi_007104_01_01,250411_ML_Metabo_DDA_dbgi_007104_01_01_nr8.mzML
dbgi_003702_01_01,250411_ML_Metabo_DDA_dbgi_003702_01_01_nr8.mzML
dbgi_007092_01_01,250411_ML_Metabo_DDA_dbgi_007092_01_01_nr8.mzML
dbgi_003889_01_01,250411_ML_Metabo_DDA_dbgi_003889_01_01_nr8.mzML
dbgi_003318_01_01,250411_ML_Metabo_DDA_dbgi_003318_01_01_nr8.mzML
dbgi_003901_01_01,250411_ML_Metabo_DDA_dbgi_003901_01_01_nr8.mzML
dbgi_007088_02_01,250411_ML_Metabo_DDA_dbgi_007088_02_01_nr8.mzML
dbgi_003725_01_01,250411_ML_Metabo_DDA_dbgi_003725_01_01_nr8.mzML
dbgi_007101_01_01,250411_ML_Metabo_DDA_dbgi_007101_01_01_nr8.mzML
dbgi_003420_01_01,250411_ML_Metabo_DDA_dbgi_003420_01_01_nr8.mzML
dbgi_003333_01_01,250411_ML_Metabo_DDA_dbgi_003333_01_01_nr8.mzML
dbgi_003589_01_01,250411_ML_Metabo_DDA_dbgi_003589_01_01_nr8.mzML
dbgi_002036_01_01,250411_ML_Metabo_DDA_dbgi_002036_01_01_nr8.mzML
dbgi_003720_01_01,250411_ML_Metabo_DDA_dbgi_003720_01_01_nr8.mzML
dbgi_003790_01_01,250411_ML_Metabo_DDA_dbgi_003790_01_01_nr8.mzML
dbgi_003728_01_01,250411_ML_Metabo_DDA_dbgi_003728_01_01_nr8.mzML
dbgi_003252_01_01,250411_ML_Metabo_DDA_dbgi_003252_01_01_nr8.mzML
dbgi_003599_01_01,250411_ML_Metabo_DDA_dbgi_003599_01_01_nr8.mzML
dbgi_003854_01_01,250411_ML_Metabo_DDA_dbgi_003854_01_01_nr8.mzML
dbgi_003438_01_01,250411_ML_Metabo_DDA_dbgi_003438_01_01_nr8.mzML
dbgi_003619_01_01,250411_ML_Metabo_DDA_dbgi_003619_01_01_nr8.mzML
dbgi_003576_01_01,250411_ML_Metabo_DDA_dbgi_003576_01_01_nr8.mzML
dbgi_001982_01_01,250411_ML_Metabo_DDA_dbgi_001982_01_01_nr8.mzML
dbgi_007102_01_01,250411_ML_Metabo_DDA_dbgi_007102_01_01_nr8.mzML
dbgi_003254_01_01,250411_ML_Metabo_DDA_dbgi_003254_01_01_nr8.mzML
dbgi_003638_01_01,250411_ML_Metabo_DDA_dbgi_003638_01_01_nr8.mzML
dbgi_003237_01_01,250411_ML_Metabo_DDA_dbgi_003237_01_01_nr8.mzML
dbgi_003484_01_01,250411_ML_Metabo_DDA_dbgi_003484_01_01_nr8.mzML
dbgi_002079_01_01,250411_ML_Metabo_DDA_dbgi_002079_01_01_nr8.mzML
dbgi_003820_01_01,250411_ML_Metabo_DDA_dbgi_003820_01_01_nr8.mzML
dbgi_003403_01_01,250411_ML_Metabo_DDA_dbgi_003403_01_01_nr8.mzML
dbgi_002017_01_01,250411_ML_Metabo_DDA_dbgi_002017_01_01_nr8.mzML
dbgi_003601_01_01,250411_ML_Metabo_DDA_dbgi_003601_01_01_nr8.mzML
dbgi_003527_01_01,250411_ML_Metabo_DDA_dbgi_003527_01_01_nr8.mzML
dbgi_003239_01_01,250411_ML_Metabo_DDA_dbgi_003239_01_01_nr8.mzML
dbgi_003823_01_01,250411_ML_Metabo_DDA_dbgi_003823_01_01_nr8.mzML
dbgi_007028_01_01,250411_ML_Metabo_DDA_dbgi_007028_01_01_nr8.mzML
dbgi_003244_01_01,250411_ML_Metabo_DDA_dbgi_003244_01_01_nr8.mzML
dbgi_003731_01_01,250411_ML_Metabo_DDA_dbgi_003731_01_01_nr8.mzML
dbgi_003565_01_01,250411_ML_Metabo_DDA_dbgi_003565_01_01_nr8.mzML
dbgi_003238_01_01,250411_ML_Metabo_DDA_dbgi_003238_01_01_nr8.mzML
dbgi_003849_01_01,250411_ML_Metabo_DDA_dbgi_003849_01_01_nr8.mzML
dbgi_003368_01_01,250411_ML_Metabo_DDA_dbgi_003368_01_01_nr8.mzML
dbgi_003946_01_01,250411_ML_Metabo_DDA_dbgi_003946_01_01_nr8.mzML
dbgi_003256_01_01,250411_ML_Metabo_DDA_dbgi_003256_01_01_nr8.mzML
dbgi_003248_01_01,250411_ML_Metabo_DDA_dbgi_003248_01_01_nr8.mzML
dbgi_003629_01_01,250411_ML_Metabo_DDA_dbgi_003629_01_01_nr8.mzML
dbgi_003600_01_01,250411_ML_Metabo_DDA_dbgi_003600_01_01_nr8.mzML
dbgi_002179_01_01,250411_ML_Metabo_DDA_dbgi_002179_01_01_nr8.mzML
dbgi_003707_01_01,250411_ML_Metabo_DDA_dbgi_003707_01_01_nr8.mzML
dbgi_002227_01_01,250411_ML_Metabo_DDA_dbgi_002227_01_01_nr8.mzML
dbgi_003441_01_01,250411_ML_Metabo_DDA_dbgi_003441_01_01_nr8.mzML
dbgi_003653_01_01,250411_ML_Metabo_DDA_dbgi_003653_01_01_nr8.mzML
dbgi_003460_01_01,250411_ML_Metabo_DDA_dbgi_003460_01_01_nr8.mzML
dbgi_003457_01_01,250411_ML_Metabo_DDA_dbgi_003457_01_01_nr8.mzML
dbgi_007095_01_01,250411_ML_Metabo_DDA_dbgi_007095_01_01_nr8.mzML
dbgi_002001_01_01,250411_ML_Metabo_DDA_dbgi_002001_01_01_nr8.mzML
dbgi_003961_01_01,250411_ML_Metabo_DDA_dbgi_003961_01_01_nr8.mzML
dbgi_003529_01_01,250411_ML_Metabo_DDA_dbgi_003529_01_01_nr8.mzML
dbgi_007099_01_01,250411_ML_Metabo_DDA_dbgi_007099_01_01_nr8.mzML
dbgi_003289_02_01,250411_ML_Metabo_DDA_dbgi_003289_02_01_nr8.mzML
dbgi_003243_01_01,250411_ML_Metabo_DDA_dbgi_003243_01_01_nr8.mzML
dbgi_003292_01_01,250411_ML_Metabo_DDA_dbgi_003292_01_01_nr8.mzML
dbgi_001995_01_01,250411_ML_Metabo_DDA_dbgi_001995_01_01_nr8.mzML
dbgi_003651_01_01,250411_ML_Metabo_DDA_dbgi_003651_01_01_nr8.mzML
dbgi_003648_01_01,250411_ML_Metabo_DDA_dbgi_003648_01_01_nr8.mzML
dbgi_003602_01_01,250411_ML_Metabo_DDA_dbgi_003602_01_01_nr8.mzML
dbgi_003312_02_01,250411_ML_Metabo_DDA_dbgi_003312_02_01_nr8.mzML
dbgi_003666_01_01,250411_ML_Metabo_DDA_dbgi_003666_01_01_nr8.mzML
dbgi_003831_01_01,250411_ML_Metabo_DDA_dbgi_003831_01_01_nr8.mzML
dbgi_003372_01_01,250411_ML_Metabo_DDA_dbgi_003372_01_01_nr8.mzML
dbgi_003712_02_01,250414_ML_Metabo_DDA_dbgi_003712_02_01_nr8.mzML
dbgi_003386_01_01,250414_ML_Metabo_DDA_dbgi_003386_01_01_nr8.mzML
dbgi_003959_01_01,250414_ML_Metabo_DDA_dbgi_003959_01_01_nr8.mzML
dbgi_007089_01_01,250414_ML_Metabo_DDA_dbgi_007089_01_01_nr8.mzML
dbgi_003376_01_01,250414_ML_Metabo_DDA_dbgi_003376_01_01_nr8.mzML
dbgi_007097_01_01,250414_ML_Metabo_DDA_dbgi_007097_01_01_nr8.mzML
dbgi_003691_01_01,250414_ML_Metabo_DDA_dbgi_003691_01_01_nr8.mzML
dbgi_003307_01_01,250414_ML_Metabo_DDA_dbgi_003307_01_01_nr8.mzML
dbgi_003774_01_01,250414_ML_Metabo_DDA_dbgi_003774_01_01_nr8.mzML
dbgi_002066_01_01,250414_ML_Metabo_DDA_dbgi_002066_01_01_nr8.mzML
dbgi_003866_01_01,250414_ML_Metabo_DDA_dbgi_003866_01_01_nr8.mzML
dbgi_003786_01_01,250414_ML_Metabo_DDA_dbgi_003786_01_01_nr8.mzML
dbgi_007087_01_01,250414_ML_Metabo_DDA_dbgi_007087_01_01_nr8.mzML
dbgi_003596_01_01,250414_ML_Metabo_DDA_dbgi_003596_01_01_nr8.mzML
dbgi_003432_01_01,250414_ML_Metabo_DDA_dbgi_003432_01_01_nr8.mzML
dbgi_003772_01_01,250414_ML_Metabo_DDA_dbgi_003772_01_01_nr8.mzML
dbgi_003667_01_01,250414_ML_Metabo_DDA_dbgi_003667_01_01_nr8.mzML
dbgi_003763_01_01,250414_ML_Metabo_DDA_dbgi_003763_01_01_nr8.mzML
dbgi_002003_01_01,250414_ML_Metabo_DDA_dbgi_002003_01_01_nr8.mzML
dbgi_003564_01_01,250414_ML_Metabo_DDA_dbgi_003564_01_01_nr8.mzML
dbgi_007096_01_01,250414_ML_Metabo_DDA_dbgi_007096_01_01_nr8.mzML
dbgi_007025_01_01,250414_ML_Metabo_DDA_dbgi_007025_01_01_nr8.mzML
dbgi_003857_01_01,250414_ML_Metabo_DDA_dbgi_003857_01_01_nr8.mzML
dbgi_003677_01_01,250414_ML_Metabo_DDA_dbgi_003677_01_01_nr8.mzML
dbgi_003652_01_01,250414_ML_Metabo_DDA_dbgi_003652_01_01_nr8.mzML
dbgi_002163_01_01,250414_ML_Metabo_DDA_dbgi_002163_01_01_nr8.mzML
dbgi_002217_01_01,250414_ML_Metabo_DDA_dbgi_002217_01_01_nr8.mzML
dbgi_003486_01_01,250414_ML_Metabo_DDA_dbgi_003486_01_01_nr8.mzML
dbgi_003426_01_01,250414_ML_Metabo_DDA_dbgi_003426_01_01_nr8.mzML
dbgi_003770_01_01,250414_ML_Metabo_DDA_dbgi_003770_01_01_nr8.mzML
dbgi_002064_01_01,250414_ML_Metabo_DDA_dbgi_002064_01_01_nr8.mzML
dbgi_002165_01_01,250414_ML_Metabo_DDA_dbgi_002165_01_01_nr8.mzML
dbgi_002056_01_01,250414_ML_Metabo_DDA_dbgi_002056_01_01_nr8.mzML
dbgi_003698_01_01,250414_ML_Metabo_DDA_dbgi_003698_01_01_nr8.mzML
dbgi_002184_01_01,250414_ML_Metabo_DDA_dbgi_002184_01_01_nr8.mzML
dbgi_003905_01_01,250414_ML_Metabo_DDA_dbgi_003905_01_01_nr8.mzML
dbgi_002082_01_01,250414_ML_Metabo_DDA_dbgi_002082_01_01_nr8.mzML
dbgi_002236_01_01,250414_ML_Metabo_DDA_dbgi_002236_01_01_nr8.mzML
dbgi_003329_01_01,250414_ML_Metabo_DDA_dbgi_003329_01_01_nr8.mzML
dbgi_002164_01_01,250414_ML_Metabo_DDA_dbgi_002164_01_01_nr8.mzML
dbgi_003890_01_01,250414_ML_Metabo_DDA_dbgi_003890_01_01_nr8.mzML
dbgi_003715_01_01,250414_ML_Metabo_DDA_dbgi_003715_01_01_nr8.mzML
dbgi_003242_01_01,250414_ML_Metabo_DDA_dbgi_003242_01_01_nr8.mzML
dbgi_001999_01_01,250414_ML_Metabo_DDA_dbgi_001999_01_01_nr8.mzML
dbgi_003760_01_01,250414_ML_Metabo_DDA_dbgi_003760_01_01_nr8.mzML
dbgi_003893_01_01,250414_ML_Metabo_DDA_dbgi_003893_01_01_nr8.mzML
dbgi_003643_01_01,250414_ML_Metabo_DDA_dbgi_003643_01_01_nr8.mzML
dbgi_003400_01_01,250414_ML_Metabo_DDA_dbgi_003400_01_01_nr8.mzML
dbgi_002199_01_01,250414_ML_Metabo_DDA_dbgi_002199_01_01_nr8.mzML
dbgi_003613_01_01,250414_ML_Metabo_DDA_dbgi_003613_01_01_nr8.mzML
dbgi_003418_01_01,250414_ML_Metabo_DDA_dbgi_003418_01_01_nr8.mzML
dbgi_003794_01_01,250414_ML_Metabo_DDA_dbgi_003794_01_01_nr8.mzML
dbgi_002186_01_01,250414_ML_Metabo_DDA_dbgi_002186_01_01_nr8.mzML
dbgi_003775_01_01,250414_ML_Metabo_DDA_dbgi_003775_01_01_nr8.mzML
dbgi_007085_01_01,250414_ML_Metabo_DDA_dbgi_007085_01_01_nr8.mzML
dbgi_003477_01_01,250414_ML_Metabo_DDA_dbgi_003477_01_01_nr8.mzML
dbgi_007090_01_01,250414_ML_Metabo_DDA_dbgi_007090_01_01_nr8.mzML
dbgi_002125_01_01,250414_ML_Metabo_DDA_dbgi_002125_01_01_nr8.mzML
dbgi_003231_01_01,250414_ML_Metabo_DDA_dbgi_003231_01_01_nr8.mzML
dbgi_002051_01_01,250414_ML_Metabo_DDA_dbgi_002051_01_01_nr8.mzML
dbgi_003485_01_01,250414_ML_Metabo_DDA_dbgi_003485_01_01_nr8.mzML
dbgi_003304_01_01,250414_ML_Metabo_DDA_dbgi_003304_01_01_nr8.mzML
dbgi_003422_01_01,250414_ML_Metabo_DDA_dbgi_003422_01_01_nr8.mzML
dbgi_003305_01_01,250414_ML_Metabo_DDA_dbgi_003305_01_01_nr8.mzML
dbgi_002023_01_01,250414_ML_Metabo_DDA_dbgi_002023_01_01_nr8.mzML
dbgi_007083_01_01,250414_ML_Metabo_DDA_dbgi_007083_01_01_nr8.mzML
dbgi_003931_01_01,250414_ML_Metabo_DDA_dbgi_003931_01_01_nr8.mzML
dbgi_007109_01_01,250414_ML_Metabo_DDA_dbgi_007109_01_01_nr8.mzML
dbgi_003658_01_01,250414_ML_Metabo_DDA_dbgi_003658_01_01_nr8.mzML
dbgi_003443_01_01,250414_ML_Metabo_DDA_dbgi_003443_01_01_nr8.mzML
dbgi_003964_01_01,250414_ML_Metabo_DDA_dbgi_003964_01_01_nr8.mzML
dbgi_003526_01_01,250414_ML_Metabo_DDA_dbgi_003526_01_01_nr8.mzML
dbgi_003592_01_01,250414_ML_Metabo_DDA_dbgi_003592_01_01_nr8.mzML
dbgi_003665_01_01,250414_ML_Metabo_DDA_dbgi_003665_01_01_nr8.mzML
dbgi_003782_01_01,250414_ML_Metabo_DDA_dbgi_003782_01_01_nr8.mzML
dbgi_001957_01_01,250414_ML_Metabo_DDA_dbgi_001957_01_01_nr8.mzML
dbgi_003676_01_01,250414_ML_Metabo_DDA_dbgi_003676_01_01_nr8.mzML
dbgi_003268_01_01,250414_ML_Metabo_DDA_dbgi_003268_01_01_nr8.mzML
dbgi_002214_01_01,250414_ML_Metabo_DDA_dbgi_002214_01_01_nr8.mzML
dbgi_003761_01_01,250415_ML_Metabo_DDA_dbgi_003761_01_01_nr8.mzML
dbgi_003713_01_01,250415_ML_Metabo_DDA_dbgi_003713_01_01_nr8.mzML
dbgi_002021_01_01,250415_ML_Metabo_DDA_dbgi_002021_01_01_nr8.mzML
dbgi_002150_01_01,250415_ML_Metabo_DDA_dbgi_002150_01_01_nr8.mzML
dbgi_003716_01_01,250415_ML_Metabo_DDA_dbgi_003716_01_01_nr8.mzML
dbgi_003569_01_01,250415_ML_Metabo_DDA_dbgi_003569_01_01_nr8.mzML
dbgi_003938_01_01,250415_ML_Metabo_DDA_dbgi_003938_01_01_nr8.mzML
dbgi_002119_01_01,250415_ML_Metabo_DDA_dbgi_002119_01_01_nr8.mzML
dbgi_003447_01_01,250415_ML_Metabo_DDA_dbgi_003447_01_01_nr8.mzML
dbgi_003795_01_01,250415_ML_Metabo_DDA_dbgi_003795_01_01_nr8.mzML
dbgi_003684_01_01,250415_ML_Metabo_DDA_dbgi_003684_01_01_nr8.mzML
dbgi_002075_01_01,250415_ML_Metabo_DDA_dbgi_002075_01_01_nr8.mzML
dbgi_002058_01_01,250415_ML_Metabo_DDA_dbgi_002058_01_01_nr8.mzML
dbgi_003236_01_01,250415_ML_Metabo_DDA_dbgi_003236_01_01_nr8.mzML
dbgi_007093_01_01,250415_ML_Metabo_DDA_dbgi_007093_01_01_nr8.mzML
dbgi_003487_01_01,250415_ML_Metabo_DDA_dbgi_003487_01_01_nr8.mzML
dbgi_007159_01_01,250415_ML_Metabo_DDA_dbgi_007159_01_01_nr8.mzML
dbgi_003714_01_01,250415_ML_Metabo_DDA_dbgi_003714_01_01_nr8.mzML
dbgi_003521_01_01,250415_ML_Metabo_DDA_dbgi_003521_01_01_nr8.mzML
dbgi_003492_01_01,250415_ML_Metabo_DDA_dbgi_003492_01_01_nr8.mzML
dbgi_003395_01_01,250415_ML_Metabo_DDA_dbgi_003395_01_01_nr8.mzML
dbgi_002135_01_01,250415_ML_Metabo_DDA_dbgi_002135_01_01_nr8.mzML
dbgi_003597_01_01,250415_ML_Metabo_DDA_dbgi_003597_01_01_nr8.mzML
dbgi_003632_01_01,250415_ML_Metabo_DDA_dbgi_003632_01_01_nr8.mzML
dbgi_003263_01_01,250415_ML_Metabo_DDA_dbgi_003263_01_01_nr8.mzML
dbgi_003620_01_01,250415_ML_Metabo_DDA_dbgi_003620_01_01_nr8.mzML
dbgi_003559_01_01,250415_ML_Metabo_DDA_dbgi_003559_01_01_nr8.mzML
dbgi_003473_01_01,250415_ML_Metabo_DDA_dbgi_003473_01_01_nr8.mzML
dbgi_002120_01_01,250415_ML_Metabo_DDA_dbgi_002120_01_01_nr8.mzML
dbgi_003228_01_01,250415_ML_Metabo_DDA_dbgi_003228_01_01_nr8.mzML
dbgi_003764_01_01,250415_ML_Metabo_DDA_dbgi_003764_01_01_nr8.mzML
dbgi_003495_01_01,250415_ML_Metabo_DDA_dbgi_003495_01_01_nr8.mzML
dbgi_002188_01_01,250415_ML_Metabo_DDA_dbgi_002188_01_01_nr8.mzML
dbgi_002219_01_01,250415_ML_Metabo_DDA_dbgi_002219_01_01_nr8.mzML
dbgi_003391_01_01,250415_ML_Metabo_DDA_dbgi_003391_01_01_nr8.mzML
dbgi_003240_01_01,250415_ML_Metabo_DDA_dbgi_003240_01_01_nr8.mzML
dbgi_003673_01_01,250415_ML_Metabo_DDA_dbgi_003673_01_01_nr8.mzML
dbgi_003445_01_01,250415_ML_Metabo_DDA_dbgi_003445_01_01_nr8.mzML
dbgi_003382_01_01,250415_ML_Metabo_DDA_dbgi_003382_01_01_nr8.mzML
dbgi_003367_01_01,250415_ML_Metabo_DDA_dbgi_003367_01_01_nr8.mzML
dbgi_007024_01_01,250415_ML_Metabo_DDA_dbgi_007024_01_01_nr8.mzML
dbgi_003865_01_01,250415_ML_Metabo_DDA_dbgi_003865_01_01_nr8.mzML
dbgi_003401_01_01,250415_ML_Metabo_DDA_dbgi_003401_01_01_nr8.mzML
dbgi_003490_01_01,250415_ML_Metabo_DDA_dbgi_003490_01_01_nr8.mzML
dbgi_002028_01_01,250415_ML_Metabo_DDA_dbgi_002028_01_01_nr8.mzML
dbgi_002160_01_01,250415_ML_Metabo_DDA_dbgi_002160_01_01_nr8.mzML
dbgi_003503_01_01,250415_ML_Metabo_DDA_dbgi_003503_01_01_nr8.mzML
dbgi_003694_01_01,250415_ML_Metabo_DDA_dbgi_003694_01_01_nr8.mzML
dbgi_003293_01_01,250415_ML_Metabo_DDA_dbgi_003293_01_01_nr8.mzML
dbgi_002121_01_01,250415_ML_Metabo_DDA_dbgi_002121_01_01_nr8.mzML
dbgi_003801_01_01,250415_ML_Metabo_DDA_dbgi_003801_01_01_nr8.mzML
dbgi_003896_01_01,250415_ML_Metabo_DDA_dbgi_003896_01_01_nr8.mzML
dbgi_003769_01_01,250415_ML_Metabo_DDA_dbgi_003769_01_01_nr8.mzML
dbgi_003504_01_01,250415_ML_Metabo_DDA_dbgi_003504_01_01_nr8.mzML
dbgi_003474_01_01,250415_ML_Metabo_DDA_dbgi_003474_01_01_nr8.mzML
dbgi_002207_01_01,250415_ML_Metabo_DDA_dbgi_002207_01_01_nr8.mzML
dbgi_003532_01_01,250415_ML_Metabo_DDA_dbgi_003532_01_01_nr8.mzML
dbgi_003440_01_01,250415_ML_Metabo_DDA_dbgi_003440_01_01_nr8.mzML
dbgi_003513_01_01,250415_ML_Metabo_DDA_dbgi_003513_01_01_nr8.mzML
dbgi_003388_01_01,250415_ML_Metabo_DDA_dbgi_003388_01_01_nr8.mzML
dbgi_003523_01_01,250415_ML_Metabo_DDA_dbgi_003523_01_01_nr8.mzML
dbgi_002201_01_01,250415_ML_Metabo_DDA_dbgi_002201_01_01_nr8.mzML
dbgi_002167_01_01,250415_ML_Metabo_DDA_dbgi_002167_01_01_nr8.mzML
dbgi_003634_01_01,250415_ML_Metabo_DDA_dbgi_003634_01_01_nr8.mzML
dbgi_002111_01_01,250415_ML_Metabo_DDA_dbgi_002111_01_01_nr8.mzML
dbgi_003561_01_01,250415_ML_Metabo_DDA_dbgi_003561_01_01_nr8.mzML
dbgi_003787_01_01,250415_ML_Metabo_DDA_dbgi_003787_01_01_nr8.mzML
dbgi_003277_01_01,250415_ML_Metabo_DDA_dbgi_003277_01_01_nr8.mzML
dbgi_003452_01_01,250415_ML_Metabo_DDA_dbgi_003452_01_01_nr8.mzML
dbgi_002093_01_01,250415_ML_Metabo_DDA_dbgi_002093_01_01_nr8.mzML
dbgi_003535_01_01,250415_ML_Metabo_DDA_dbgi_003535_01_01_nr8.mzML
dbgi_003635_01_01,250415_ML_Metabo_DDA_dbgi_003635_01_01_nr8.mzML
dbgi_003723_01_01,250415_ML_Metabo_DDA_dbgi_003723_01_01_nr8.mzML
dbgi_003789_01_01,250415_ML_Metabo_DDA_dbgi_003789_01_01_nr8.mzML
dbgi_003580_01_01,250415_ML_Metabo_DDA_dbgi_003580_01_01_nr8.mzML
dbgi_003574_01_01,250415_ML_Metabo_DDA_dbgi_003574_01_01_nr8.mzML
dbgi_003906_01_01,250415_ML_Metabo_DDA_dbgi_003906_01_01_nr8.mzML
dbgi_003708_01_01,250415_ML_Metabo_DDA_dbgi_003708_01_01_nr8.mzML
dbgi_003649_01_01,250415_ML_Metabo_DDA_dbgi_003649_01_01_nr8.mzML
dbgi_003500_01_01,250416_ML_Metabo_DDA_dbgi_003500_01_01_nr8.mzML
dbgi_003435_01_01,250416_ML_Metabo_DDA_dbgi_003435_01_01_nr8.mzML
dbgi_003255_01_01,250416_ML_Metabo_DDA_dbgi_003255_01_01_nr8.mzML
dbgi_003766_01_01,250416_ML_Metabo_DDA_dbgi_003766_01_01_nr8.mzML
dbgi_003660_01_01,250416_ML_Metabo_DDA_dbgi_003660_01_01_nr8.mzML
dbgi_003952_01_01,250416_ML_Metabo_DDA_dbgi_003952_01_01_nr8.mzML
dbgi_003566_01_01,250416_ML_Metabo_DDA_dbgi_003566_01_01_nr8.mzML
dbgi_003232_01_01,250416_ML_Metabo_DDA_dbgi_003232_01_01_nr8.mzML
dbgi_003421_01_01,250416_ML_Metabo_DDA_dbgi_003421_01_01_nr8.mzML
dbgi_003700_01_01,250416_ML_Metabo_DDA_dbgi_003700_01_01_nr8.mzML
dbgi_003463_01_01,250416_ML_Metabo_DDA_dbgi_003463_01_01_nr8.mzML
dbgi_003631_01_01,250416_ML_Metabo_DDA_dbgi_003631_01_01_nr8.mzML
dbgi_002185_01_01,250416_ML_Metabo_DDA_dbgi_002185_01_01_nr8.mzML
dbgi_003416_01_01,250416_ML_Metabo_DDA_dbgi_003416_01_01_nr8.mzML
dbgi_003528_01_01,250416_ML_Metabo_DDA_dbgi_003528_01_01_nr8.mzML
dbgi_003740_01_01,250416_ML_Metabo_DDA_dbgi_003740_01_01_nr8.mzML
dbgi_003655_01_01,250416_ML_Metabo_DDA_dbgi_003655_01_01_nr8.mzML
dbgi_003822_01_01,250416_ML_Metabo_DDA_dbgi_003822_01_01_nr8.mzML
dbgi_003417_01_01,250416_ML_Metabo_DDA_dbgi_003417_01_01_nr8.mzML
dbgi_003300_01_01,250416_ML_Metabo_DDA_dbgi_003300_01_01_nr8.mzML
dbgi_002162_01_01,250416_ML_Metabo_DDA_dbgi_002162_01_01_nr8.mzML
dbgi_002223_01_01,250416_ML_Metabo_DDA_dbgi_002223_01_01_nr8.mzML
dbgi_003742_01_01,250416_ML_Metabo_DDA_dbgi_003742_01_01_nr8.mzML
dbgi_003384_01_01,250416_ML_Metabo_DDA_dbgi_003384_01_01_nr8.mzML
dbgi_003508_01_01,250416_ML_Metabo_DDA_dbgi_003508_01_01_nr8.mzML
dbgi_003430_01_01,250416_ML_Metabo_DDA_dbgi_003430_01_01_nr8.mzML
dbgi_003654_01_01,250416_ML_Metabo_DDA_dbgi_003654_01_01_nr8.mzML
dbgi_003557_01_01,250416_ML_Metabo_DDA_dbgi_003557_01_01_nr8.mzML
dbgi_003894_01_01,250416_ML_Metabo_DDA_dbgi_003894_01_01_nr8.mzML
dbgi_003686_01_01,250416_ML_Metabo_DDA_dbgi_003686_01_01_nr8.mzML
dbgi_003371_01_01,250416_ML_Metabo_DDA_dbgi_003371_01_01_nr8.mzML
dbgi_002038_01_01,250416_ML_Metabo_DDA_dbgi_002038_01_01_nr8.mzML
dbgi_003392_01_01,250416_ML_Metabo_DDA_dbgi_003392_01_01_nr8.mzML
dbgi_003550_01_01,250416_ML_Metabo_DDA_dbgi_003550_01_01_nr8.mzML
dbgi_003806_01_01,250416_ML_Metabo_DDA_dbgi_003806_01_01_nr8.mzML
dbgi_003469_01_01,250416_ML_Metabo_DDA_dbgi_003469_01_01_nr8.mzML
dbgi_003923_01_01,250416_ML_Metabo_DDA_dbgi_003923_01_01_nr8.mzML
dbgi_003235_01_01,250416_ML_Metabo_DDA_dbgi_003235_01_01_nr8.mzML
dbgi_003851_01_01,250416_ML_Metabo_DDA_dbgi_003851_01_01_nr8.mzML
dbgi_003515_01_01,250416_ML_Metabo_DDA_dbgi_003515_01_01_nr8.mzML
dbgi_002063_01_01,250416_ML_Metabo_DDA_dbgi_002063_01_01_nr8.mzML
dbgi_003933_01_01,250416_ML_Metabo_DDA_dbgi_003933_01_01_nr8.mzML
dbgi_003920_01_01,250416_ML_Metabo_DDA_dbgi_003920_01_01_nr8.mzML
dbgi_003429_01_01,250416_ML_Metabo_DDA_dbgi_003429_01_01_nr8.mzML
dbgi_002166_01_01,250416_ML_Metabo_DDA_dbgi_002166_01_01_nr8.mzML
dbgi_003829_01_01,250416_ML_Metabo_DDA_dbgi_003829_01_01_nr8.mzML
dbgi_003751_01_01,250416_ML_Metabo_DDA_dbgi_003751_01_01_nr8.mzML
dbgi_003828_01_01,250416_ML_Metabo_DDA_dbgi_003828_01_01_nr8.mzML
dbgi_003647_01_01,250416_ML_Metabo_DDA_dbgi_003647_01_01_nr8.mzML
dbgi_003680_01_01,250416_ML_Metabo_DDA_dbgi_003680_01_01_nr8.mzML
dbgi_002176_01_01,250416_ML_Metabo_DDA_dbgi_002176_01_01_nr8.mzML
dbgi_003326_01_01,250416_ML_Metabo_DDA_dbgi_003326_01_01_nr8.mzML
dbgi_002062_01_01,250416_ML_Metabo_DDA_dbgi_002062_01_01_nr8.mzML
dbgi_003354_01_01,250416_ML_Metabo_DDA_dbgi_003354_01_01_nr8.mzML
dbgi_003626_01_01,250416_ML_Metabo_DDA_dbgi_003626_01_01_nr8.mzML
dbgi_003767_01_01,250416_ML_Metabo_DDA_dbgi_003767_01_01_nr8.mzML
dbgi_002108_01_01,250416_ML_Metabo_DDA_dbgi_002108_01_01_nr8.mzML
dbgi_003808_01_01,250416_ML_Metabo_DDA_dbgi_003808_01_01_nr8.mzML
dbgi_003898_01_01,250416_ML_Metabo_DDA_dbgi_003898_01_01_nr8.mzML
dbgi_003873_01_01,250416_ML_Metabo_DDA_dbgi_003873_01_01_nr8.mzML
dbgi_002192_01_01,250416_ML_Metabo_DDA_dbgi_002192_01_01_nr8.mzML
dbgi_003816_01_01,250416_ML_Metabo_DDA_dbgi_003816_01_01_nr8.mzML
dbgi_003360_01_01,250416_ML_Metabo_DDA_dbgi_003360_01_01_nr8.mzML
dbgi_003594_01_01,250416_ML_Metabo_DDA_dbgi_003594_01_01_nr8.mzML
dbgi_001966_01_01,250416_ML_Metabo_DDA_dbgi_001966_01_01_nr8.mzML
dbgi_003491_01_01,250416_ML_Metabo_DDA_dbgi_003491_01_01_nr8.mzML
dbgi_003864_01_01,250416_ML_Metabo_DDA_dbgi_003864_01_01_nr8.mzML
dbgi_003696_01_01,250416_ML_Metabo_DDA_dbgi_003696_01_01_nr8.mzML
dbgi_002012_01_01,250416_ML_Metabo_DDA_dbgi_002012_01_01_nr8.mzML
dbgi_003695_01_01,250416_ML_Metabo_DDA_dbgi_003695_01_01_nr8.mzML
dbgi_003510_01_01,250416_ML_Metabo_DDA_dbgi_003510_01_01_nr8.mzML
dbgi_003539_01_01,250416_ML_Metabo_DDA_dbgi_003539_01_01_nr8.mzML
dbgi_003874_01_01,250416_ML_Metabo_DDA_dbgi_003874_01_01_nr8.mzML
dbgi_003409_01_01,250416_ML_Metabo_DDA_dbgi_003409_01_01_nr8.mzML
dbgi_003771_03_01,250417_ML_Metabo_DDA_dbgi_003771_03_01_nr8.mzML
dbgi_001988_02_01,250417_ML_Metabo_DDA_dbgi_001988_02_01_nr8.mzML
dbgi_002102_02_01,250417_ML_Metabo_DDA_dbgi_002102_02_01_nr8.mzML
dbgi_002052_01_01,250417_ML_Metabo_DDA_dbgi_002052_01_01_nr8.mzML
dbgi_007165_01_01,250417_ML_Metabo_DDA_dbgi_007165_01_01_nr8.mzML
dbgi_002226_01_01,250417_ML_Metabo_DDA_dbgi_002226_01_01_nr8.mzML
dbgi_003701_01_01,250417_ML_Metabo_DDA_dbgi_003701_01_01_nr8.mzML
dbgi_007033_01_01,250417_ML_Metabo_DDA_dbgi_007033_01_01_nr8.mzML
absi_000192_01_01,250417_ML_Metabo_DDA_absi_000192_01_01_nr8.mzML
dbgi_002059_01_01,250417_ML_Metabo_DDA_dbgi_002059_01_01_nr8.mzML
dbgi_007140_01_01,250417_ML_Metabo_DDA_dbgi_007140_01_01_nr8.mzML
dbgi_002013_01_01,250417_ML_Metabo_DDA_dbgi_002013_01_01_nr8.mzML
dbgi_003425_01_01,250417_ML_Metabo_DDA_dbgi_003425_01_01_nr8.mzML
dbgi_003517_01_01,250417_ML_Metabo_DDA_dbgi_003517_01_01_nr8.mzML
dbgi_003480_01_01,250417_ML_Metabo_DDA_dbgi_003480_01_01_nr8.mzML
dbgi_003571_01_01,250417_ML_Metabo_DDA_dbgi_003571_01_01_nr8.mzML
dbgi_002054_01_01,250417_ML_Metabo_DDA_dbgi_002054_01_01_nr8.mzML
dbgi_003732_01_01,250417_ML_Metabo_DDA_dbgi_003732_01_01_nr8.mzML
dbgi_003398_01_01,250417_ML_Metabo_DDA_dbgi_003398_01_01_nr8.mzML
dbgi_003251_01_01,250417_ML_Metabo_DDA_dbgi_003251_01_01_nr8.mzML
dbgi_007162_01_01,250417_ML_Metabo_DDA_dbgi_007162_01_01_nr8.mzML
dbgi_007056_01_01,250417_ML_Metabo_DDA_dbgi_007056_01_01_nr8.mzML
dbgi_003399_01_01,250417_ML_Metabo_DDA_dbgi_003399_01_01_nr8.mzML
dbgi_002154_01_01,250417_ML_Metabo_DDA_dbgi_002154_01_01_nr8.mzML
dbgi_003912_01_01,250417_ML_Metabo_DDA_dbgi_003912_01_01_nr8.mzML
dbgi_003779_01_01,250417_ML_Metabo_DDA_dbgi_003779_01_01_nr8.mzML
dbgi_003545_01_01,250417_ML_Metabo_DDA_dbgi_003545_01_01_nr8.mzML
dbgi_002053_01_01,250417_ML_Metabo_DDA_dbgi_002053_01_01_nr8.mzML
dbgi_003733_01_01,250417_ML_Metabo_DDA_dbgi_003733_01_01_nr8.mzML
dbgi_002078_01_01,250417_ML_Metabo_DDA_dbgi_002078_01_01_nr8.mzML
dbgi_003499_01_01,250417_ML_Metabo_DDA_dbgi_003499_01_01_nr8.mzML
dbgi_002098_01_01,250417_ML_Metabo_DDA_dbgi_002098_01_01_nr8.mzML
