confidence	rationale	nonstandard_field_data_id	nonstandard_sample_id	canonical_field_data_ids	canonical_sample_ids	taxon_name	date	latitude_rounded	longitude_rounded	canonical_taxon_names
high	nonstandard row has one canonical row with same taxon/date/rounded location	72573	dbgi_7	72532	dbgi_007037	rhododendron violaceum	20250625090000	7.113113	46.03264	
high	nonstandard row has one canonical row with same taxon/date/rounded location	72574	dbgi_8	72533	dbgi_008683	oxalis valdiviensis	20250625090203	7.113112	46.032654	
high	nonstandard row has one canonical row with same taxon/date/rounded location	72575	dbgi_9	72534	dbgi_008450	olearia haastii	20250625090629	7.113133	46.032642	
high	nonstandard row has one canonical row with same taxon/date/rounded location	72576	dbgi_10	72535	dbgi_008460	rhododendron lepidotum	20250625091237	7.113162	46.032646	
high	nonstandard row has one canonical row with same taxon/date/rounded location	72577	dbgi_11	72536	dbgi_008560	rhododendron insigne	20250625093120	7.11316	46.032627	
high	nonstandard row has one canonical row with same taxon/date/rounded location	72578	dbgi_12	72537	dbgi_008398	rhododendron hyppophaeoides	20250625093355	7.113205	46.03265	
high	nonstandard row has one canonical row with same taxon/date/rounded location	72579	dbgi_13	72538	dbgi_008474	chamaecytisus aggregatus	20250625093702	7.11319	46.032642	
high	nonstandard row has one canonical row with same taxon/date/rounded location	72580	dbgi_14	72539	dbgi_008512	rhododendron keleticum	20250625094138	7.113055	46.032673	
high	nonstandard row has one canonical row with same taxon/date/rounded location	72581	dbgi_15	72540	dbgi_008433	salix rotundifolia	20250625094313	7.113077	46.032677	
high	nonstandard row has one canonical row with same taxon/date/rounded location	72582	dbgi_16	72541	dbgi_008476	wulfenia carinthiaca	20250625094543	7.113052	46.032684	
high	nonstandard row has one canonical row with same taxon/date/rounded location	72583	dbgi_17	72542	dbgi_008415	asarum europaeum	20250625094708	7.113073	46.032673	
high	nonstandard row has one canonical row with same taxon/date/rounded location	72584	dbgi_18	72543	dbgi_008517	rhodothamnus chamaecistus	20250625094830	7.113061	46.03266	
high	nonstandard row has one canonical row with same taxon/date/rounded location	72585	dbgi_19	72544	dbgi_008465	campanula rhomboidalis	20250625095047	7.113035	46.032677	
high	nonstandard row has one canonical row with same taxon/date/rounded location	72586	dbgi_20	72545	dbgi_008399	sedum lydium	20250625095313	7.113059	46.03267	
high	nonstandard row has one canonical row with same taxon/date/rounded location	72587	dbgi_21	72546	dbgi_008448	arum maculatum	20250625095625	7.11304	46.03267	
high	nonstandard row has one canonical row with same taxon/date/rounded location	72588	dbgi_22	72547	dbgi_008587	bulbinella hookeri	20250625095923	7.113079	46.03268	
high	nonstandard row has one canonical row with same taxon/date/rounded location	72590	dbgi_24	72549	dbgi_008401	cypripedium reginae	20250625100431	7.113039	46.032684	
high	nonstandard row has one canonical row with same taxon/date/rounded location	72591	dbgi_25	72550	dbgi_008414	rhododendron carolinianum	20250625100636	7.113057	46.032677	
high	nonstandard row has one canonical row with same taxon/date/rounded location	72592	dbgi_26	72551	dbgi_008436	blechnum spicant	20250625100907	7.113082	46.03267	
high	nonstandard row has one canonical row with same taxon/date/rounded location	72593	dbgi_27	72552	dbgi_008430	ribes spicatum	20250625103340	7.113192	46.032578	
high	nonstandard row has one canonical row with same taxon/date/rounded location	72594	dbgi_28	72553	dbgi_008378	penstemon ovatus	20250625103604	7.113191	46.03257	
high	nonstandard row has one canonical row with same taxon/date/rounded location	72595	dbgi_29	72554	dbgi_008489	tsuga canadensis	20250625103817	7.113307	46.032593	
high	nonstandard row has one canonical row with same taxon/date/rounded location	72596	dbgi_30	72555	dbgi_008408	anthennaria canadensis	20250625104139	7.11333	46.032585	
high	nonstandard row has one canonical row with same taxon/date/rounded location	72597	dbgi_31	72556	dbgi_008442	taxus baccata	20250625104344	7.11334	46.032578	
high	nonstandard row has one canonical row with same taxon/date/rounded location	72598	dbgi_32	72557	dbgi_008650	genista radiata	20250625104603	7.113218	46.032543	
high	nonstandard row has one canonical row with same taxon/date/rounded location	72599	dbgi_33	72558	dbgi_008464	asphodelus albus	20250625104735	7.113292	46.03255	
high	nonstandard row has one canonical row with same taxon/date/rounded location	72600	dbgi_34	72559	dbgi_008423	colutea arborescens	20250625105340	7.113236	46.032578	
high	nonstandard row has one canonical row with same taxon/date/rounded location	72601	dbgi_35	72560	dbgi_008640	dianthus subacaulis	20250625110513	7.113278	46.032574	
high	nonstandard row has one canonical row with same taxon/date/rounded location	72602	dbgi_36	72561	dbgi_008754	lithospermum intermedium	20250625110811	7.11329	46.032623	
high	nonstandard row has one canonical row with same taxon/date/rounded location	72603	dbgi_37	72562	dbgi_008647	dianthus plumarius	20250625111046	7.113257	46.032593	
high	nonstandard row has one canonical row with same taxon/date/rounded location	72604	dbgi_38	72563	dbgi_008637	helichrysum graveolens	20250625111454	7.113254	46.032593	
high	nonstandard row has one canonical row with same taxon/date/rounded location	72605	dbgi_39	72564	dbgi_008527	eriogonum umbellatum	20250625111723	7.113238	46.032597	
high	nonstandard row has one canonical row with same taxon/date/rounded location	72606	dbgi_40	72565	dbgi_008646	micromeria dalmatica	20250625111909	7.113258	46.0326	
high	nonstandard row has one canonical row with same taxon/date/rounded location	72607	dbgi_41	72566	dbgi_008645	globularia bisnagarica	20250625112113	7.113287	46.032608	
high	nonstandard row has one canonical row with same taxon/date/rounded location	72608	dbgi_42	72567	dbgi_008486	dryas octopetala	20250625112303	7.113337	46.03261	
high	nonstandard row has one canonical row with same taxon/date/rounded location	72609	dbgi_43	72568	dbgi_008763	convallaria majalis	20250625112837	7.113485	46.032635	
high	nonstandard row has one canonical row with same taxon/date/rounded location	72610	dbgi_44	72569	dbgi_008395	colchicum autumnale	20250625113005	7.113473	46.03267	
high	nonstandard row has one canonical row with same taxon/date/rounded location	72612	dbgi_46	72571	dbgi_008419	aegopodium podagraria	20250625113405	7.113481	46.032627	
high	nonstandard row has one canonical row with same taxon/date/rounded location	72613	dbgi_47	72572	dbgi_008602	gentiana lutea	20250625113741	7.113484	46.032665	
high	nonstandard row has one canonical row with same taxon/date/rounded location	72664	dbgi_49	72525	dbgi_006886	paeonia mascula	20250625084138	7.11309	46.032585	
high	nonstandard row has one canonical row with same taxon/date/rounded location	72665	dbgi_50	72526	dbgi_006789	juniperus chinensis	20250625084401	7.113108	46.03258	
high	nonstandard row has one canonical row with same taxon/date/rounded location	72666	dbgi_51	72527	dbgi_006806	centaurea montana	20250625084553	7.113162	46.03259	
high	nonstandard row has one canonical row with same taxon/date/rounded location	72667	dbgi_52	72528	dbgi_008679	gymnocarpium dryopteris	20250625084828	7.113147	46.032635	
high	nonstandard row has one canonical row with same taxon/date/rounded location	72668	dbgi_53	72529	dbgi_006792	linum flavum	20250625085005	7.113162	46.03265	
high	nonstandard row has one canonical row with same taxon/date/rounded location	72669	dbgi_54	72530	dbgi_006877	anthyllis montana	20250625085229	7.113125	46.032654	
high	nonstandard row has one canonical row with same taxon/date/rounded location	72670	dbgi_55	72531	dbgi_006980	dianthus subacaulis	20250625085752	7.113112	46.03263	
high	nonstandard row has one canonical row with same taxon/date/rounded location	72671	dbgi_56	72532	dbgi_007037	rhododendron violaceum	20250625090000	7.113113	46.03264	
high	nonstandard row has one canonical row with same taxon/date/rounded location	72672	dbgi_57	72533	dbgi_008683	oxalis valdiviensis	20250625090203	7.113112	46.032654	
high	nonstandard row has one canonical row with same taxon/date/rounded location	72673	dbgi_58	72534	dbgi_008450	olearia haastii	20250625090629	7.113133	46.032642	
high	nonstandard row has one canonical row with same taxon/date/rounded location	72674	dbgi_59	72535	dbgi_008460	rhododendron lepidotum	20250625091237	7.113162	46.032646	
high	nonstandard row has one canonical row with same taxon/date/rounded location	72675	dbgi_60	72536	dbgi_008560	rhododendron insigne	20250625093120	7.11316	46.032627	
high	nonstandard row has one canonical row with same taxon/date/rounded location	72676	dbgi_61	72537	dbgi_008398	rhododendron hyppophaeoides	20250625093355	7.113205	46.03265	
high	nonstandard row has one canonical row with same taxon/date/rounded location	72677	dbgi_62	72538	dbgi_008474	chamaecytisus aggregatus	20250625093702	7.11319	46.032642	
high	nonstandard row has one canonical row with same taxon/date/rounded location	72678	dbgi_63	72539	dbgi_008512	rhododendron keleticum	20250625094138	7.113055	46.032673	
high	nonstandard row has one canonical row with same taxon/date/rounded location	72679	dbgi_64	72540	dbgi_008433	salix rotundifolia	20250625094313	7.113077	46.032677	
high	nonstandard row has one canonical row with same taxon/date/rounded location	72680	dbgi_65	72541	dbgi_008476	wulfenia carinthiaca	20250625094543	7.113052	46.032684	
high	nonstandard row has one canonical row with same taxon/date/rounded location	72681	dbgi_66	72542	dbgi_008415	asarum europaeum	20250625094708	7.113073	46.032673	
high	nonstandard row has one canonical row with same taxon/date/rounded location	72682	dbgi_67	72543	dbgi_008517	rhodothamnus chamaecistus	20250625094830	7.113061	46.03266	
high	nonstandard row has one canonical row with same taxon/date/rounded location	72683	dbgi_68	72544	dbgi_008465	campanula rhomboidalis	20250625095047	7.113035	46.032677	
high	nonstandard row has one canonical row with same taxon/date/rounded location	72684	dbgi_69	72545	dbgi_008399	sedum lydium	20250625095313	7.113059	46.03267	
high	nonstandard row has one canonical row with same taxon/date/rounded location	72685	dbgi_70	72546	dbgi_008448	arum maculatum	20250625095625	7.11304	46.03267	
high	nonstandard row has one canonical row with same taxon/date/rounded location	72686	dbgi_71	72547	dbgi_008587	bulbinella hookeri	20250625095923	7.113079	46.03268	
high	nonstandard row has one canonical row with same taxon/date/rounded location	72688	dbgi_73	72549	dbgi_008401	cypripedium reginae	20250625100431	7.113039	46.032684	
high	nonstandard row has one canonical row with same taxon/date/rounded location	72689	dbgi_74	72550	dbgi_008414	rhododendron carolinianum	20250625100636	7.113057	46.032677	
high	nonstandard row has one canonical row with same taxon/date/rounded location	72690	dbgi_75	72551	dbgi_008436	blechnum spicant	20250625100907	7.113082	46.03267	
high	nonstandard row has one canonical row with same taxon/date/rounded location	72691	dbgi_76	72552	dbgi_008430	ribes spicatum	20250625103340	7.113192	46.032578	
high	nonstandard row has one canonical row with same taxon/date/rounded location	72692	dbgi_77	72553	dbgi_008378	penstemon ovatus	20250625103604	7.113191	46.03257	
high	nonstandard row has one canonical row with same taxon/date/rounded location	72693	dbgi_78	72554	dbgi_008489	tsuga canadensis	20250625103817	7.113307	46.032593	
high	nonstandard row has one canonical row with same taxon/date/rounded location	72694	dbgi_79	72555	dbgi_008408	anthennaria canadensis	20250625104139	7.11333	46.032585	
high	nonstandard row has one canonical row with same taxon/date/rounded location	72695	dbgi_80	72556	dbgi_008442	taxus baccata	20250625104344	7.11334	46.032578	
high	nonstandard row has one canonical row with same taxon/date/rounded location	72696	dbgi_81	72557	dbgi_008650	genista radiata	20250625104603	7.113218	46.032543	
high	nonstandard row has one canonical row with same taxon/date/rounded location	72697	dbgi_82	72558	dbgi_008464	asphodelus albus	20250625104735	7.113292	46.03255	
high	nonstandard row has one canonical row with same taxon/date/rounded location	72698	dbgi_83	72559	dbgi_008423	colutea arborescens	20250625105340	7.113236	46.032578	
high	nonstandard row has one canonical row with same taxon/date/rounded location	72699	dbgi_84	72560	dbgi_008640	dianthus subacaulis	20250625110513	7.113278	46.032574	
high	nonstandard row has one canonical row with same taxon/date/rounded location	72700	dbgi_85	72561	dbgi_008754	lithospermum intermedium	20250625110811	7.11329	46.032623	
high	nonstandard row has one canonical row with same taxon/date/rounded location	72701	dbgi_86	72562	dbgi_008647	dianthus plumarius	20250625111046	7.113257	46.032593	
high	nonstandard row has one canonical row with same taxon/date/rounded location	72702	dbgi_87	72563	dbgi_008637	helichrysum graveolens	20250625111454	7.113254	46.032593	
high	nonstandard row has one canonical row with same taxon/date/rounded location	72703	dbgi_88	72564	dbgi_008527	eriogonum umbellatum	20250625111723	7.113238	46.032597	
high	nonstandard row has one canonical row with same taxon/date/rounded location	72704	dbgi_89	72565	dbgi_008646	micromeria dalmatica	20250625111909	7.113258	46.0326	
high	nonstandard row has one canonical row with same taxon/date/rounded location	72705	dbgi_90	72566	dbgi_008645	globularia bisnagarica	20250625112113	7.113287	46.032608	
high	nonstandard row has one canonical row with same taxon/date/rounded location	72706	dbgi_91	72567	dbgi_008486	dryas octopetala	20250625112303	7.113337	46.03261	
high	nonstandard row has one canonical row with same taxon/date/rounded location	72707	dbgi_92	72568	dbgi_008763	convallaria majalis	20250625112837	7.113485	46.032635	
high	nonstandard row has one canonical row with same taxon/date/rounded location	72708	dbgi_93	72569	dbgi_008395	colchicum autumnale	20250625113005	7.113473	46.03267	
high	nonstandard row has one canonical row with same taxon/date/rounded location	72710	dbgi_95	72571	dbgi_008419	aegopodium podagraria	20250625113405	7.113481	46.032627	
high	nonstandard row has one canonical row with same taxon/date/rounded location	72711	dbgi_96	72572	dbgi_008602	gentiana lutea	20250625113741	7.113484	46.032665	
high	nonstandard row has one canonical row with same taxon/date/rounded location	72712	dbgi_97	72614	dbgi_008728	rhododendron brachyanthum	20250625084052	7.113073	46.032623	
high	nonstandard row has one canonical row with same taxon/date/rounded location	72713	dbgi_98	72615	dbgi_008748	omphalodes verna	20250625084410	7.113065	46.032623	
high	nonstandard row has one canonical row with same taxon/date/rounded location	72714	dbgi_99	72616	dbgi_008642	androsaceae sarmentosa	20250625084610	7.11307	46.032616	
high	nonstandard row has one canonical row with same taxon/date/rounded location	72715	dbgi_100	72617	dbgi_008753	anemone sylvestris	20250625084943	7.113078	46.032627	
high	nonstandard row has one canonical row with same taxon/date/rounded location	72716	dbgi_101	72618	dbgi_008738	euphorbia chamecyparissia	20250625085140	7.11308	46.03263	
high	nonstandard row has one canonical row with same taxon/date/rounded location	72717	dbgi_102	72619	dbgi_008736	euphorbia dulcis	20250625090337	7.113082	46.032623	
high	nonstandard row has one canonical row with same taxon/date/rounded location	72718	dbgi_103	72620	dbgi_008516	anemone nemorosa	20250625092736	7.113088	46.03263	
high	nonstandard row has one canonical row with same taxon/date/rounded location	72720	dbgi_105	72622	dbgi_008499	arenaria montana	20250625093307	7.113089	46.032623	
high	nonstandard row has one canonical row with same taxon/date/rounded location	72723	dbgi_108	72625	dbgi_008466	picea abies	20250625094008	7.11306	46.03262	
high	nonstandard row has one canonical row with same taxon/date/rounded location	72724	dbgi_109	72626	dbgi_008424	saxifraga paniculata	20250625094318	7.11305	46.03262	
high	nonstandard row has one canonical row with same taxon/date/rounded location	72725	dbgi_110	72627	dbgi_008573	rhododendron ferrugineum	20250625094551	7.113059	46.032627	
high	nonstandard row has one canonical row with same taxon/date/rounded location	72726	dbgi_111	72628	dbgi_008551	camassia leichtlinii	20250625094719	7.11305	46.032627	
high	nonstandard row has one canonical row with same taxon/date/rounded location	72727	dbgi_112	72629	dbgi_008379	saxifraga lingulata	20250625094953	7.113043	46.032627	
high	nonstandard row has one canonical row with same taxon/date/rounded location	72728	dbgi_113	72630	dbgi_008396	saxifraga franzii	20250625095116	7.113039	46.032627	
high	nonstandard row has one canonical row with same taxon/date/rounded location	72729	dbgi_114	72631	dbgi_008435	rhodothamnus chamaecistus	20250625095457	7.113063	46.03264	
high	nonstandard row has one canonical row with same taxon/date/rounded location	72730	dbgi_115	72632	dbgi_008406	cassiope mertensiana	20250625095809	7.113053	46.03263	
high	nonstandard row has one canonical row with same taxon/date/rounded location	72731	dbgi_116	72633	dbgi_008501	fritillaria pyrenaica	20250625100205	7.113058	46.032642	
high	nonstandard row has one canonical row with same taxon/date/rounded location	72732	dbgi_117	72634	dbgi_008612	cypripedium calceolus	20250625100533	7.113048	46.032646	
high	nonstandard row has one canonical row with same taxon/date/rounded location	72733	dbgi_118	72635	dbgi_008504	saxifraga pseudo-kotschyl,	20250625100717	7.11304	46.032646	
high	nonstandard row has one canonical row with same taxon/date/rounded location	72734	dbgi_119	72636	dbgi_008514	rhododendron radicans	20250625100949	7.113038	46.03265	
high	nonstandard row has one canonical row with same taxon/date/rounded location	72735	dbgi_120	72637	dbgi_008493	juniperus chinensis	20250625102644	7.113101	46.032578	
high	nonstandard row has one canonical row with same taxon/date/rounded location	72736	dbgi_121	72638	dbgi_008758	centaurea montana	20250625102812	7.113166	46.03258	
high	nonstandard row has one canonical row with same taxon/date/rounded location	72737	dbgi_122	72639	dbgi_008511	berberis canadensis	20250625103130	7.113178	46.03258	
high	nonstandard row has one canonical row with same taxon/date/rounded location	72738	dbgi_123	72640	dbgi_008458	vaccinium vitis-idaea	20250625103325	7.113173	46.03259	
high	nonstandard row has one canonical row with same taxon/date/rounded location	72739	dbgi_124	72641	dbgi_008431	sedum ellecombienum	20250625103617	7.113174	46.03257	
high	nonstandard row has one canonical row with same taxon/date/rounded location	72740	dbgi_125	72642	dbgi_008478	cytisus decumbens	20250625103820	7.113209	46.032574	
high	nonstandard row has one canonical row with same taxon/date/rounded location	72741	dbgi_126	72643	dbgi_008413	gentiana marcailhuana	20250625104043	7.113217	46.03257	
high	nonstandard row has one canonical row with same taxon/date/rounded location	72743	dbgi_128	72645	dbgi_008393	carlina acanthifolia	20250625105142	7.113238	46.032566	
high	nonstandard row has one canonical row with same taxon/date/rounded location	72744	dbgi_129	72646	dbgi_008468	scabiosa columbaria	20250625105253	7.113238	46.032566	
high	nonstandard row has one canonical row with same taxon/date/rounded location	72745	dbgi_130	72647	dbgi_008490	astragalus monspessulanus	20250625105709	7.113245	46.032566	
high	nonstandard row has one canonical row with same taxon/date/rounded location	72746	dbgi_131	72648	dbgi_008462	sedum ochroleucum	20250625105915	7.113248	46.03257	
high	nonstandard row has one canonical row with same taxon/date/rounded location	72748	dbgi_133	72650	dbgi_008385	geranium nodosum	20250625110706	7.113341	46.032574	
high	nonstandard row has one canonical row with same taxon/date/rounded location	72750	dbgi_135	72652	dbgi_008402	cytisus nigricans	20250625111342	7.113455	46.03256	
high	nonstandard row has one canonical row with same taxon/date/rounded location	72751	dbgi_136	72653	dbgi_008382	abies cephalonica	20250625111715	7.113396	46.032597	
high	nonstandard row has one canonical row with same taxon/date/rounded location	72752	dbgi_137	72654	dbgi_008513	gentiana angustifolia	20250625112329	7.11331	46.032593	
high	nonstandard row has one canonical row with same taxon/date/rounded location	72754	dbgi_139	72656	dbgi_008743	erinus alpinus	20250625112959	7.113341	46.032604	
high	nonstandard row has one canonical row with same taxon/date/rounded location	72755	dbgi_140	72657	dbgi_008502	potentilla peduncularis	20250625113145	7.113354	46.0326	
high	nonstandard row has one canonical row with same taxon/date/rounded location	72756	dbgi_141	72658	dbgi_008459	jovibarba hirta	20250625113449	7.113376	46.032593	
high	nonstandard row has one canonical row with same taxon/date/rounded location	72757	dbgi_142	72659	dbgi_008483	polygala vayredae	20250625113742	7.113381	46.032604	
high	nonstandard row has one canonical row with same taxon/date/rounded location	72758	dbgi_143	72660	dbgi_008532	paeonia officinalis	20250625114111	7.113385	46.032616	
high	nonstandard row has one canonical row with same taxon/date/rounded location	72759	dbgi_144	72661	dbgi_008394	primula denticulata	20250625114356	7.113413	46.032604	
high	nonstandard row has one canonical row with same taxon/date/rounded location	72760	dbgi_145	72662	dbgi_008500	potentilla ambigua	20250625114522	7.113443	46.0326	
high	nonstandard row has one canonical row with same taxon/date/rounded location	72761	dbgi_146	72663	dbgi_008461	arctostaphylus uva-ursi	20250625114650	7.113457	46.03257	
high	nonstandard row has one canonical row with same taxon/date/rounded location	72797	dbgi_147	72764	dbgi_008389	androsace sarmentosa	20250707140145	7.113414	46.03267	
high	nonstandard row has one canonical row with same taxon/date/rounded location	72798	dbgi_148	72765	dbgi_008473	festuca tatrae	20250707140415	7.113411	46.03266	
high	nonstandard row has one canonical row with same taxon/date/rounded location	72799	dbgi_149	72766	dbgi_008404	heuchera americana	20250707140812	7.113392	46.032646	
high	nonstandard row has one canonical row with same taxon/date/rounded location	72800	dbgi_150	72767	dbgi_008505	thymus nitens	20250707140953	7.113376	46.032646	
high	nonstandard row has one canonical row with same taxon/date/rounded location	72801	dbgi_151	72768	dbgi_008510	paeonia lutea	20250707141300	7.113393	46.03264	
high	nonstandard row has one canonical row with same taxon/date/rounded location	72802	dbgi_152	72769	dbgi_008381	linum flavum	20250707141453	7.113377	46.03264	
high	nonstandard row has one canonical row with same taxon/date/rounded location	72803	dbgi_153	72770	dbgi_008497	aillium hymenorrhizum,	20250707141836	7.113354	46.03264	
high	nonstandard row has one canonical row with same taxon/date/rounded location	72804	dbgi_154	72771	dbgi_008384	astrantia major	20250707142119	7.113342	46.03264	
high	nonstandard row has one canonical row with same taxon/date/rounded location	72805	dbgi_155	72772	dbgi_008494	erodium manescavi	20250707142256	7.113344	46.032635	
high	nonstandard row has one canonical row with same taxon/date/rounded location	72806	dbgi_156	72773	dbgi_008403	centaurea haynaldii	20250707142439	7.113325	46.03264	
high	nonstandard row has one canonical row with same taxon/date/rounded location	72807	dbgi_157	72774	dbgi_008387	hemerocellis lilioasphodolus	20250707142716	7.113335	46.032642	
high	nonstandard row has one canonical row with same taxon/date/rounded location	72809	dbgi_159	72776	dbgi_008428	bergenia crassifolia	20250707143443	7.113338	46.032635	
high	nonstandard row has one canonical row with same taxon/date/rounded location	72810	dbgi_160	72777	dbgi_008603	hieracium bombycinum	20250707143624	7.113324	46.032635	
high	nonstandard row has one canonical row with same taxon/date/rounded location	72811	dbgi_161	72778	dbgi_008547	paeonia daurica	20250707143754	7.11332	46.03263	
high	nonstandard row has one canonical row with same taxon/date/rounded location	72812	dbgi_162	72779	dbgi_008508	alyssum alpestre	20250707143955	7.113279	46.032616	
high	nonstandard row has one canonical row with same taxon/date/rounded location	72814	dbgi_164	72781	dbgi_008463	potentilla rupestris	20250707144653	7.113222	46.032623	
high	nonstandard row has one canonical row with same taxon/date/rounded location	72815	dbgi_165	72782	dbgi_008420	allium nutans	20250707144845	7.113247	46.03263	
high	nonstandard row has one canonical row with same taxon/date/rounded location	72816	dbgi_166	72783	dbgi_008432	vaccinium vitis-idaea	20250707150007	7.11349	46.032677	
high	nonstandard row has one canonical row with same taxon/date/rounded location	72817	dbgi_167	72784	dbgi_008383	rhodiola rosea	20250707150204	7.113506	46.032677	
high	nonstandard row has one canonical row with same taxon/date/rounded location	72818	dbgi_168	72785	dbgi_008485	vaccinium myrtillus	20250707150435	7.113491	46.03267	
high	nonstandard row has one canonical row with same taxon/date/rounded location	72819	dbgi_169	72786	dbgi_008427	lonicera caerulea	20250707150811	7.113495	46.03268	
high	nonstandard row has one canonical row with same taxon/date/rounded location	72820	dbgi_170	72787	dbgi_008496	digitalis grandiflora	20250707151019	7.113477	46.03268	
high	nonstandard row has one canonical row with same taxon/date/rounded location	72821	dbgi_171	72788	dbgi_008471	digitalis purpurea	20250707151257	7.11351	46.032696	
high	nonstandard row has one canonical row with same taxon/date/rounded location	72822	dbgi_172	72789	dbgi_008409	arctostaphylos uva-ursi	20250707151504	7.11349	46.032703	
high	nonstandard row has one canonical row with same taxon/date/rounded location	72823	dbgi_173	72790	dbgi_008391	achillea millefolium	20250707151758	7.113492	46.03268	
high	nonstandard row has one canonical row with same taxon/date/rounded location	72824	dbgi_174	72791	dbgi_008477	pulsatilla vulgaris	20250707151947	7.113523	46.032707	
high	nonstandard row has one canonical row with same taxon/date/rounded location	72825	dbgi_175	72792	dbgi_008418	artemisia vulgaris	20250707152216	7.11351	46.032703	
high	nonstandard row has one canonical row with same taxon/date/rounded location	72826	dbgi_176	72793	dbgi_008429	hypericum perforatum	20250707152359	7.113516	46.03273	
high	nonstandard row has one canonical row with same taxon/date/rounded location	72827	dbgi_177	72794	dbgi_008498	hyssopus officinalis	20250707152725	7.113504	46.032703	
high	nonstandard row has one canonical row with same taxon/date/rounded location	72828	dbgi_178	72795	dbgi_008411	thymus pulegioides	20250707153002	7.113477	46.032696	
high	nonstandard row has one canonical row with same taxon/date/rounded location	72829	dbgi_179	72796	dbgi_008417	viola riviniana	20250707153248	7.113453	46.032703	
high	nonstandard row has one canonical row with same taxon/date/rounded location	73041	dbgi_195	72986	dbgi_006943	hippophae rhamnoides	20250715083825	7.113455	46.032642	
high	nonstandard row has one canonical row with same taxon/date/rounded location	73042	dbgi_196	72987	dbgi_006729	centaurea nigra	20250715084018	7.113466	46.03265	
high	nonstandard row has one canonical row with same taxon/date/rounded location	73044	dbgi_198	72989	dbgi_006600	hemerocallis multiflora	20250715090513	7.113399	46.032627	
high	nonstandard row has one canonical row with same taxon/date/rounded location	73045	dbgi_199	72990	dbgi_006679	centaurea nigrescens	20250715090643	7.113388	46.032623	
high	nonstandard row has one canonical row with same taxon/date/rounded location	73046	dbgi_200	72991	dbgi_006687	dianthus seguieri	20250715090830	7.113366	46.03262	
high	nonstandard row has one canonical row with same taxon/date/rounded location	73047	dbgi_201	72992	dbgi_006668	penstemon cobaea	20250715091435	7.113386	46.03275	
high	nonstandard row has one canonical row with same taxon/date/rounded location	73050	dbgi_204	72995	dbgi_006688	hieracium bornmuelleri	20250715092138	7.113387	46.032764	
high	nonstandard row has one canonical row with same taxon/date/rounded location	73053	dbgi_207	72998	dbgi_006657	calamintha menthifolia	20250715093106	7.113357	46.032753	
high	nonstandard row has one canonical row with same taxon/date/rounded location	73054	dbgi_208	72999	dbgi_006674	genista germanica	20250715093444	7.113338	46.032738	
high	nonstandard row has one canonical row with same taxon/date/rounded location	73057	dbgi_211	73002	dbgi_006680	morina longifolia	20250715094212	7.113324	46.032722	
high	nonstandard row has one canonical row with same taxon/date/rounded location	73059	dbgi_213	73004	dbgi_006664	zizia aptera	20250715094754	7.113337	46.032738	
high	nonstandard row has one canonical row with same taxon/date/rounded location	73060	dbgi_214	73005	dbgi_006676	paeonia daurica	20250715095004	7.11335	46.03276	
high	nonstandard row has one canonical row with same taxon/date/rounded location	73061	dbgi_215	73006	dbgi_006666	erigeron belligifolius	20250715095224	7.11332	46.03274	
high	nonstandard row has one canonical row with same taxon/date/rounded location	73062	dbgi_216	73007	dbgi_006631	knautia purpurea	20250715095415	7.113327	46.032734	
high	nonstandard row has one canonical row with same taxon/date/rounded location	73063	dbgi_217	73008	dbgi_006673	potentilla repens	20250715095604	7.113323	46.03274	
high	nonstandard row has one canonical row with same taxon/date/rounded location	73065	dbgi_219	73010	dbgi_006672	polygomum amplexicaule	20250715101006	7.113291	46.032757	
high	nonstandard row has one canonical row with same taxon/date/rounded location	73066	dbgi_220	73011	dbgi_006677	centaurea simplicicaulis	20250715101234	7.113313	46.03273	
high	nonstandard row has one canonical row with same taxon/date/rounded location	73069	dbgi_223	73014	dbgi_006738	potentilla alba	20250715102151	7.113284	46.032753	
high	nonstandard row has one canonical row with same taxon/date/rounded location	73072	dbgi_226	73017	dbgi_006768	daphne pontica	20250715102811	7.113298	46.032764	
high	nonstandard row has one canonical row with same taxon/date/rounded location	73073	dbgi_227	73018	dbgi_006763	phleum phleoides	20250715103020	7.113342	46.032772	
high	nonstandard row has one canonical row with same taxon/date/rounded location	73074	dbgi_228	73019	dbgi_006747	festuca valesiaca	20250715103211	7.113316	46.032753	
high	nonstandard row has one canonical row with same taxon/date/rounded location	73075	dbgi_229	73020	dbgi_006739	koeleria vallesiana	20250715103401	7.113348	46.032753	
high	nonstandard row has one canonical row with same taxon/date/rounded location	73076	dbgi_230	73021	dbgi_006711	koeleria macrantha	20250715104019	7.113301	46.03278	
high	nonstandard row has one canonical row with same taxon/date/rounded location	73077	dbgi_231	73022	dbgi_006634	festuca curvula	20250715104204	7.113296	46.03278	
high	nonstandard row has one canonical row with same taxon/date/rounded location	73078	dbgi_232	73023	dbgi_006745	euphorbia seguieriana	20250715104341	7.113301	46.03278	
high	nonstandard row has one canonical row with same taxon/date/rounded location	73079	dbgi_233	73024	dbgi_006764	potentilla verna	20250715104521	7.113316	46.032784	
high	nonstandard row has one canonical row with same taxon/date/rounded location	73081	dbgi_235	73026	dbgi_006759	bothriochloa ischaemum	20250715105332	7.113317	46.03279	
high	nonstandard row has one canonical row with same taxon/date/rounded location	73082	dbgi_236	73027	dbgi_006753	thymus praecox	20250715105533	7.113344	46.032784	
high	nonstandard row has one canonical row with same taxon/date/rounded location	73083	dbgi_237	73028	dbgi_006706	centaurea scabiosa	20250715105932	7.113295	46.032787	
high	nonstandard row has one canonical row with same taxon/date/rounded location	73085	dbgi_239	73030	dbgi_007155	nepeta nuda	20250715110451	7.113305	46.03281	
high	nonstandard row has one canonical row with same taxon/date/rounded location	73086	dbgi_240	73031	dbgi_007130	artemisia campestris	20250715110618	7.113328	46.032795	
high	nonstandard row has one canonical row with same taxon/date/rounded location	73087	dbgi_241	73032	dbgi_006904	cerastium argenteum	20250715111120	7.113335	46.03281	
high	nonstandard row has one canonical row with same taxon/date/rounded location	73088	dbgi_242	73033	dbgi_006726	artemisia vallesiaca	20250715111450	7.113306	46.03276	
high	nonstandard row has one canonical row with same taxon/date/rounded location	73089	dbgi_243	73034	dbgi_006856	carex humilis	20250715113125	7.113318	46.03277	
high	nonstandard row has one canonical row with same taxon/date/rounded location	73090	dbgi_244	73035	dbgi_006743	onosma pseudoarenaria	20250715113409	7.113277	46.03278	
high	nonstandard row has one canonical row with same taxon/date/rounded location	73091	dbgi_245	73036	dbgi_006762	viola rupestris	20250715113614	7.113283	46.03278	
high	nonstandard row has one canonical row with same taxon/date/rounded location	73092	dbgi_246	73037	dbgi_006707	molinia arundinacea	20250715113931	7.11322	46.032776	
high	nonstandard row has one canonical row with same taxon/date/rounded location	73093	dbgi_247	73038	dbgi_006781	ephedra helvetica	20250715114901	7.11329	46.03277	
high	nonstandard row has one canonical row with same taxon/date/rounded location	73094	dbgi_248	73039	dbgi_006841	teucrium montanum	20250715115125	7.113314	46.03277	
high	nonstandard row has one canonical row with same taxon/date/rounded location	73095	dbgi_249	73040	dbgi_006842	stipa eriocaulis	20250715115405	7.11329	46.032784	
high	nonstandard row has one canonical row with same taxon/date/rounded location	73145	dbgi_250	72986	dbgi_006943	hippophae rhamnoides	20250715083825	7.113455	46.032642	
high	nonstandard row has one canonical row with same taxon/date/rounded location	73146	dbgi_251	72987	dbgi_006729	centaurea nigra	20250715084018	7.113466	46.03265	
high	nonstandard row has one canonical row with same taxon/date/rounded location	73148	dbgi_253	72989	dbgi_006600	hemerocallis multiflora	20250715090513	7.113399	46.032627	
high	nonstandard row has one canonical row with same taxon/date/rounded location	73149	dbgi_254	72990	dbgi_006679	centaurea nigrescens	20250715090643	7.113388	46.032623	
high	nonstandard row has one canonical row with same taxon/date/rounded location	73150	dbgi_255	72991	dbgi_006687	dianthus seguieri	20250715090830	7.113366	46.03262	
high	nonstandard row has one canonical row with same taxon/date/rounded location	73151	dbgi_256	72992	dbgi_006668	penstemon cobaea	20250715091435	7.113386	46.03275	
high	nonstandard row has one canonical row with same taxon/date/rounded location	73154	dbgi_259	72995	dbgi_006688	hieracium bornmuelleri	20250715092138	7.113387	46.032764	
high	nonstandard row has one canonical row with same taxon/date/rounded location	73157	dbgi_262	72998	dbgi_006657	calamintha menthifolia	20250715093106	7.113357	46.032753	
high	nonstandard row has one canonical row with same taxon/date/rounded location	73158	dbgi_263	72999	dbgi_006674	genista germanica	20250715093444	7.113338	46.032738	
high	nonstandard row has one canonical row with same taxon/date/rounded location	73161	dbgi_266	73002	dbgi_006680	morina longifolia	20250715094212	7.113324	46.032722	
high	nonstandard row has one canonical row with same taxon/date/rounded location	73163	dbgi_268	73004	dbgi_006664	zizia aptera	20250715094754	7.113337	46.032738	
high	nonstandard row has one canonical row with same taxon/date/rounded location	73164	dbgi_269	73005	dbgi_006676	paeonia daurica	20250715095004	7.11335	46.03276	
high	nonstandard row has one canonical row with same taxon/date/rounded location	73165	dbgi_270	73006	dbgi_006666	erigeron belligifolius	20250715095224	7.11332	46.03274	
high	nonstandard row has one canonical row with same taxon/date/rounded location	73166	dbgi_271	73007	dbgi_006631	knautia purpurea	20250715095415	7.113327	46.032734	
high	nonstandard row has one canonical row with same taxon/date/rounded location	73167	dbgi_272	73008	dbgi_006673	potentilla repens	20250715095604	7.113323	46.03274	
high	nonstandard row has one canonical row with same taxon/date/rounded location	73169	dbgi_274	73010	dbgi_006672	polygomum amplexicaule	20250715101006	7.113291	46.032757	
high	nonstandard row has one canonical row with same taxon/date/rounded location	73170	dbgi_275	73011	dbgi_006677	centaurea simplicicaulis	20250715101234	7.113313	46.03273	
high	nonstandard row has one canonical row with same taxon/date/rounded location	73173	dbgi_278	73014	dbgi_006738	potentilla alba	20250715102151	7.113284	46.032753	
high	nonstandard row has one canonical row with same taxon/date/rounded location	73176	dbgi_281	73017	dbgi_006768	daphne pontica	20250715102811	7.113298	46.032764	
high	nonstandard row has one canonical row with same taxon/date/rounded location	73177	dbgi_282	73018	dbgi_006763	phleum phleoides	20250715103020	7.113342	46.032772	
high	nonstandard row has one canonical row with same taxon/date/rounded location	73178	dbgi_283	73019	dbgi_006747	festuca valesiaca	20250715103211	7.113316	46.032753	
high	nonstandard row has one canonical row with same taxon/date/rounded location	73179	dbgi_284	73020	dbgi_006739	koeleria vallesiana	20250715103401	7.113348	46.032753	
high	nonstandard row has one canonical row with same taxon/date/rounded location	73180	dbgi_285	73021	dbgi_006711	koeleria macrantha	20250715104019	7.113301	46.03278	
high	nonstandard row has one canonical row with same taxon/date/rounded location	73181	dbgi_286	73022	dbgi_006634	festuca curvula	20250715104204	7.113296	46.03278	
high	nonstandard row has one canonical row with same taxon/date/rounded location	73182	dbgi_287	73023	dbgi_006745	euphorbia seguieriana	20250715104341	7.113301	46.03278	
high	nonstandard row has one canonical row with same taxon/date/rounded location	73183	dbgi_288	73024	dbgi_006764	potentilla verna	20250715104521	7.113316	46.032784	
high	nonstandard row has one canonical row with same taxon/date/rounded location	73185	dbgi_290	73026	dbgi_006759	bothriochloa ischaemum	20250715105332	7.113317	46.03279	
high	nonstandard row has one canonical row with same taxon/date/rounded location	73186	dbgi_291	73027	dbgi_006753	thymus praecox	20250715105533	7.113344	46.032784	
high	nonstandard row has one canonical row with same taxon/date/rounded location	73187	dbgi_292	73028	dbgi_006706	centaurea scabiosa	20250715105932	7.113295	46.032787	
high	nonstandard row has one canonical row with same taxon/date/rounded location	73189	dbgi_294	73030	dbgi_007155	nepeta nuda	20250715110451	7.113305	46.03281	
high	nonstandard row has one canonical row with same taxon/date/rounded location	73190	dbgi_295	73031	dbgi_007130	artemisia campestris	20250715110618	7.113328	46.032795	
high	nonstandard row has one canonical row with same taxon/date/rounded location	73191	dbgi_296	73032	dbgi_006904	cerastium argenteum	20250715111120	7.113335	46.03281	
high	nonstandard row has one canonical row with same taxon/date/rounded location	73192	dbgi_297	73033	dbgi_006726	artemisia vallesiaca	20250715111450	7.113306	46.03276	
high	nonstandard row has one canonical row with same taxon/date/rounded location	73193	dbgi_298	73034	dbgi_006856	carex humilis	20250715113125	7.113318	46.03277	
high	nonstandard row has one canonical row with same taxon/date/rounded location	73194	dbgi_299	73035	dbgi_006743	onosma pseudoarenaria	20250715113409	7.113277	46.03278	
high	nonstandard row has one canonical row with same taxon/date/rounded location	73195	dbgi_300	73036	dbgi_006762	viola rupestris	20250715113614	7.113283	46.03278	
high	nonstandard row has one canonical row with same taxon/date/rounded location	73196	dbgi_301	73037	dbgi_006707	molinia arundinacea	20250715113931	7.11322	46.032776	
high	nonstandard row has one canonical row with same taxon/date/rounded location	73197	dbgi_302	73038	dbgi_006781	ephedra helvetica	20250715114901	7.11329	46.03277	
high	nonstandard row has one canonical row with same taxon/date/rounded location	73198	dbgi_303	73039	dbgi_006841	teucrium montanum	20250715115125	7.113314	46.03277	
high	nonstandard row has one canonical row with same taxon/date/rounded location	73199	dbgi_304	73040	dbgi_006842	stipa eriocaulis	20250715115405	7.11329	46.032784	
high	nonstandard row has one canonical row with same taxon/date/rounded location	73200	dbgi_305	73096	dbgi_006690	hieracium bombycinum	20250715083931	7.113289	46.0327	
high	nonstandard row has one canonical row with same taxon/date/rounded location	73201	dbgi_306	73097	dbgi_007136	erica carnea	20250715090407	7.113303	46.0327	
high	nonstandard row has one canonical row with same taxon/date/rounded location	73202	dbgi_307	73098	dbgi_007167	eriophyllum arachnoideum	20250715090759	7.113332	46.032707	
high	nonstandard row has one canonical row with same taxon/date/rounded location	73203	dbgi_308	73099	dbgi_006719	cotoneaster congesta	20250715091114	7.113323	46.03271	
high	nonstandard row has one canonical row with same taxon/date/rounded location	73204	dbgi_309	73100	dbgi_007119	genista germanica	20250715091345	7.113305	46.032707	
high	nonstandard row has one canonical row with same taxon/date/rounded location	73205	dbgi_310	73101	dbgi_007174	gladiolus imbricatus	20250715091812	7.113284	46.03271	
high	nonstandard row has one canonical row with same taxon/date/rounded location	73206	dbgi_311	73102	dbgi_007143	armeria arenaria	20250715092118	7.113291	46.032715	
high	nonstandard row has one canonical row with same taxon/date/rounded location	73207	dbgi_312	73103	dbgi_007144	potentilla alba	20250715092339	7.113276	46.032707	
high	nonstandard row has one canonical row with same taxon/date/rounded location	73208	dbgi_313	73104	dbgi_006970	cytisus nigricans	20250715092638	7.113238	46.032726	
high	nonstandard row has one canonical row with same taxon/date/rounded location	73209	dbgi_314	73105	dbgi_006944	potentilla speciosa	20250715092946	7.113255	46.03273	
high	nonstandard row has one canonical row with same taxon/date/rounded location	73210	dbgi_315	73106	dbgi_007175	dianthus simulans	20250715093238	7.113274	46.03273	
high	nonstandard row has one canonical row with same taxon/date/rounded location	73211	dbgi_316	73107	dbgi_006610	asclepias syriaca	20250715093654	7.113284	46.032738	
high	nonstandard row has one canonical row with same taxon/date/rounded location	73212	dbgi_317	73108	dbgi_006609	cytisus sessilifolius	20250715093858	7.113268	46.032738	
high	nonstandard row has one canonical row with same taxon/date/rounded location	73215	dbgi_320	73111	dbgi_007150	prunella hyssopifolia	20250715095025	7.113195	46.032753	
high	nonstandard row has one canonical row with same taxon/date/rounded location	73216	dbgi_321	73112	dbgi_006605	alchemilla conjuncta	20250715095346	7.113198	46.032764	
high	nonstandard row has one canonical row with same taxon/date/rounded location	73217	dbgi_322	73113	dbgi_006618	hebe lindsayi	20250715095613	7.11318	46.032757	
high	nonstandard row has one canonical row with same taxon/date/rounded location	73218	dbgi_323	73114	dbgi_006612	molinia caerulea	20250715095802	7.113183	46.032745	
high	nonstandard row has one canonical row with same taxon/date/rounded location	73219	dbgi_324	73115	dbgi_004139	potentilla fruticosa	20250715100414	7.113187	46.032726	
high	nonstandard row has one canonical row with same taxon/date/rounded location	73220	dbgi_325	73116	dbgi_006608	festuca quadriflora	20250715100714	7.113176	46.03272	
high	nonstandard row has one canonical row with same taxon/date/rounded location	73222	dbgi_327	73118	dbgi_007081	gentiana asclepiadea	20250715101933	7.113213	46.032722	
high	nonstandard row has one canonical row with same taxon/date/rounded location	73223	dbgi_328	73119	dbgi_007061	iris missouriensis	20250715102146	7.113194	46.032734	
high	nonstandard row has one canonical row with same taxon/date/rounded location	73224	dbgi_329	73120	dbgi_007046	dryas octopetala	20250715102407	7.113222	46.032722	
high	nonstandard row has one canonical row with same taxon/date/rounded location	73225	dbgi_330	73121	dbgi_007060	dianthus gratianapolitanus	20250715102539	7.113233	46.032722	
high	nonstandard row has one canonical row with same taxon/date/rounded location	73226	dbgi_331	73122	dbgi_007063	rosa majalis	20250715103208	7.113414	46.03275	
high	nonstandard row has one canonical row with same taxon/date/rounded location	73227	dbgi_332	73123	dbgi_007050	prunella grandiflora	20250715103704	7.11341	46.032757	
high	nonstandard row has one canonical row with same taxon/date/rounded location	73229	dbgi_334	73125	dbgi_007043	gentiana cruciata	20250715105307	7.113394	46.03275	
high	nonstandard row has one canonical row with same taxon/date/rounded location	73230	dbgi_335	73126	dbgi_007139	rosa coriifolia	20250715105419	7.113409	46.032764	
high	nonstandard row has one canonical row with same taxon/date/rounded location	73231	dbgi_336	73127	dbgi_007039	inula salicina	20250715105545	7.113406	46.03277	
high	nonstandard row has one canonical row with same taxon/date/rounded location	73234	dbgi_339	73130	dbgi_007057	quercus pubescens	20250715110317	7.113373	46.032795	
high	nonstandard row has one canonical row with same taxon/date/rounded location	73235	dbgi_340	73131	dbgi_007142	rosa micrantha	20250715110519	7.113385	46.032803	
high	nonstandard row has one canonical row with same taxon/date/rounded location	73236	dbgi_341	73132	dbgi_007048	sorbus aucuparia	20250715110700	7.113405	46.032818	
high	nonstandard row has one canonical row with same taxon/date/rounded location	73237	dbgi_342	73133	dbgi_007054	arnica montana	20250715110852	7.113385	46.032818	
high	nonstandard row has one canonical row with same taxon/date/rounded location	73238	dbgi_343	73134	dbgi_007058	rosa subcanina	20250715111049	7.113376	46.032814	
high	nonstandard row has one canonical row with same taxon/date/rounded location	73239	dbgi_344	73135	dbgi_007080	campanula barbata	20250715111357	7.11342	46.032875	
high	nonstandard row has one canonical row with same taxon/date/rounded location	73240	dbgi_345	73136	dbgi_007051	luzula nivea	20250715111542	7.113406	46.03289	
high	nonstandard row has one canonical row with same taxon/date/rounded location	73241	dbgi_346	73137	dbgi_007138	festuca paniculata	20250715111729	7.113317	46.0328	
high	nonstandard row has one canonical row with same taxon/date/rounded location	73242	dbgi_347	73138	dbgi_007053	vaccinium vitis-idaea	20250715111945	7.113325	46.03279	
high	nonstandard row has one canonical row with same taxon/date/rounded location	73243	dbgi_348	73139	dbgi_007044	juniperus communis	20250715112503	7.113308	46.032784	
high	nonstandard row has one canonical row with same taxon/date/rounded location	73244	dbgi_349	73140	dbgi_007084	koeleria macrantha	20250715112920	7.113279	46.032776	
high	nonstandard row has one canonical row with same taxon/date/rounded location	73245	dbgi_350	73141	dbgi_007055	sempervivum tectorum	20250715113204	7.113264	46.032776	
high	nonstandard row has one canonical row with same taxon/date/rounded location	73246	dbgi_351	73142	dbgi_007062	potentilla pusilla	20250715113453	7.113251	46.032776	
high	nonstandard row has one canonical row with same taxon/date/rounded location	73247	dbgi_352	73143	dbgi_007091	dracocephalum ruyschiana	20250715113807	7.113255	46.03278	
high	nonstandard row has one canonical row with same taxon/date/rounded location	73248	dbgi_353	73144	dbgi_006826	ranunculus gramineus	20250715114543	7.113295	46.03278	
high	nonstandard row has one canonical row with same taxon/date/rounded location	73270	dbgi_354	72986	dbgi_006943	hippophae rhamnoides	20250715083825	7.113455	46.032642	
high	nonstandard row has one canonical row with same taxon/date/rounded location	73271	dbgi_355	72987	dbgi_006729	centaurea nigra	20250715084018	7.113466	46.03265	
high	nonstandard row has one canonical row with same taxon/date/rounded location	73273	dbgi_357	72989	dbgi_006600	hemerocallis multiflora	20250715090513	7.113399	46.032627	
high	nonstandard row has one canonical row with same taxon/date/rounded location	73274	dbgi_358	72990	dbgi_006679	centaurea nigrescens	20250715090643	7.113388	46.032623	
high	nonstandard row has one canonical row with same taxon/date/rounded location	73275	dbgi_359	72991	dbgi_006687	dianthus seguieri	20250715090830	7.113366	46.03262	
high	nonstandard row has one canonical row with same taxon/date/rounded location	73276	dbgi_360	72992	dbgi_006668	penstemon cobaea	20250715091435	7.113386	46.03275	
high	nonstandard row has one canonical row with same taxon/date/rounded location	73279	dbgi_363	72995	dbgi_006688	hieracium bornmuelleri	20250715092138	7.113387	46.032764	
high	nonstandard row has one canonical row with same taxon/date/rounded location	73282	dbgi_366	72998	dbgi_006657	calamintha menthifolia	20250715093106	7.113357	46.032753	
high	nonstandard row has one canonical row with same taxon/date/rounded location	73283	dbgi_367	72999	dbgi_006674	genista germanica	20250715093444	7.113338	46.032738	
high	nonstandard row has one canonical row with same taxon/date/rounded location	73286	dbgi_370	73002	dbgi_006680	morina longifolia	20250715094212	7.113324	46.032722	
high	nonstandard row has one canonical row with same taxon/date/rounded location	73288	dbgi_372	73004	dbgi_006664	zizia aptera	20250715094754	7.113337	46.032738	
high	nonstandard row has one canonical row with same taxon/date/rounded location	73289	dbgi_373	73005	dbgi_006676	paeonia daurica	20250715095004	7.11335	46.03276	
high	nonstandard row has one canonical row with same taxon/date/rounded location	73290	dbgi_374	73006	dbgi_006666	erigeron belligifolius	20250715095224	7.11332	46.03274	
high	nonstandard row has one canonical row with same taxon/date/rounded location	73291	dbgi_375	73007	dbgi_006631	knautia purpurea	20250715095415	7.113327	46.032734	
high	nonstandard row has one canonical row with same taxon/date/rounded location	73292	dbgi_376	73008	dbgi_006673	potentilla repens	20250715095604	7.113323	46.03274	
high	nonstandard row has one canonical row with same taxon/date/rounded location	73294	dbgi_378	73010	dbgi_006672	polygomum amplexicaule	20250715101006	7.113291	46.032757	
high	nonstandard row has one canonical row with same taxon/date/rounded location	73295	dbgi_379	73011	dbgi_006677	centaurea simplicicaulis	20250715101234	7.113313	46.03273	
high	nonstandard row has one canonical row with same taxon/date/rounded location	73298	dbgi_382	73014	dbgi_006738	potentilla alba	20250715102151	7.113284	46.032753	
high	nonstandard row has one canonical row with same taxon/date/rounded location	73301	dbgi_385	73017	dbgi_006768	daphne pontica	20250715102811	7.113298	46.032764	
high	nonstandard row has one canonical row with same taxon/date/rounded location	73302	dbgi_386	73018	dbgi_006763	phleum phleoides	20250715103020	7.113342	46.032772	
high	nonstandard row has one canonical row with same taxon/date/rounded location	73303	dbgi_387	73019	dbgi_006747	festuca valesiaca	20250715103211	7.113316	46.032753	
high	nonstandard row has one canonical row with same taxon/date/rounded location	73304	dbgi_388	73020	dbgi_006739	koeleria vallesiana	20250715103401	7.113348	46.032753	
high	nonstandard row has one canonical row with same taxon/date/rounded location	73305	dbgi_389	73021	dbgi_006711	koeleria macrantha	20250715104019	7.113301	46.03278	
high	nonstandard row has one canonical row with same taxon/date/rounded location	73306	dbgi_390	73022	dbgi_006634	festuca curvula	20250715104204	7.113296	46.03278	
high	nonstandard row has one canonical row with same taxon/date/rounded location	73307	dbgi_391	73023	dbgi_006745	euphorbia seguieriana	20250715104341	7.113301	46.03278	
high	nonstandard row has one canonical row with same taxon/date/rounded location	73308	dbgi_392	73024	dbgi_006764	potentilla verna	20250715104521	7.113316	46.032784	
high	nonstandard row has one canonical row with same taxon/date/rounded location	73310	dbgi_394	73026	dbgi_006759	bothriochloa ischaemum	20250715105332	7.113317	46.03279	
high	nonstandard row has one canonical row with same taxon/date/rounded location	73311	dbgi_395	73027	dbgi_006753	thymus praecox	20250715105533	7.113344	46.032784	
high	nonstandard row has one canonical row with same taxon/date/rounded location	73312	dbgi_396	73028	dbgi_006706	centaurea scabiosa	20250715105932	7.113295	46.032787	
high	nonstandard row has one canonical row with same taxon/date/rounded location	73314	dbgi_398	73030	dbgi_007155	nepeta nuda	20250715110451	7.113305	46.03281	
high	nonstandard row has one canonical row with same taxon/date/rounded location	73315	dbgi_399	73031	dbgi_007130	artemisia campestris	20250715110618	7.113328	46.032795	
high	nonstandard row has one canonical row with same taxon/date/rounded location	73316	dbgi_400	73032	dbgi_006904	cerastium argenteum	20250715111120	7.113335	46.03281	
high	nonstandard row has one canonical row with same taxon/date/rounded location	73317	dbgi_401	73033	dbgi_006726	artemisia vallesiaca	20250715111450	7.113306	46.03276	
high	nonstandard row has one canonical row with same taxon/date/rounded location	73318	dbgi_402	73034	dbgi_006856	carex humilis	20250715113125	7.113318	46.03277	
high	nonstandard row has one canonical row with same taxon/date/rounded location	73319	dbgi_403	73035	dbgi_006743	onosma pseudoarenaria	20250715113409	7.113277	46.03278	
high	nonstandard row has one canonical row with same taxon/date/rounded location	73320	dbgi_404	73036	dbgi_006762	viola rupestris	20250715113614	7.113283	46.03278	
high	nonstandard row has one canonical row with same taxon/date/rounded location	73321	dbgi_405	73037	dbgi_006707	molinia arundinacea	20250715113931	7.11322	46.032776	
high	nonstandard row has one canonical row with same taxon/date/rounded location	73322	dbgi_406	73038	dbgi_006781	ephedra helvetica	20250715114901	7.11329	46.03277	
high	nonstandard row has one canonical row with same taxon/date/rounded location	73323	dbgi_407	73039	dbgi_006841	teucrium montanum	20250715115125	7.113314	46.03277	
high	nonstandard row has one canonical row with same taxon/date/rounded location	73324	dbgi_408	73040	dbgi_006842	stipa eriocaulis	20250715115405	7.11329	46.032784	
high	nonstandard row has one canonical row with same taxon/date/rounded location	73325	dbgi_409	73096	dbgi_006690	hieracium bombycinum	20250715083931	7.113289	46.0327	
high	nonstandard row has one canonical row with same taxon/date/rounded location	73326	dbgi_410	73097	dbgi_007136	erica carnea	20250715090407	7.113303	46.0327	
high	nonstandard row has one canonical row with same taxon/date/rounded location	73327	dbgi_411	73098	dbgi_007167	eriophyllum arachnoideum	20250715090759	7.113332	46.032707	
high	nonstandard row has one canonical row with same taxon/date/rounded location	73328	dbgi_412	73099	dbgi_006719	cotoneaster congesta	20250715091114	7.113323	46.03271	
high	nonstandard row has one canonical row with same taxon/date/rounded location	73329	dbgi_413	73100	dbgi_007119	genista germanica	20250715091345	7.113305	46.032707	
high	nonstandard row has one canonical row with same taxon/date/rounded location	73330	dbgi_414	73101	dbgi_007174	gladiolus imbricatus	20250715091812	7.113284	46.03271	
high	nonstandard row has one canonical row with same taxon/date/rounded location	73331	dbgi_415	73102	dbgi_007143	armeria arenaria	20250715092118	7.113291	46.032715	
high	nonstandard row has one canonical row with same taxon/date/rounded location	73332	dbgi_416	73103	dbgi_007144	potentilla alba	20250715092339	7.113276	46.032707	
high	nonstandard row has one canonical row with same taxon/date/rounded location	73333	dbgi_417	73104	dbgi_006970	cytisus nigricans	20250715092638	7.113238	46.032726	
high	nonstandard row has one canonical row with same taxon/date/rounded location	73334	dbgi_418	73105	dbgi_006944	potentilla speciosa	20250715092946	7.113255	46.03273	
high	nonstandard row has one canonical row with same taxon/date/rounded location	73335	dbgi_419	73106	dbgi_007175	dianthus simulans	20250715093238	7.113274	46.03273	
high	nonstandard row has one canonical row with same taxon/date/rounded location	73336	dbgi_420	73107	dbgi_006610	asclepias syriaca	20250715093654	7.113284	46.032738	
high	nonstandard row has one canonical row with same taxon/date/rounded location	73337	dbgi_421	73108	dbgi_006609	cytisus sessilifolius	20250715093858	7.113268	46.032738	
high	nonstandard row has one canonical row with same taxon/date/rounded location	73340	dbgi_424	73111	dbgi_007150	prunella hyssopifolia	20250715095025	7.113195	46.032753	
high	nonstandard row has one canonical row with same taxon/date/rounded location	73341	dbgi_425	73112	dbgi_006605	alchemilla conjuncta	20250715095346	7.113198	46.032764	
high	nonstandard row has one canonical row with same taxon/date/rounded location	73342	dbgi_426	73113	dbgi_006618	hebe lindsayi	20250715095613	7.11318	46.032757	
high	nonstandard row has one canonical row with same taxon/date/rounded location	73343	dbgi_427	73114	dbgi_006612	molinia caerulea	20250715095802	7.113183	46.032745	
high	nonstandard row has one canonical row with same taxon/date/rounded location	73344	dbgi_428	73115	dbgi_004139	potentilla fruticosa	20250715100414	7.113187	46.032726	
high	nonstandard row has one canonical row with same taxon/date/rounded location	73345	dbgi_429	73116	dbgi_006608	festuca quadriflora	20250715100714	7.113176	46.03272	
high	nonstandard row has one canonical row with same taxon/date/rounded location	73347	dbgi_431	73118	dbgi_007081	gentiana asclepiadea	20250715101933	7.113213	46.032722	
high	nonstandard row has one canonical row with same taxon/date/rounded location	73348	dbgi_432	73119	dbgi_007061	iris missouriensis	20250715102146	7.113194	46.032734	
high	nonstandard row has one canonical row with same taxon/date/rounded location	73349	dbgi_433	73120	dbgi_007046	dryas octopetala	20250715102407	7.113222	46.032722	
high	nonstandard row has one canonical row with same taxon/date/rounded location	73350	dbgi_434	73121	dbgi_007060	dianthus gratianapolitanus	20250715102539	7.113233	46.032722	
high	nonstandard row has one canonical row with same taxon/date/rounded location	73351	dbgi_435	73122	dbgi_007063	rosa majalis	20250715103208	7.113414	46.03275	
high	nonstandard row has one canonical row with same taxon/date/rounded location	73352	dbgi_436	73123	dbgi_007050	prunella grandiflora	20250715103704	7.11341	46.032757	
high	nonstandard row has one canonical row with same taxon/date/rounded location	73354	dbgi_438	73125	dbgi_007043	gentiana cruciata	20250715105307	7.113394	46.03275	
high	nonstandard row has one canonical row with same taxon/date/rounded location	73355	dbgi_439	73126	dbgi_007139	rosa coriifolia	20250715105419	7.113409	46.032764	
high	nonstandard row has one canonical row with same taxon/date/rounded location	73356	dbgi_440	73127	dbgi_007039	inula salicina	20250715105545	7.113406	46.03277	
high	nonstandard row has one canonical row with same taxon/date/rounded location	73359	dbgi_443	73130	dbgi_007057	quercus pubescens	20250715110317	7.113373	46.032795	
high	nonstandard row has one canonical row with same taxon/date/rounded location	73360	dbgi_444	73131	dbgi_007142	rosa micrantha	20250715110519	7.113385	46.032803	
high	nonstandard row has one canonical row with same taxon/date/rounded location	73361	dbgi_445	73132	dbgi_007048	sorbus aucuparia	20250715110700	7.113405	46.032818	
high	nonstandard row has one canonical row with same taxon/date/rounded location	73362	dbgi_446	73133	dbgi_007054	arnica montana	20250715110852	7.113385	46.032818	
high	nonstandard row has one canonical row with same taxon/date/rounded location	73363	dbgi_447	73134	dbgi_007058	rosa subcanina	20250715111049	7.113376	46.032814	
high	nonstandard row has one canonical row with same taxon/date/rounded location	73364	dbgi_448	73135	dbgi_007080	campanula barbata	20250715111357	7.11342	46.032875	
high	nonstandard row has one canonical row with same taxon/date/rounded location	73365	dbgi_449	73136	dbgi_007051	luzula nivea	20250715111542	7.113406	46.03289	
high	nonstandard row has one canonical row with same taxon/date/rounded location	73366	dbgi_450	73137	dbgi_007138	festuca paniculata	20250715111729	7.113317	46.0328	
high	nonstandard row has one canonical row with same taxon/date/rounded location	73367	dbgi_451	73138	dbgi_007053	vaccinium vitis-idaea	20250715111945	7.113325	46.03279	
high	nonstandard row has one canonical row with same taxon/date/rounded location	73368	dbgi_452	73139	dbgi_007044	juniperus communis	20250715112503	7.113308	46.032784	
high	nonstandard row has one canonical row with same taxon/date/rounded location	73369	dbgi_453	73140	dbgi_007084	koeleria macrantha	20250715112920	7.113279	46.032776	
high	nonstandard row has one canonical row with same taxon/date/rounded location	73370	dbgi_454	73141	dbgi_007055	sempervivum tectorum	20250715113204	7.113264	46.032776	
high	nonstandard row has one canonical row with same taxon/date/rounded location	73371	dbgi_455	73142	dbgi_007062	potentilla pusilla	20250715113453	7.113251	46.032776	
high	nonstandard row has one canonical row with same taxon/date/rounded location	73372	dbgi_456	73143	dbgi_007091	dracocephalum ruyschiana	20250715113807	7.113255	46.03278	
high	nonstandard row has one canonical row with same taxon/date/rounded location	73373	dbgi_457	73144	dbgi_006826	ranunculus gramineus	20250715114543	7.113295	46.03278	
high	nonstandard row has one canonical row with same taxon/date/rounded location	73374	dbgi_458	73249	dbgi_006827	juniperus sabina	20250715130019	7.113226	46.032776	
high	nonstandard row has one canonical row with same taxon/date/rounded location	73375	dbgi_459	73250	dbgi_006851	lonicera etrusca	20250715130401	7.113276	46.032784	
high	nonstandard row has one canonical row with same taxon/date/rounded location	73377	dbgi_461	73252	dbgi_006782	rosa sherardii	20250715131119	7.113231	46.032757	
high	nonstandard row has one canonical row with same taxon/date/rounded location	73378	dbgi_462	73253	dbgi_006780	anemone rivularis	20250715131340	7.113207	46.03278	
high	nonstandard row has one canonical row with same taxon/date/rounded location	73379	dbgi_463	73254	dbgi_007172	catananche caerulea	20250715131546	7.113201	46.03279	
high	nonstandard row has one canonical row with same taxon/date/rounded location	73380	dbgi_464	73255	dbgi_006840	helictotrichon sempervirens	20250715131802	7.113181	46.032787	
high	nonstandard row has one canonical row with same taxon/date/rounded location	73381	dbgi_465	73256	dbgi_006824	viola suavis	20250715131959	7.113175	46.032795	
high	nonstandard row has one canonical row with same taxon/date/rounded location	73382	dbgi_466	73257	dbgi_006850	iris lutescens	20250715132321	7.113179	46.032803	
high	nonstandard row has one canonical row with same taxon/date/rounded location	73384	dbgi_468	73259	dbgi_006921	potentilla neumanniana	20250715132837	7.113146	46.03278	
high	nonstandard row has one canonical row with same taxon/date/rounded location	73385	dbgi_469	73260	dbgi_006839	crepis albida	20250715133038	7.113175	46.032818	
high	nonstandard row has one canonical row with same taxon/date/rounded location	73386	dbgi_470	73261	dbgi_006847	sedum aizoon	20250715133449	7.113126	46.03284	
high	nonstandard row has one canonical row with same taxon/date/rounded location	73387	dbgi_471	73262	dbgi_006849	galium verum	20250715133628	7.113133	46.032856	
high	nonstandard row has one canonical row with same taxon/date/rounded location	73388	dbgi_472	73263	dbgi_006816	genista sylvestris	20250715133918	7.113096	46.032845	
high	nonstandard row has one canonical row with same taxon/date/rounded location	73391	dbgi_475	73266	dbgi_006853	iris pseudacorus	20250715135057	7.113086	46.03287	
high	nonstandard row has one canonical row with same taxon/date/rounded location	73393	dbgi_477	73268	dbgi_006825	cirsium eriophorum	20250715135521	7.11306	46.032898	
high	nonstandard row has one canonical row with same taxon/date/rounded location	73394	dbgi_478	73269	dbgi_006717	symphoricarpos albus	20250715140019	7.113022	46.032936	
