project	field_data_id	sample_id	sample_id_class	canonical_candidate	taxon_name	sample_name	taxon_name_final	date	latitude	longitude	coordinate_status	suggested_latitude	suggested_longitude	issue
artemisia_absinthium	67968	absi_000239	canonical		artemisia absinthium			20240628090954	7.077775	46.12276	looks_swapped_ch_lat_lon	46.12276	7.077775	coordinates_look_swapped_ch_lat_lon
artemisia_absinthium	67969	absi_000238	canonical		artemisia absinthium			20240628091305	7.077647	46.122734	looks_swapped_ch_lat_lon	46.122734	7.077647	coordinates_look_swapped_ch_lat_lon
artemisia_absinthium	67970	absi_000236	canonical		artemisia absinthium			20240628091612	7.0775437	46.12275	looks_swapped_ch_lat_lon	46.12275	7.0775437	coordinates_look_swapped_ch_lat_lon
artemisia_absinthium	67971	absi_000237	canonical		artemisia absinthium			20240628091921	7.0778856	46.12275	looks_swapped_ch_lat_lon	46.12275	7.0778856	coordinates_look_swapped_ch_lat_lon
artemisia_absinthium	67972	absi_000240	canonical		artemisia absinthium			20240628092347	7.077955	46.12274	looks_swapped_ch_lat_lon	46.12274	7.077955	coordinates_look_swapped_ch_lat_lon
artemisia_absinthium	67973	absi_000235	canonical					20240628092724	7.0777936	46.12274	looks_swapped_ch_lat_lon	46.12274	7.0777936	coordinates_look_swapped_ch_lat_lon
artemisia_absinthium	67974	absi_000230	canonical		artemisia absinthium			20240628103052	7.1965265	45.900566	looks_swapped_ch_lat_lon	45.900566	7.1965265	coordinates_look_swapped_ch_lat_lon
artemisia_absinthium	67975	absi_000233	canonical		artemisia absinthium			20240628103329	7.19655	45.900574	looks_swapped_ch_lat_lon	45.900574	7.19655	coordinates_look_swapped_ch_lat_lon
artemisia_absinthium	67976	absi_000231	canonical		artemisia absinthium			20240628103621	7.1964974	45.900608	looks_swapped_ch_lat_lon	45.900608	7.1964974	coordinates_look_swapped_ch_lat_lon
artemisia_absinthium	67977	absi_000234	canonical		artemisia absinthium			20240628103907	7.1964326	45.90054	looks_swapped_ch_lat_lon	45.90054	7.1964326	coordinates_look_swapped_ch_lat_lon
artemisia_absinthium	67978	absi_000232	canonical		artemisia absinthium			20240628104236	7.1964097	45.90052	looks_swapped_ch_lat_lon	45.90052	7.1964097	coordinates_look_swapped_ch_lat_lon
artemisia_absinthium	67979	absi_000163	canonical		artemisia absinthium			20240628113058	7.207398	45.947323	looks_swapped_ch_lat_lon	45.947323	7.207398	coordinates_look_swapped_ch_lat_lon
artemisia_absinthium	67980	absi_000162	canonical		artemisia absinthium			20240628113523	7.2074337	45.947525	looks_swapped_ch_lat_lon	45.947525	7.2074337	coordinates_look_swapped_ch_lat_lon
artemisia_absinthium	67981	absi_000227	canonical		artemisia absinthium			20240628113837	7.207486	45.94732	looks_swapped_ch_lat_lon	45.94732	7.207486	coordinates_look_swapped_ch_lat_lon
artemisia_absinthium	67982	absi_000164	canonical		artemisia absinthium			20240628114203	7.2073817	45.94744	looks_swapped_ch_lat_lon	45.94744	7.2073817	coordinates_look_swapped_ch_lat_lon
artemisia_absinthium	67983	absi_000165	canonical					20240628114812	7.207345	45.94751	looks_swapped_ch_lat_lon	45.94751	7.207345	coordinates_look_swapped_ch_lat_lon
artemisia_absinthium	67984	absi_000161	canonical		artemisia absinthium			20240628115150	7.2077165	45.947124	looks_swapped_ch_lat_lon	45.947124	7.2077165	coordinates_look_swapped_ch_lat_lon
artemisia_absinthium	67985	absi_000228	canonical		artemisia absinthium			20240628115340	7.2076845	45.9471	looks_swapped_ch_lat_lon	45.9471	7.2076845	coordinates_look_swapped_ch_lat_lon
artemisia_absinthium	67986	absi_000226	canonical		artemisia absinthium			20240628115616	7.2076097	45.947105	looks_swapped_ch_lat_lon	45.947105	7.2076097	coordinates_look_swapped_ch_lat_lon
artemisia_absinthium	67987	absi_000224	canonical		artemisia absinthium			20240628122611	7.1810927	46.002266	looks_swapped_ch_lat_lon	46.002266	7.1810927	coordinates_look_swapped_ch_lat_lon
artemisia_absinthium	67988	absi_000225	canonical		artemisia absinthium			20240628122841	7.181153	46.002254	looks_swapped_ch_lat_lon	46.002254	7.181153	coordinates_look_swapped_ch_lat_lon
artemisia_absinthium	67989	absi_000221	canonical		artemisia absinthium			20240628123114	7.1811843	46.00222	looks_swapped_ch_lat_lon	46.00222	7.1811843	coordinates_look_swapped_ch_lat_lon
artemisia_absinthium	67990	absi_000223	canonical		artemisia absinthium			20240628123351	7.1812215	46.002224	looks_swapped_ch_lat_lon	46.002224	7.1812215	coordinates_look_swapped_ch_lat_lon
artemisia_absinthium	67991	absi_000229	canonical		artemisia absinthium			20240628123622	7.181225	46.002155	looks_swapped_ch_lat_lon	46.002155	7.181225	coordinates_look_swapped_ch_lat_lon
artemisia_absinthium	67992	absi_000218	canonical		artemisia absinthium			20240628134920	7.1742597	46.0035	looks_swapped_ch_lat_lon	46.0035	7.1742597	coordinates_look_swapped_ch_lat_lon
artemisia_absinthium	67993	absi_000216	canonical		artemisia absinthium			20240628135159	7.1743093	46.003487	looks_swapped_ch_lat_lon	46.003487	7.1743093	coordinates_look_swapped_ch_lat_lon
artemisia_absinthium	67994	absi_000217	canonical		artemisia absinthium			20240628135356	7.1743155	46.00343	looks_swapped_ch_lat_lon	46.00343	7.1743155	coordinates_look_swapped_ch_lat_lon
artemisia_absinthium	67995	absi_000219	canonical		artemisia absinthium			20240628135618	7.1743107	46.003372	looks_swapped_ch_lat_lon	46.003372	7.1743107	coordinates_look_swapped_ch_lat_lon
artemisia_absinthium	67996	absi_000220	canonical		artemisia absinthium			20240628135845	7.1743617	46.003315	looks_swapped_ch_lat_lon	46.003315	7.1743617	coordinates_look_swapped_ch_lat_lon
artemisia_absinthium	67997	absi_000169	canonical		artemisia absinthium			20240628141611	7.150713	46.02585	looks_swapped_ch_lat_lon	46.02585	7.150713	coordinates_look_swapped_ch_lat_lon
artemisia_absinthium	67998	absi_000167	canonical		artemisia absinthium			20240628141806	7.150309	46.025803	looks_swapped_ch_lat_lon	46.025803	7.150309	coordinates_look_swapped_ch_lat_lon
artemisia_absinthium	67999	absi_000168	canonical		artemisia absinthium			20240628142015	7.150763	46.025906	looks_swapped_ch_lat_lon	46.025906	7.150763	coordinates_look_swapped_ch_lat_lon
artemisia_absinthium	68000	absi_000170	canonical		artemisia absinthium			20240628142238	7.1507335	46.025944	looks_swapped_ch_lat_lon	46.025944	7.1507335	coordinates_look_swapped_ch_lat_lon
artemisia_absinthium	68001	absi_000166	canonical		artemisia absinthium			20240628142420	7.150722	46.025974	looks_swapped_ch_lat_lon	46.025974	7.150722	coordinates_look_swapped_ch_lat_lon
artemisia_absinthium	68002	absi_000172	canonical					20240628142933	7.1506705	46.025864	looks_swapped_ch_lat_lon	46.025864	7.1506705	coordinates_look_swapped_ch_lat_lon
artemisia_absinthium	68003	absi_000171	canonical					20240628143209	7.150603	46.025967	looks_swapped_ch_lat_lon	46.025967	7.150603	coordinates_look_swapped_ch_lat_lon
artemisia_absinthium	68004	absi_000213	canonical		artemisia absinthium			20240628145609	7.1288605	46.08018	looks_swapped_ch_lat_lon	46.08018	7.1288605	coordinates_look_swapped_ch_lat_lon
artemisia_absinthium	68005	absi_000215	canonical		artemisia absinthium			20240628145931	7.128847	46.080257	looks_swapped_ch_lat_lon	46.080257	7.128847	coordinates_look_swapped_ch_lat_lon
artemisia_absinthium	68006	absi_000211	canonical		artemisia absinthium			20240628150149	7.1288395	46.08017	looks_swapped_ch_lat_lon	46.08017	7.1288395	coordinates_look_swapped_ch_lat_lon
artemisia_absinthium	68007	absi_000214	canonical		artemisia absinthium			20240628150415	7.128787	46.0802	looks_swapped_ch_lat_lon	46.0802	7.128787	coordinates_look_swapped_ch_lat_lon
artemisia_absinthium	68008	absi_000212	canonical		artemisia absinthium			20240628150622	7.128836	46.080215	looks_swapped_ch_lat_lon	46.080215	7.128836	coordinates_look_swapped_ch_lat_lon
artemisia_absinthium	68009	absi_000209	canonical		artemisia absinthium			20240628152637	7.052409	46.074768	looks_swapped_ch_lat_lon	46.074768	7.052409	coordinates_look_swapped_ch_lat_lon
artemisia_absinthium	68010	absi_000208	canonical		artemisia absinthium			20240628152819	7.052418	46.074764	looks_swapped_ch_lat_lon	46.074764	7.052418	coordinates_look_swapped_ch_lat_lon
artemisia_absinthium	68011	absi_000206	canonical		artemisia absinthium			20240628152958	7.0524087	46.074875	looks_swapped_ch_lat_lon	46.074875	7.0524087	coordinates_look_swapped_ch_lat_lon
artemisia_absinthium	68012	absi_000207	canonical		artemisia absinthium			20240628153144	7.0523877	46.07485	looks_swapped_ch_lat_lon	46.07485	7.0523877	coordinates_look_swapped_ch_lat_lon
artemisia_absinthium	68013	absi_000210	canonical		artemisia absinthium			20240628153409	7.0524373	46.07489	looks_swapped_ch_lat_lon	46.07489	7.0524373	coordinates_look_swapped_ch_lat_lon
artemisia_absinthium	68014	absi_000173	canonical					20240628153720	7.052387	46.074856	looks_swapped_ch_lat_lon	46.074856	7.052387	coordinates_look_swapped_ch_lat_lon
artemisia_absinthium	68015	absi_000174	canonical					20240628154153	7.0523944	46.074753	looks_swapped_ch_lat_lon	46.074753	7.0523944	coordinates_look_swapped_ch_lat_lon
artemisia_absinthium	68016	absi_000175	canonical		artemisia absinthium			20240705102506	6.9333744	47.000164	looks_swapped_ch_lat_lon	47.000164	6.9333744	coordinates_look_swapped_ch_lat_lon
artemisia_absinthium	68017	absi_000177	canonical		artemisia absinthium			20240705102954	6.9333935	47.000145	looks_swapped_ch_lat_lon	47.000145	6.9333935	coordinates_look_swapped_ch_lat_lon
artemisia_absinthium	68018	absi_000186	canonical		artemisia absinthium			20240705103438	6.9334445	47.000153	looks_swapped_ch_lat_lon	47.000153	6.9334445	coordinates_look_swapped_ch_lat_lon
artemisia_absinthium	68019	absi_000196	canonical		artemisia absinthium			20240705103930	6.9334373	47.000168	looks_swapped_ch_lat_lon	47.000168	6.9334373	coordinates_look_swapped_ch_lat_lon
artemisia_absinthium	68020	absi_000191	canonical		artemisia absinthium			20240705104442	6.9334335	47.000168	looks_swapped_ch_lat_lon	47.000168	6.9334335	coordinates_look_swapped_ch_lat_lon
artemisia_absinthium	68021	absi_000181	canonical		artemisia absinthium			20240705104802	6.933437	47.000156	looks_swapped_ch_lat_lon	47.000156	6.933437	coordinates_look_swapped_ch_lat_lon
artemisia_absinthium	68022	absi_000201	canonical		artemisia absinthium			20240705105203	6.9334383	47.000164	looks_swapped_ch_lat_lon	47.000164	6.9334383	coordinates_look_swapped_ch_lat_lon
artemisia_absinthium	68023	absi_000179	canonical		artemisia absinthium			20240705100925	6.933391	47.00014	looks_swapped_ch_lat_lon	47.00014	6.933391	coordinates_look_swapped_ch_lat_lon
artemisia_absinthium	68024	absi_000176	canonical		artemisia absinthium			20240705101541	6.93338	47.000175	looks_swapped_ch_lat_lon	47.000175	6.93338	coordinates_look_swapped_ch_lat_lon
artemisia_absinthium	68025	absi_000178	canonical		artemisia absinthium			20240705102034	6.933382	47.000153	looks_swapped_ch_lat_lon	47.000153	6.933382	coordinates_look_swapped_ch_lat_lon
artemisia_absinthium	68026	absi_000189	canonical		artemisia absinthium			20240705105527	6.9334526	47.000153	looks_swapped_ch_lat_lon	47.000153	6.9334526	coordinates_look_swapped_ch_lat_lon
artemisia_absinthium	68027	absi_000200	canonical		artemisia absinthium			20240705105905	6.933445	47.00017	looks_swapped_ch_lat_lon	47.00017	6.933445	coordinates_look_swapped_ch_lat_lon
artemisia_absinthium	68028	absi_000205	canonical		artemisia absinthium			20240705110256	6.9334517	47.00017	looks_swapped_ch_lat_lon	47.00017	6.9334517	coordinates_look_swapped_ch_lat_lon
artemisia_absinthium	68029	absi_000190	canonical		artemisia absinthium			20240705110721	6.9334497	47.00016	looks_swapped_ch_lat_lon	47.00016	6.9334497	coordinates_look_swapped_ch_lat_lon
artemisia_absinthium	68030	absi_000180	canonical		artemisia absinthium			20240705111258	6.9334464	47.000168	looks_swapped_ch_lat_lon	47.000168	6.9334464	coordinates_look_swapped_ch_lat_lon
artemisia_absinthium	68031	absi_000222	canonical		artemisia absinthium			20240705111752	6.9333963	47.00016	looks_swapped_ch_lat_lon	47.00016	6.9333963	coordinates_look_swapped_ch_lat_lon
artemisia_absinthium	68032	absi_000185	canonical		artemisia absinthium			20240705112209	6.933389	47.00017	looks_swapped_ch_lat_lon	47.00017	6.933389	coordinates_look_swapped_ch_lat_lon
artemisia_absinthium	68033	absi_000195	canonical		artemisia absinthium			20240705112519	6.933404	47.00016	looks_swapped_ch_lat_lon	47.00016	6.933404	coordinates_look_swapped_ch_lat_lon
artemisia_absinthium	68034	absi_000184	canonical		artemisia absinthium			20240705113027	6.9333997	47.00017	looks_swapped_ch_lat_lon	47.00017	6.9333997	coordinates_look_swapped_ch_lat_lon
artemisia_absinthium	68035	absi_000199	canonical		artemisia absinthium			20240705113341	6.933401	47.000168	looks_swapped_ch_lat_lon	47.000168	6.933401	coordinates_look_swapped_ch_lat_lon
artemisia_absinthium	68036	absi_000204	canonical		artemisia absinthium			20240705113820	6.933377	47.000137	looks_swapped_ch_lat_lon	47.000137	6.933377	coordinates_look_swapped_ch_lat_lon
artemisia_absinthium	68037	absi_000183	canonical		artemisia absinthium			20240705114439	6.9333625	47.00016	looks_swapped_ch_lat_lon	47.00016	6.9333625	coordinates_look_swapped_ch_lat_lon
artemisia_absinthium	68038	absi_000194	canonical		artemisia absinthium			20240705114816	6.933368	47.000145	looks_swapped_ch_lat_lon	47.000145	6.933368	coordinates_look_swapped_ch_lat_lon
artemisia_absinthium	68039	absi_000198	canonical		artemisia absinthium			20240705115116	6.9333596	47.000153	looks_swapped_ch_lat_lon	47.000153	6.9333596	coordinates_look_swapped_ch_lat_lon
artemisia_absinthium	68040	absi_000203	canonical		artemisia absinthium			20240705115539	6.9333644	47.000153	looks_swapped_ch_lat_lon	47.000153	6.9333644	coordinates_look_swapped_ch_lat_lon
artemisia_absinthium	68041	absi_000001	canonical		artemisia absinthium			20240705120207	6.933367	47.00013	looks_swapped_ch_lat_lon	47.00013	6.933367	coordinates_look_swapped_ch_lat_lon
artemisia_absinthium	68042	absi_000182	canonical		artemisia absinthium			20240705120824	6.9333587	47.000134	looks_swapped_ch_lat_lon	47.000134	6.9333587	coordinates_look_swapped_ch_lat_lon
artemisia_absinthium	68043	absi_000187	canonical		artemisia absinthium			20240705121150	6.933361	47.00013	looks_swapped_ch_lat_lon	47.00013	6.933361	coordinates_look_swapped_ch_lat_lon
artemisia_absinthium	68044	absi_000188	canonical		artemisia absinthium			20240705121859	6.9333553	47.00013	looks_swapped_ch_lat_lon	47.00013	6.9333553	coordinates_look_swapped_ch_lat_lon
artemisia_absinthium	68045	absi_000193	canonical		artemisia absinthium			20240705122434	6.93335	47.000126	looks_swapped_ch_lat_lon	47.000126	6.93335	coordinates_look_swapped_ch_lat_lon
artemisia_absinthium	68046	absi_000197	canonical		artemisia absinthium			20240705122828	6.9333377	47.00015	looks_swapped_ch_lat_lon	47.00015	6.9333377	coordinates_look_swapped_ch_lat_lon
artemisia_absinthium	68047	absi_000202	canonical		artemisia absinthium			20240705123206	6.933342	47.00015	looks_swapped_ch_lat_lon	47.00015	6.933342	coordinates_look_swapped_ch_lat_lon
artemisia_absinthium	68048	absi_000192	canonical		artemisia absinthium			20240705123516	6.9333444	47.000145	looks_swapped_ch_lat_lon	47.000145	6.9333444	coordinates_look_swapped_ch_lat_lon
artemisia_absinthium	68049	absi_000009	canonical		artemisia absinthium			20240705131721	6.933337	47.000126	looks_swapped_ch_lat_lon	47.000126	6.933337	coordinates_look_swapped_ch_lat_lon
artemisia_absinthium	68050	absi_000011	canonical		artemisia absinthium			20240705132213	6.9333224	47.000145	looks_swapped_ch_lat_lon	47.000145	6.9333224	coordinates_look_swapped_ch_lat_lon
artemisia_absinthium	68051	absi_000003	canonical		artemisia absinthium			20240705132758	6.933329	47.000145	looks_swapped_ch_lat_lon	47.000145	6.933329	coordinates_look_swapped_ch_lat_lon
artemisia_absinthium	68052	absi_000007	canonical		artemisia absinthium			20240705133152	6.933336	47.000134	looks_swapped_ch_lat_lon	47.000134	6.933336	coordinates_look_swapped_ch_lat_lon
artemisia_absinthium	68053	absi_000010	canonical		artemisia absinthium			20240705133520	6.9333267	47.000137	looks_swapped_ch_lat_lon	47.000137	6.9333267	coordinates_look_swapped_ch_lat_lon
artemisia_absinthium	68054	absi_000008	canonical		artemisia absinthium			20240705134351	6.9333286	47.000122	looks_swapped_ch_lat_lon	47.000122	6.9333286	coordinates_look_swapped_ch_lat_lon
artemisia_absinthium	68055	absi_000019	canonical		artemisia absinthium			20240705135058	6.9333158	47.000145	looks_swapped_ch_lat_lon	47.000145	6.9333158	coordinates_look_swapped_ch_lat_lon
artemisia_absinthium	68056	absi_000015	canonical		artemisia absinthium			20240705135441	6.933321	47.000134	looks_swapped_ch_lat_lon	47.000134	6.933321	coordinates_look_swapped_ch_lat_lon
artemisia_absinthium	68057	absi_000002	canonical		artemisia absinthium			20240705135914	6.933325	47.00012	looks_swapped_ch_lat_lon	47.00012	6.933325	coordinates_look_swapped_ch_lat_lon
artemisia_absinthium	68058	absi_000004	canonical		artemisia absinthium			20240705141012	6.93332	47.00012	looks_swapped_ch_lat_lon	47.00012	6.93332	coordinates_look_swapped_ch_lat_lon
artemisia_absinthium	68059	absi_000006	canonical		artemisia absinthium			20240705141911	6.9333076	47.00014	looks_swapped_ch_lat_lon	47.00014	6.9333076	coordinates_look_swapped_ch_lat_lon
artemisia_absinthium	68060	absi_000016	canonical		artemisia absinthium			20240705142848	6.9333134	47.000126	looks_swapped_ch_lat_lon	47.000126	6.9333134	coordinates_look_swapped_ch_lat_lon
artemisia_absinthium	68061	absi_000028	canonical		artemisia absinthium			20240705143211	6.933314	47.00012	looks_swapped_ch_lat_lon	47.00012	6.933314	coordinates_look_swapped_ch_lat_lon
artemisia_absinthium	68062	absi_000023	canonical		artemisia absinthium			20240705143628	6.9333086	47.00012	looks_swapped_ch_lat_lon	47.00012	6.9333086	coordinates_look_swapped_ch_lat_lon
artemisia_absinthium	68063	absi_000012	canonical		artemisia absinthium			20240705144102	6.9332995	47.000137	looks_swapped_ch_lat_lon	47.000137	6.9332995	coordinates_look_swapped_ch_lat_lon
artemisia_absinthium	68064	absi_000025	canonical		artemisia absinthium			20240705144358	6.9333024	47.00013	looks_swapped_ch_lat_lon	47.00013	6.9333024	coordinates_look_swapped_ch_lat_lon
artemisia_absinthium	68065	absi_000024	canonical		artemisia absinthium			20240705144630	6.9333034	47.000126	looks_swapped_ch_lat_lon	47.000126	6.9333034	coordinates_look_swapped_ch_lat_lon
artemisia_absinthium	68066	absi_000022	canonical		artemisia absinthium			20240705144954	6.933301	47.000114	looks_swapped_ch_lat_lon	47.000114	6.933301	coordinates_look_swapped_ch_lat_lon
artemisia_absinthium	68067	absi_000018	canonical		artemisia absinthium			20240705145301	6.9332952	47.000114	looks_swapped_ch_lat_lon	47.000114	6.9332952	coordinates_look_swapped_ch_lat_lon
artemisia_absinthium	68068	absi_000014	canonical		artemisia absinthium			20240705145530	6.9332886	47.000134	looks_swapped_ch_lat_lon	47.000134	6.9332886	coordinates_look_swapped_ch_lat_lon
artemisia_absinthium	68069	absi_000029	canonical		artemisia absinthium			20240705145726	6.9332857	47.000126	looks_swapped_ch_lat_lon	47.000126	6.9332857	coordinates_look_swapped_ch_lat_lon
artemisia_absinthium	68070	absi_000026	canonical		artemisia absinthium			20240705150019	6.933293	47.000126	looks_swapped_ch_lat_lon	47.000126	6.933293	coordinates_look_swapped_ch_lat_lon
artemisia_absinthium	68071	absi_000034	canonical		artemisia absinthium			20240705150413	6.933289	47.00011	looks_swapped_ch_lat_lon	47.00011	6.933289	coordinates_look_swapped_ch_lat_lon
artemisia_absinthium	68072	absi_000030	canonical		artemisia absinthium			20240705150751	6.9332743	47.000126	looks_swapped_ch_lat_lon	47.000126	6.9332743	coordinates_look_swapped_ch_lat_lon
artemisia_absinthium	68073	absi_000013	canonical		artemisia absinthium			20240705150932	6.9332857	47.000114	looks_swapped_ch_lat_lon	47.000114	6.9332857	coordinates_look_swapped_ch_lat_lon
artemisia_absinthium	68074	absi_000017	canonical		artemisia absinthium			20240705151128	6.933281	47.000122	looks_swapped_ch_lat_lon	47.000122	6.933281	coordinates_look_swapped_ch_lat_lon
artemisia_absinthium	68075	absi_000027	canonical		artemisia absinthium			20240705151337	6.9332795	47.00012	looks_swapped_ch_lat_lon	47.00012	6.9332795	coordinates_look_swapped_ch_lat_lon
artemisia_absinthium	68076	absi_000036	canonical		artemisia absinthium			20240729103357	7.0778146	46.122746	looks_swapped_ch_lat_lon	46.122746	7.0778146	coordinates_look_swapped_ch_lat_lon
artemisia_absinthium	68077	absi_000037	canonical		artemisia absinthium			20240729103746	7.0778146	46.122746	looks_swapped_ch_lat_lon	46.122746	7.0778146	coordinates_look_swapped_ch_lat_lon
artemisia_absinthium	68078	absi_000032	canonical		artemisia absinthium			20240729104005	7.0778146	46.122746	looks_swapped_ch_lat_lon	46.122746	7.0778146	coordinates_look_swapped_ch_lat_lon
artemisia_absinthium	68079	absi_000039	canonical		artemisia absinthium			20240729104204	7.0778146	46.122746	looks_swapped_ch_lat_lon	46.122746	7.0778146	coordinates_look_swapped_ch_lat_lon
artemisia_absinthium	68080	absi_000041	canonical		artemisia absinthium			20240729104845	7.077789	46.122746	looks_swapped_ch_lat_lon	46.122746	7.077789	coordinates_look_swapped_ch_lat_lon
artemisia_absinthium	68081	absi_000049	canonical		artemisia absinthium			20240729105005	7.077789	46.122746	looks_swapped_ch_lat_lon	46.122746	7.077789	coordinates_look_swapped_ch_lat_lon
artemisia_absinthium	68082	absi_000045	canonical		artemisia absinthium			20240729105205	7.0777946	46.12276	looks_swapped_ch_lat_lon	46.12276	7.0777946	coordinates_look_swapped_ch_lat_lon
artemisia_absinthium	68083	absi_000052	canonical		artemisia absinthium			20240729105332	7.0777946	46.12276	looks_swapped_ch_lat_lon	46.12276	7.0777946	coordinates_look_swapped_ch_lat_lon
artemisia_absinthium	68084	absi_000059	canonical		artemisia absinthium			20240729105624	7.077645	46.122753	looks_swapped_ch_lat_lon	46.122753	7.077645	coordinates_look_swapped_ch_lat_lon
artemisia_absinthium	68085	absi_000057	canonical		artemisia absinthium			20240729105906	7.077656	46.122757	looks_swapped_ch_lat_lon	46.122757	7.077656	coordinates_look_swapped_ch_lat_lon
artemisia_absinthium	68086	absi_000053	canonical		artemisia absinthium			20240729110054	7.0776505	46.122753	looks_swapped_ch_lat_lon	46.122753	7.0776505	coordinates_look_swapped_ch_lat_lon
artemisia_absinthium	68087	absi_000058	canonical		artemisia absinthium			20240729110235	7.077657	46.12275	looks_swapped_ch_lat_lon	46.12275	7.077657	coordinates_look_swapped_ch_lat_lon
artemisia_absinthium	68088	absi_000054	canonical		artemisia absinthium			20240729110507	7.0779433	46.12276	looks_swapped_ch_lat_lon	46.12276	7.0779433	coordinates_look_swapped_ch_lat_lon
artemisia_absinthium	68089	absi_000055	canonical		artemisia absinthium			20240729110820	7.0779386	46.12276	looks_swapped_ch_lat_lon	46.12276	7.0779386	coordinates_look_swapped_ch_lat_lon
artemisia_absinthium	68090	absi_000060	canonical		artemisia absinthium			20240729111010	7.077937	46.122765	looks_swapped_ch_lat_lon	46.122765	7.077937	coordinates_look_swapped_ch_lat_lon
artemisia_absinthium	68091	absi_000043	canonical		artemisia absinthium			20240729111222	7.077937	46.122765	looks_swapped_ch_lat_lon	46.122765	7.077937	coordinates_look_swapped_ch_lat_lon
artemisia_absinthium	68092	absi_000056	canonical		artemisia absinthium			20240729111401	7.077948	46.12276	looks_swapped_ch_lat_lon	46.12276	7.077948	coordinates_look_swapped_ch_lat_lon
artemisia_absinthium	68093	absi_000048	canonical		artemisia absinthium			20240729111908	7.0776834	46.1228	looks_swapped_ch_lat_lon	46.1228	7.0776834	coordinates_look_swapped_ch_lat_lon
artemisia_absinthium	68094	absi_000050	canonical		artemisia absinthium			20240729112225	7.077682	46.122795	looks_swapped_ch_lat_lon	46.122795	7.077682	coordinates_look_swapped_ch_lat_lon
artemisia_absinthium	68095	absi_000031	canonical		artemisia absinthium			20240729112347	7.0776834	46.122787	looks_swapped_ch_lat_lon	46.122787	7.0776834	coordinates_look_swapped_ch_lat_lon
artemisia_absinthium	68096	absi_000042	canonical		artemisia absinthium			20240729112509	7.0776834	46.122787	looks_swapped_ch_lat_lon	46.122787	7.0776834	coordinates_look_swapped_ch_lat_lon
artemisia_absinthium	68097	absi_000047	canonical		artemisia absinthium			20240729121255	7.1288137	46.080173	looks_swapped_ch_lat_lon	46.080173	7.1288137	coordinates_look_swapped_ch_lat_lon
artemisia_absinthium	68098	absi_000044	canonical		artemisia absinthium			20240729121522	7.1287985	46.080185	looks_swapped_ch_lat_lon	46.080185	7.1287985	coordinates_look_swapped_ch_lat_lon
artemisia_absinthium	68099	absi_000035	canonical		artemisia absinthium			20240729121636	7.128801	46.08019	looks_swapped_ch_lat_lon	46.08019	7.128801	coordinates_look_swapped_ch_lat_lon
artemisia_absinthium	68100	absi_000033	canonical		artemisia absinthium			20240729121754	7.1288	46.08018	looks_swapped_ch_lat_lon	46.08018	7.1288	coordinates_look_swapped_ch_lat_lon
artemisia_absinthium	68101	absi_000051	canonical		artemisia absinthium			20240729122218	7.128836	46.0802	looks_swapped_ch_lat_lon	46.0802	7.128836	coordinates_look_swapped_ch_lat_lon
artemisia_absinthium	68102	absi_000071	canonical		artemisia absinthium			20240729122613	7.128818	46.080193	looks_swapped_ch_lat_lon	46.080193	7.128818	coordinates_look_swapped_ch_lat_lon
artemisia_absinthium	68103	absi_000074	canonical		artemisia absinthium			20240729122707	7.12882	46.08021	looks_swapped_ch_lat_lon	46.08021	7.12882	coordinates_look_swapped_ch_lat_lon
artemisia_absinthium	68104	absi_000062	canonical		artemisia absinthium			20240729122946	7.128818	46.08021	looks_swapped_ch_lat_lon	46.08021	7.128818	coordinates_look_swapped_ch_lat_lon
artemisia_absinthium	68105	absi_000072	canonical		artemisia absinthium			20240729123246	7.1290255	46.08039	looks_swapped_ch_lat_lon	46.08039	7.1290255	coordinates_look_swapped_ch_lat_lon
artemisia_absinthium	68106	absi_000079	canonical		artemisia absinthium			20240729123427	7.1290255	46.08039	looks_swapped_ch_lat_lon	46.08039	7.1290255	coordinates_look_swapped_ch_lat_lon
artemisia_absinthium	68107	absi_000067	canonical		artemisia absinthium			20240729123601	7.1288824	46.08022	looks_swapped_ch_lat_lon	46.08022	7.1288824	coordinates_look_swapped_ch_lat_lon
artemisia_absinthium	68108	absi_000080	canonical		artemisia absinthium			20240729123721	7.1288867	46.080223	looks_swapped_ch_lat_lon	46.080223	7.1288867	coordinates_look_swapped_ch_lat_lon
artemisia_absinthium	68109	absi_000065	canonical		artemisia absinthium			20240729123843	7.128877	46.08022	looks_swapped_ch_lat_lon	46.08022	7.128877	coordinates_look_swapped_ch_lat_lon
artemisia_absinthium	68110	absi_000063	canonical		artemisia absinthium			20240729130935	7.128899	46.08037	looks_swapped_ch_lat_lon	46.08037	7.128899	coordinates_look_swapped_ch_lat_lon
artemisia_absinthium	68111	absi_000061	canonical		artemisia absinthium			20240729131156	7.1289105	46.080357	looks_swapped_ch_lat_lon	46.080357	7.1289105	coordinates_look_swapped_ch_lat_lon
artemisia_absinthium	68112	absi_000078	canonical		artemisia absinthium			20240729131313	7.128906	46.080357	looks_swapped_ch_lat_lon	46.080357	7.128906	coordinates_look_swapped_ch_lat_lon
artemisia_absinthium	68113	absi_000070	canonical		artemisia absinthium			20240729131412	7.1288924	46.080357	looks_swapped_ch_lat_lon	46.080357	7.1288924	coordinates_look_swapped_ch_lat_lon
artemisia_absinthium	68114	absi_000069	canonical		artemisia absinthium			20240729131612	7.128919	46.080368	looks_swapped_ch_lat_lon	46.080368	7.128919	coordinates_look_swapped_ch_lat_lon
artemisia_absinthium	68115	absi_000075	canonical		artemisia absinthium			20240729131808	7.1290255	46.08039	looks_swapped_ch_lat_lon	46.08039	7.1290255	coordinates_look_swapped_ch_lat_lon
artemisia_absinthium	68116	absi_000077	canonical		artemisia absinthium			20240729131914	7.1289163	46.08037	looks_swapped_ch_lat_lon	46.08037	7.1289163	coordinates_look_swapped_ch_lat_lon
artemisia_absinthium	68117	absi_000073	canonical		artemisia absinthium			20240729132035	7.1289206	46.08037	looks_swapped_ch_lat_lon	46.08037	7.1289206	coordinates_look_swapped_ch_lat_lon
artemisia_absinthium	68118	absi_000066	canonical		artemisia absinthium			20240729132131	7.128961	46.08043	looks_swapped_ch_lat_lon	46.08043	7.128961	coordinates_look_swapped_ch_lat_lon
artemisia_absinthium	68119	absi_000160	canonical		artemisia absinthium			20240729140658	7.150732	46.025906	looks_swapped_ch_lat_lon	46.025906	7.150732	coordinates_look_swapped_ch_lat_lon
artemisia_absinthium	68120	absi_000159	canonical		artemisia absinthium			20240729140844	7.150703	46.025913	looks_swapped_ch_lat_lon	46.025913	7.150703	coordinates_look_swapped_ch_lat_lon
artemisia_absinthium	68121	absi_000151	canonical		artemisia absinthium			20240729140953	7.150743	46.02591	looks_swapped_ch_lat_lon	46.02591	7.150743	coordinates_look_swapped_ch_lat_lon
artemisia_absinthium	68122	absi_000157	canonical		artemisia absinthium			20240729141104	7.15072	46.02591	looks_swapped_ch_lat_lon	46.02591	7.15072	coordinates_look_swapped_ch_lat_lon
artemisia_absinthium	68123	absi_000156	canonical		artemisia absinthium			20240729141239	7.150719	46.02589	looks_swapped_ch_lat_lon	46.02589	7.150719	coordinates_look_swapped_ch_lat_lon
artemisia_absinthium	68124	absi_000149	canonical		artemisia absinthium			20240729141445	7.150727	46.02589	looks_swapped_ch_lat_lon	46.02589	7.150727	coordinates_look_swapped_ch_lat_lon
artemisia_absinthium	68125	absi_000155	canonical		artemisia absinthium			20240729141534	7.1507177	46.02589	looks_swapped_ch_lat_lon	46.02589	7.1507177	coordinates_look_swapped_ch_lat_lon
artemisia_absinthium	68126	absi_000076	canonical		artemisia absinthium			20240729141619	7.150723	46.025887	looks_swapped_ch_lat_lon	46.025887	7.150723	coordinates_look_swapped_ch_lat_lon
artemisia_absinthium	68127	absi_000158	canonical		artemisia absinthium			20240729141813	7.1507506	46.025883	looks_swapped_ch_lat_lon	46.025883	7.1507506	coordinates_look_swapped_ch_lat_lon
artemisia_absinthium	68128	absi_000068	canonical		artemisia absinthium			20240729142032	7.150745	46.02588	looks_swapped_ch_lat_lon	46.02588	7.150745	coordinates_look_swapped_ch_lat_lon
artemisia_absinthium	68129	absi_000148	canonical		artemisia absinthium			20240729142156	7.15075	46.02588	looks_swapped_ch_lat_lon	46.02588	7.15075	coordinates_look_swapped_ch_lat_lon
artemisia_absinthium	68130	absi_000046	canonical		artemisia absinthium			20240729142249	7.150737	46.02588	looks_swapped_ch_lat_lon	46.02588	7.150737	coordinates_look_swapped_ch_lat_lon
artemisia_absinthium	68131	absi_000150	canonical		artemisia absinthium			20240729142345	7.1507316	46.02588	looks_swapped_ch_lat_lon	46.02588	7.1507316	coordinates_look_swapped_ch_lat_lon
artemisia_absinthium	68132	absi_000064	canonical		artemisia absinthium			20240729142617	7.150756	46.025867	looks_swapped_ch_lat_lon	46.025867	7.150756	coordinates_look_swapped_ch_lat_lon
artemisia_absinthium	68133	absi_000038	canonical		artemisia absinthium			20240729142852	7.150814	46.0259	looks_swapped_ch_lat_lon	46.0259	7.150814	coordinates_look_swapped_ch_lat_lon
artemisia_absinthium	68134	absi_000040	canonical		artemisia absinthium			20240729143004	7.1507754	46.02587	looks_swapped_ch_lat_lon	46.02587	7.1507754	coordinates_look_swapped_ch_lat_lon
artemisia_absinthium	68135	absi_000143	canonical		artemisia absinthium			20240729143133	7.1507707	46.025875	looks_swapped_ch_lat_lon	46.025875	7.1507707	coordinates_look_swapped_ch_lat_lon
artemisia_absinthium	68136	absi_000140	canonical		artemisia absinthium			20240729143559	7.150836	46.025745	looks_swapped_ch_lat_lon	46.025745	7.150836	coordinates_look_swapped_ch_lat_lon
artemisia_absinthium	68137	absi_000141	canonical		artemisia absinthium			20240729143734	7.150844	46.02574	looks_swapped_ch_lat_lon	46.02574	7.150844	coordinates_look_swapped_ch_lat_lon
artemisia_absinthium	68138	absi_000136	canonical		artemisia absinthium			20240729143836	7.1508546	46.025745	looks_swapped_ch_lat_lon	46.025745	7.1508546	coordinates_look_swapped_ch_lat_lon
artemisia_absinthium	68139	absi_000142	canonical		artemisia absinthium			20240729143923	7.150845	46.025745	looks_swapped_ch_lat_lon	46.025745	7.150845	coordinates_look_swapped_ch_lat_lon
artemisia_absinthium	68140	absi_000144	canonical		artemisia absinthium			20240729150928	7.0523987	46.074764	looks_swapped_ch_lat_lon	46.074764	7.0523987	coordinates_look_swapped_ch_lat_lon
artemisia_absinthium	68141	absi_000124	canonical		artemisia absinthium			20240729151113	7.0523953	46.074768	looks_swapped_ch_lat_lon	46.074768	7.0523953	coordinates_look_swapped_ch_lat_lon
artemisia_absinthium	68142	absi_000137	canonical		artemisia absinthium			20240729151212	7.0523925	46.074776	looks_swapped_ch_lat_lon	46.074776	7.0523925	coordinates_look_swapped_ch_lat_lon
artemisia_absinthium	68143	absi_000121	canonical		artemisia absinthium			20240729151258	7.0523944	46.074776	looks_swapped_ch_lat_lon	46.074776	7.0523944	coordinates_look_swapped_ch_lat_lon
artemisia_absinthium	68144	absi_000133	canonical		artemisia absinthium			20240729151510	7.052365	46.07474	looks_swapped_ch_lat_lon	46.07474	7.052365	coordinates_look_swapped_ch_lat_lon
artemisia_absinthium	68145	absi_000123	canonical		artemisia absinthium			20240729151632	7.052369	46.07475	looks_swapped_ch_lat_lon	46.07475	7.052369	coordinates_look_swapped_ch_lat_lon
artemisia_absinthium	68146	absi_000131	canonical		artemisia absinthium			20240729151741	7.0523705	46.07475	looks_swapped_ch_lat_lon	46.07475	7.0523705	coordinates_look_swapped_ch_lat_lon
artemisia_absinthium	68147	absi_000122	canonical		artemisia absinthium			20240729151909	7.0523705	46.07475	looks_swapped_ch_lat_lon	46.07475	7.0523705	coordinates_look_swapped_ch_lat_lon
artemisia_absinthium	68148	absi_000128	canonical		artemisia absinthium			20240729152043	7.0523667	46.074753	looks_swapped_ch_lat_lon	46.074753	7.0523667	coordinates_look_swapped_ch_lat_lon
artemisia_absinthium	68149	absi_000130	canonical		artemisia absinthium			20240729152207	7.0523806	46.07485	looks_swapped_ch_lat_lon	46.07485	7.0523806	coordinates_look_swapped_ch_lat_lon
artemisia_absinthium	68150	absi_000125	canonical		artemisia absinthium			20240729152511	7.0524173	46.0748	looks_swapped_ch_lat_lon	46.0748	7.0524173	coordinates_look_swapped_ch_lat_lon
artemisia_absinthium	68151	absi_000127	canonical		artemisia absinthium			20240729152558	7.0524116	46.07481	looks_swapped_ch_lat_lon	46.07481	7.0524116	coordinates_look_swapped_ch_lat_lon
artemisia_absinthium	68152	absi_000145	canonical		artemisia absinthium			20240729152805	7.0524116	46.074806	looks_swapped_ch_lat_lon	46.074806	7.0524116	coordinates_look_swapped_ch_lat_lon
artemisia_absinthium	68153	absi_000126	canonical		artemisia absinthium			20240729153026	7.052362	46.074852	looks_swapped_ch_lat_lon	46.074852	7.052362	coordinates_look_swapped_ch_lat_lon
artemisia_absinthium	68154	absi_000134	canonical		artemisia absinthium			20240729153146	7.0523834	46.074883	looks_swapped_ch_lat_lon	46.074883	7.0523834	coordinates_look_swapped_ch_lat_lon
artemisia_absinthium	68155	absi_000116	canonical		artemisia absinthium			20240729153249	7.0523825	46.074883	looks_swapped_ch_lat_lon	46.074883	7.0523825	coordinates_look_swapped_ch_lat_lon
artemisia_absinthium	68156	absi_000132	canonical		artemisia absinthium			20240729153341	7.0523753	46.07488	looks_swapped_ch_lat_lon	46.07488	7.0523753	coordinates_look_swapped_ch_lat_lon
artemisia_absinthium	68157	absi_000120	canonical		artemisia absinthium			20240729153454	7.052296	46.074856	looks_swapped_ch_lat_lon	46.074856	7.052296	coordinates_look_swapped_ch_lat_lon
artemisia_absinthium	68158	absi_000135	canonical		artemisia absinthium			20240729153656	7.0523057	46.074875	looks_swapped_ch_lat_lon	46.074875	7.0523057	coordinates_look_swapped_ch_lat_lon
artemisia_absinthium	68159	absi_000117	canonical		artemisia absinthium			20240729153755	7.052302	46.074867	looks_swapped_ch_lat_lon	46.074867	7.052302	coordinates_look_swapped_ch_lat_lon
artemisia_absinthium	68160	absi_000119	canonical		artemisia absinthium			20240729153850	7.052307	46.074867	looks_swapped_ch_lat_lon	46.074867	7.052307	coordinates_look_swapped_ch_lat_lon
artemisia_absinthium	68161	absi_000114	canonical		artemisia absinthium			20240802093912	6.9334526	47.000156	looks_swapped_ch_lat_lon	47.000156	6.9334526	coordinates_look_swapped_ch_lat_lon
artemisia_absinthium	68162	absi_000112	canonical		artemisia absinthium			20240802094201	6.9334526	47.000156	looks_swapped_ch_lat_lon	47.000156	6.9334526	coordinates_look_swapped_ch_lat_lon
artemisia_absinthium	68163	absi_000115	canonical		artemisia absinthium			20240802094504	6.9334526	47.000156	looks_swapped_ch_lat_lon	47.000156	6.9334526	coordinates_look_swapped_ch_lat_lon
artemisia_absinthium	68164	absi_000111	canonical		artemisia absinthium			20240802094745	6.9334526	47.000156	looks_swapped_ch_lat_lon	47.000156	6.9334526	coordinates_look_swapped_ch_lat_lon
artemisia_absinthium	68165	absi_000113	canonical		artemisia absinthium			20240802095201	6.933455	47.00016	looks_swapped_ch_lat_lon	47.00016	6.933455	coordinates_look_swapped_ch_lat_lon
artemisia_absinthium	68166	absi_000110	canonical		artemisia absinthium			20240802095519	6.933455	47.00016	looks_swapped_ch_lat_lon	47.00016	6.933455	coordinates_look_swapped_ch_lat_lon
artemisia_absinthium	68167	absi_000107	canonical		artemisia absinthium			20240802100000	6.9334555	47.00016	looks_swapped_ch_lat_lon	47.00016	6.9334555	coordinates_look_swapped_ch_lat_lon
artemisia_absinthium	68168	absi_000106	canonical		artemisia absinthium			20240802100201	6.933455	47.00016	looks_swapped_ch_lat_lon	47.00016	6.933455	coordinates_look_swapped_ch_lat_lon
artemisia_absinthium	68169	absi_000084	canonical		artemisia absinthium			20240802101447	6.9334517	47.000168	looks_swapped_ch_lat_lon	47.000168	6.9334517	coordinates_look_swapped_ch_lat_lon
artemisia_absinthium	68170	absi_000093	canonical		artemisia absinthium			20240802101619	6.9334517	47.000168	looks_swapped_ch_lat_lon	47.000168	6.9334517	coordinates_look_swapped_ch_lat_lon
artemisia_absinthium	68171	absi_000090	canonical		artemisia absinthium			20240802102533	6.933454	47.000164	looks_swapped_ch_lat_lon	47.000164	6.933454	coordinates_look_swapped_ch_lat_lon
artemisia_absinthium	68172	absi_000098	canonical		artemisia absinthium			20240802102641	6.933454	47.000164	looks_swapped_ch_lat_lon	47.000164	6.933454	coordinates_look_swapped_ch_lat_lon
artemisia_absinthium	68173	absi_000103	canonical		artemisia absinthium			20240802103019	6.9334493	47.000164	looks_swapped_ch_lat_lon	47.000164	6.9334493	coordinates_look_swapped_ch_lat_lon
artemisia_absinthium	68174	absi_000095	canonical		artemisia absinthium			20240802103131	6.9334493	47.000164	looks_swapped_ch_lat_lon	47.000164	6.9334493	coordinates_look_swapped_ch_lat_lon
artemisia_absinthium	68175	absi_000083	canonical		artemisia absinthium			20240802103516	6.93345	47.00017	looks_swapped_ch_lat_lon	47.00017	6.93345	coordinates_look_swapped_ch_lat_lon
artemisia_absinthium	68176	absi_000088	canonical		artemisia absinthium			20240802103633	6.93345	47.00017	looks_swapped_ch_lat_lon	47.00017	6.93345	coordinates_look_swapped_ch_lat_lon
artemisia_absinthium	68177	absi_000100	canonical		artemisia absinthium			20240802103900	6.9334497	47.00017	looks_swapped_ch_lat_lon	47.00017	6.9334497	coordinates_look_swapped_ch_lat_lon
artemisia_absinthium	68178	absi_000094	canonical		artemisia absinthium			20240802104058	6.933449	47.00017	looks_swapped_ch_lat_lon	47.00017	6.933449	coordinates_look_swapped_ch_lat_lon
artemisia_absinthium	68179	absi_000443	canonical		artemisia absinthium			20240806115400	6.933401	47.000168	looks_swapped_ch_lat_lon	47.000168	6.933401	coordinates_look_swapped_ch_lat_lon
artemisia_absinthium	68180	absi_000385	canonical		artemisia absinthium			20240806115512	6.933401	47.000168	looks_swapped_ch_lat_lon	47.000168	6.933401	coordinates_look_swapped_ch_lat_lon
artemisia_absinthium	68181	absi_000350	canonical		artemisia absinthium			20240806115754	6.9334035	47.00016	looks_swapped_ch_lat_lon	47.00016	6.9334035	coordinates_look_swapped_ch_lat_lon
artemisia_absinthium	68182	absi_000428	canonical		artemisia absinthium			20240806120146	6.933399	47.00017	looks_swapped_ch_lat_lon	47.00017	6.933399	coordinates_look_swapped_ch_lat_lon
artemisia_absinthium	68183	absi_000422	canonical		artemisia absinthium			20240806120623	6.933399	47.00017	looks_swapped_ch_lat_lon	47.00017	6.933399	coordinates_look_swapped_ch_lat_lon
artemisia_absinthium	68184	absi_000426	canonical		artemisia absinthium			20240806120718	6.933399	47.00017	looks_swapped_ch_lat_lon	47.00017	6.933399	coordinates_look_swapped_ch_lat_lon
artemisia_absinthium	68185	absi_000457	canonical		artemisia absinthium			20240806121013	6.9333987	47.00017	looks_swapped_ch_lat_lon	47.00017	6.9333987	coordinates_look_swapped_ch_lat_lon
artemisia_absinthium	68186	absi_000092	canonical		artemisia absinthium			20240806121421	6.93339	47.00017	looks_swapped_ch_lat_lon	47.00017	6.93339	coordinates_look_swapped_ch_lat_lon
artemisia_absinthium	68187	absi_000099	canonical		artemisia absinthium			20240806121628	6.93339	47.00017	looks_swapped_ch_lat_lon	47.00017	6.93339	coordinates_look_swapped_ch_lat_lon
artemisia_absinthium	68188	absi_000421	canonical		artemisia absinthium			20240806121924	6.93339	47.00017	looks_swapped_ch_lat_lon	47.00017	6.93339	coordinates_look_swapped_ch_lat_lon
artemisia_absinthium	68189	absi_000433	canonical		artemisia absinthium			20240806122315	6.93339	47.00017	looks_swapped_ch_lat_lon	47.00017	6.93339	coordinates_look_swapped_ch_lat_lon
artemisia_absinthium	68190	absi_000153	canonical		artemisia absinthium			20240806123552	6.933394	47.000164	looks_swapped_ch_lat_lon	47.000164	6.933394	coordinates_look_swapped_ch_lat_lon
artemisia_absinthium	68191	absi_000087	canonical		artemisia absinthium			20240806123938	6.933394	47.000164	looks_swapped_ch_lat_lon	47.000164	6.933394	coordinates_look_swapped_ch_lat_lon
artemisia_absinthium	68192	absi_000118	canonical		artemisia absinthium			20240806124147	6.9333935	47.000164	looks_swapped_ch_lat_lon	47.000164	6.9333935	coordinates_look_swapped_ch_lat_lon
artemisia_absinthium	68193	absi_000429	canonical		artemisia absinthium			20240806124528	6.933394	47.000164	looks_swapped_ch_lat_lon	47.000164	6.933394	coordinates_look_swapped_ch_lat_lon
artemisia_absinthium	68194	absi_000086	canonical		artemisia absinthium			20240806134814	6.9333663	47.00013	looks_swapped_ch_lat_lon	47.00013	6.9333663	coordinates_look_swapped_ch_lat_lon
artemisia_absinthium	68195	absi_000081	canonical		artemisia absinthium			20240806135254	6.9333615	47.00013	looks_swapped_ch_lat_lon	47.00013	6.9333615	coordinates_look_swapped_ch_lat_lon
artemisia_absinthium	68196	absi_000109	canonical		artemisia absinthium			20240806135725	6.933361	47.00013	looks_swapped_ch_lat_lon	47.00013	6.933361	coordinates_look_swapped_ch_lat_lon
artemisia_absinthium	68197	absi_000147	canonical		artemisia absinthium			20240806140151	6.9333615	47.00013	looks_swapped_ch_lat_lon	47.00013	6.9333615	coordinates_look_swapped_ch_lat_lon
artemisia_absinthium	68198	absi_000105	canonical		artemisia absinthium			20240806140503	6.9333577	47.000134	looks_swapped_ch_lat_lon	47.000134	6.9333577	coordinates_look_swapped_ch_lat_lon
artemisia_absinthium	68199	absi_000089	canonical		artemisia absinthium			20240806140712	6.9333577	47.000134	looks_swapped_ch_lat_lon	47.000134	6.9333577	coordinates_look_swapped_ch_lat_lon
artemisia_absinthium	68200	absi_000085	canonical		artemisia absinthium			20240806141024	6.9333587	47.000134	looks_swapped_ch_lat_lon	47.000134	6.9333587	coordinates_look_swapped_ch_lat_lon
artemisia_absinthium	68201	absi_000104	canonical		artemisia absinthium			20240806141337	6.933358	47.000137	looks_swapped_ch_lat_lon	47.000137	6.933358	coordinates_look_swapped_ch_lat_lon
artemisia_absinthium	68202	absi_000082	canonical		artemisia absinthium			20240806141735	6.9333544	47.00013	looks_swapped_ch_lat_lon	47.00013	6.9333544	coordinates_look_swapped_ch_lat_lon
artemisia_absinthium	68203	absi_000146	canonical		artemisia absinthium			20240806141941	6.9333544	47.00013	looks_swapped_ch_lat_lon	47.00013	6.9333544	coordinates_look_swapped_ch_lat_lon
artemisia_absinthium	68204	absi_000154	canonical		artemisia absinthium			20240806142954	6.933355	47.00013	looks_swapped_ch_lat_lon	47.00013	6.933355	coordinates_look_swapped_ch_lat_lon
artemisia_absinthium	68205	absi_000097	canonical		artemisia absinthium			20240806143355	6.933355	47.00013	looks_swapped_ch_lat_lon	47.00013	6.933355	coordinates_look_swapped_ch_lat_lon
artemisia_absinthium	68206	absi_000108	canonical		artemisia absinthium			20240806144847	6.933337	47.000126	looks_swapped_ch_lat_lon	47.000126	6.933337	coordinates_look_swapped_ch_lat_lon
artemisia_absinthium	68207	absi_000152	canonical		artemisia absinthium			20240806145449	6.9333363	47.000126	looks_swapped_ch_lat_lon	47.000126	6.9333363	coordinates_look_swapped_ch_lat_lon
artemisia_absinthium	68208	absi_000102	canonical		artemisia absinthium			20240806145815	6.933337	47.000126	looks_swapped_ch_lat_lon	47.000126	6.933337	coordinates_look_swapped_ch_lat_lon
artemisia_absinthium	68209	absi_000377	canonical		artemisia absinthium			20240806101934	6.933444	47.000153	looks_swapped_ch_lat_lon	47.000153	6.933444	coordinates_look_swapped_ch_lat_lon
artemisia_absinthium	68210	absi_000368	canonical		artemisia absinthium			20240806102517	6.933444	47.000153	looks_swapped_ch_lat_lon	47.000153	6.933444	coordinates_look_swapped_ch_lat_lon
artemisia_absinthium	68211	absi_000460	canonical		artemisia absinthium			20240806102903	6.933444	47.000153	looks_swapped_ch_lat_lon	47.000153	6.933444	coordinates_look_swapped_ch_lat_lon
artemisia_absinthium	68212	absi_000393	canonical		artemisia absinthium			20240806103039	6.933444	47.000153	looks_swapped_ch_lat_lon	47.000153	6.933444	coordinates_look_swapped_ch_lat_lon
artemisia_absinthium	68213	absi_000382	canonical		artemisia absinthium			20240806103454	6.9334397	47.000153	looks_swapped_ch_lat_lon	47.000153	6.9334397	coordinates_look_swapped_ch_lat_lon
artemisia_absinthium	68214	absi_000452	canonical		artemisia absinthium			20240806104132	6.9334393	47.000153	looks_swapped_ch_lat_lon	47.000153	6.9334393	coordinates_look_swapped_ch_lat_lon
artemisia_absinthium	68215	absi_000346	canonical		artemisia absinthium			20240806104330	6.9334393	47.000153	looks_swapped_ch_lat_lon	47.000153	6.9334393	coordinates_look_swapped_ch_lat_lon
artemisia_absinthium	68216	absi_000400	canonical		artemisia absinthium			20240806104605	6.9334397	47.000153	looks_swapped_ch_lat_lon	47.000153	6.9334397	coordinates_look_swapped_ch_lat_lon
artemisia_absinthium	68217	absi_000458	canonical		artemisia absinthium			20240806105046	6.933434	47.000168	looks_swapped_ch_lat_lon	47.000168	6.933434	coordinates_look_swapped_ch_lat_lon
artemisia_absinthium	68218	absi_000397	canonical		artemisia absinthium			20240806105521	6.9334335	47.000168	looks_swapped_ch_lat_lon	47.000168	6.9334335	coordinates_look_swapped_ch_lat_lon
artemisia_absinthium	68219	absi_000380	canonical		artemisia absinthium			20240806105749	6.9334335	47.000168	looks_swapped_ch_lat_lon	47.000168	6.9334335	coordinates_look_swapped_ch_lat_lon
artemisia_absinthium	68220	absi_000314	canonical		artemisia absinthium			20240806110053	6.933434	47.000168	looks_swapped_ch_lat_lon	47.000168	6.933434	coordinates_look_swapped_ch_lat_lon
artemisia_absinthium	68221	absi_000369	canonical		artemisia absinthium			20240806110607	6.933437	47.000168	looks_swapped_ch_lat_lon	47.000168	6.933437	coordinates_look_swapped_ch_lat_lon
artemisia_absinthium	68222	absi_000364	canonical		artemisia absinthium			20240806111117	6.9334373	47.000168	looks_swapped_ch_lat_lon	47.000168	6.9334373	coordinates_look_swapped_ch_lat_lon
artemisia_absinthium	68223	absi_000387	canonical		artemisia absinthium			20240806111226	6.9334373	47.000168	looks_swapped_ch_lat_lon	47.000168	6.9334373	coordinates_look_swapped_ch_lat_lon
artemisia_absinthium	68224	absi_000374	canonical		artemisia absinthium			20240806111625	6.933437	47.000168	looks_swapped_ch_lat_lon	47.000168	6.933437	coordinates_look_swapped_ch_lat_lon
artemisia_absinthium	68225	absi_000354	canonical		artemisia absinthium			20240806111933	6.9334373	47.000164	looks_swapped_ch_lat_lon	47.000164	6.9334373	coordinates_look_swapped_ch_lat_lon
artemisia_absinthium	68226	absi_000437	canonical		artemisia absinthium			20240806112454	6.933438	47.000164	looks_swapped_ch_lat_lon	47.000164	6.933438	coordinates_look_swapped_ch_lat_lon
artemisia_absinthium	68227	absi_000392	canonical		artemisia absinthium			20240806112642	6.933438	47.000164	looks_swapped_ch_lat_lon	47.000164	6.933438	coordinates_look_swapped_ch_lat_lon
artemisia_absinthium	68228	absi_000395	canonical		artemisia absinthium			20240806113004	6.933438	47.000164	looks_swapped_ch_lat_lon	47.000164	6.933438	coordinates_look_swapped_ch_lat_lon
artemisia_absinthium	68229	absi_000349	canonical		artemisia absinthium			20240806113651	6.933404	47.00016	looks_swapped_ch_lat_lon	47.00016	6.933404	coordinates_look_swapped_ch_lat_lon
artemisia_absinthium	68230	absi_000405	canonical		artemisia absinthium			20240806114013	6.933404	47.00016	looks_swapped_ch_lat_lon	47.00016	6.933404	coordinates_look_swapped_ch_lat_lon
artemisia_absinthium	68231	absi_000373	canonical		artemisia absinthium			20240806114317	6.933404	47.00016	looks_swapped_ch_lat_lon	47.00016	6.933404	coordinates_look_swapped_ch_lat_lon
artemisia_absinthium	68232	absi_000370	canonical		artemisia absinthium			20240806114651	6.933404	47.00016	looks_swapped_ch_lat_lon	47.00016	6.933404	coordinates_look_swapped_ch_lat_lon
artemisia_absinthium	68233	absi_000459	canonical		artemisia absinthium			20240806115003	6.933401	47.000164	looks_swapped_ch_lat_lon	47.000164	6.933401	coordinates_look_swapped_ch_lat_lon
artemisia_absinthium	68234	absi_000101	canonical		artemisia absinthium			20240806150035	6.933337	47.000126	looks_swapped_ch_lat_lon	47.000126	6.933337	coordinates_look_swapped_ch_lat_lon
artemisia_absinthium	68235	absi_000441	canonical		artemisia absinthium			20240806150614	6.9333353	47.000134	looks_swapped_ch_lat_lon	47.000134	6.9333353	coordinates_look_swapped_ch_lat_lon
artemisia_absinthium	68236	absi_000091	canonical		artemisia absinthium			20240806150902	6.9333353	47.000134	looks_swapped_ch_lat_lon	47.000134	6.9333353	coordinates_look_swapped_ch_lat_lon
artemisia_absinthium	68237	absi_000129	canonical		artemisia absinthium			20240806151210	6.9333353	47.000134	looks_swapped_ch_lat_lon	47.000134	6.9333353	coordinates_look_swapped_ch_lat_lon
artemisia_absinthium	68238	absi_000096	canonical		artemisia absinthium			20240806151502	6.933336	47.000134	looks_swapped_ch_lat_lon	47.000134	6.933336	coordinates_look_swapped_ch_lat_lon
artemisia_absinthium	68239	absi_000366	canonical		artemisia absinthium			20240806151819	6.9333267	47.000137	looks_swapped_ch_lat_lon	47.000137	6.9333267	coordinates_look_swapped_ch_lat_lon
artemisia_absinthium	68240	absi_000446	canonical		artemisia absinthium			20240806152059	6.9333267	47.000137	looks_swapped_ch_lat_lon	47.000137	6.9333267	coordinates_look_swapped_ch_lat_lon
artemisia_absinthium	68241	absi_000410	canonical		artemisia absinthium			20240806152350	6.933327	47.000137	looks_swapped_ch_lat_lon	47.000137	6.933327	coordinates_look_swapped_ch_lat_lon
artemisia_absinthium	68242	absi_000450	canonical		artemisia absinthium			20240806152630	6.933327	47.000137	looks_swapped_ch_lat_lon	47.000137	6.933327	coordinates_look_swapped_ch_lat_lon
artemisia_absinthium	68243	absi_000394	canonical		artemisia absinthium			20240806152913	6.933331	47.000134	looks_swapped_ch_lat_lon	47.000134	6.933331	coordinates_look_swapped_ch_lat_lon
artemisia_absinthium	68244	absi_000360	canonical		artemisia absinthium			20240806153349	6.9333315	47.000134	looks_swapped_ch_lat_lon	47.000134	6.9333315	coordinates_look_swapped_ch_lat_lon
artemisia_absinthium	68245	absi_000440	canonical		artemisia absinthium			20240806153601	6.9333305	47.000134	looks_swapped_ch_lat_lon	47.000134	6.9333305	coordinates_look_swapped_ch_lat_lon
artemisia_absinthium	68246	absi_000362	canonical		artemisia absinthium			20240806153856	6.9333305	47.000134	looks_swapped_ch_lat_lon	47.000134	6.9333305	coordinates_look_swapped_ch_lat_lon
artemisia_absinthium	68247	absi_000449	canonical		artemisia absinthium			20240806154253	6.933333	47.00013	looks_swapped_ch_lat_lon	47.00013	6.933333	coordinates_look_swapped_ch_lat_lon
artemisia_absinthium	68248	absi_000444	canonical		artemisia absinthium			20240806154501	6.933333	47.00013	looks_swapped_ch_lat_lon	47.00013	6.933333	coordinates_look_swapped_ch_lat_lon
artemisia_absinthium	68249	absi_000425	canonical		artemisia absinthium			20240806154906	6.9333324	47.00013	looks_swapped_ch_lat_lon	47.00013	6.9333324	coordinates_look_swapped_ch_lat_lon
artemisia_absinthium	68250	absi_000399	canonical		artemisia absinthium			20240806155117	6.933333	47.00013	looks_swapped_ch_lat_lon	47.00013	6.933333	coordinates_look_swapped_ch_lat_lon
artemisia_absinthium	68251	absi_000584	canonical		artemisia absinthium			20240808095244	6.933289	47.00011	looks_swapped_ch_lat_lon	47.00011	6.933289	coordinates_look_swapped_ch_lat_lon
artemisia_absinthium	68252	absi_000481	canonical		artemisia absinthium			20240808095709	6.9332886	47.00011	looks_swapped_ch_lat_lon	47.00011	6.9332886	coordinates_look_swapped_ch_lat_lon
artemisia_absinthium	68253	absi_000576	canonical		artemisia absinthium			20240808095936	6.933286	47.000114	looks_swapped_ch_lat_lon	47.000114	6.933286	coordinates_look_swapped_ch_lat_lon
artemisia_absinthium	68254	absi_000487	canonical		artemisia absinthium			20240808100203	6.933286	47.000114	looks_swapped_ch_lat_lon	47.000114	6.933286	coordinates_look_swapped_ch_lat_lon
artemisia_absinthium	68255	absi_000578	canonical		artemisia absinthium			20240808100433	6.9332857	47.000114	looks_swapped_ch_lat_lon	47.000114	6.9332857	coordinates_look_swapped_ch_lat_lon
artemisia_absinthium	68256	absi_000482	canonical		artemisia absinthium			20240808100740	6.933286	47.000114	looks_swapped_ch_lat_lon	47.000114	6.933286	coordinates_look_swapped_ch_lat_lon
artemisia_absinthium	68257	absi_000469	canonical		artemisia absinthium			20240808101158	6.9332805	47.000122	looks_swapped_ch_lat_lon	47.000122	6.9332805	coordinates_look_swapped_ch_lat_lon
artemisia_absinthium	68258	absi_000533	canonical		artemisia absinthium			20240808101403	6.9332805	47.000122	looks_swapped_ch_lat_lon	47.000122	6.9332805	coordinates_look_swapped_ch_lat_lon
artemisia_absinthium	68259	absi_000587	canonical		artemisia absinthium			20240808101644	6.9332805	47.000122	looks_swapped_ch_lat_lon	47.000122	6.9332805	coordinates_look_swapped_ch_lat_lon
artemisia_absinthium	68260	absi_000597	canonical		artemisia absinthium			20240808101926	6.9332805	47.000122	looks_swapped_ch_lat_lon	47.000122	6.9332805	coordinates_look_swapped_ch_lat_lon
artemisia_absinthium	68261	absi_000480	canonical		artemisia absinthium			20240808102250	6.933283	47.00012	looks_swapped_ch_lat_lon	47.00012	6.933283	coordinates_look_swapped_ch_lat_lon
artemisia_absinthium	68262	absi_000570	canonical		artemisia absinthium			20240808102520	6.933283	47.00012	looks_swapped_ch_lat_lon	47.00012	6.933283	coordinates_look_swapped_ch_lat_lon
artemisia_absinthium	68263	absi_000571	canonical		artemisia absinthium			20240808102820	6.933283	47.00012	looks_swapped_ch_lat_lon	47.00012	6.933283	coordinates_look_swapped_ch_lat_lon
artemisia_absinthium	68264	absi_000532	canonical		artemisia absinthium			20240808103238	6.9332743	47.000126	looks_swapped_ch_lat_lon	47.000126	6.9332743	coordinates_look_swapped_ch_lat_lon
artemisia_absinthium	68265	absi_000577	canonical		artemisia absinthium			20240808103506	6.9332743	47.000126	looks_swapped_ch_lat_lon	47.000126	6.9332743	coordinates_look_swapped_ch_lat_lon
artemisia_absinthium	68266	absi_000581	canonical		artemisia absinthium			20240808103946	6.9332743	47.000126	looks_swapped_ch_lat_lon	47.000126	6.9332743	coordinates_look_swapped_ch_lat_lon
artemisia_absinthium	68267	absi_000508	canonical		artemisia absinthium			20240808104207	6.9332743	47.000126	looks_swapped_ch_lat_lon	47.000126	6.9332743	coordinates_look_swapped_ch_lat_lon
artemisia_absinthium	68268	absi_000582	canonical		artemisia absinthium			20240808104713	6.933301	47.000114	looks_swapped_ch_lat_lon	47.000114	6.933301	coordinates_look_swapped_ch_lat_lon
artemisia_absinthium	68269	absi_000573	canonical		artemisia absinthium			20240808105143	6.933301	47.000114	looks_swapped_ch_lat_lon	47.000114	6.933301	coordinates_look_swapped_ch_lat_lon
artemisia_absinthium	68270	absi_000484	canonical		artemisia absinthium			20240808105442	6.933301	47.000114	looks_swapped_ch_lat_lon	47.000114	6.933301	coordinates_look_swapped_ch_lat_lon
artemisia_absinthium	68271	absi_000475	canonical		artemisia absinthium			20240808105718	6.933301	47.000114	looks_swapped_ch_lat_lon	47.000114	6.933301	coordinates_look_swapped_ch_lat_lon
artemisia_absinthium	68272	absi_000502	canonical		artemisia absinthium			20240808105940	6.933296	47.00012	looks_swapped_ch_lat_lon	47.00012	6.933296	coordinates_look_swapped_ch_lat_lon
artemisia_absinthium	68273	absi_000541	canonical		artemisia absinthium			20240808110239	6.933296	47.00012	looks_swapped_ch_lat_lon	47.00012	6.933296	coordinates_look_swapped_ch_lat_lon
artemisia_absinthium	68274	absi_000567	canonical		artemisia absinthium			20240808110738	6.933296	47.00012	looks_swapped_ch_lat_lon	47.00012	6.933296	coordinates_look_swapped_ch_lat_lon
artemisia_absinthium	68275	absi_000489	canonical		artemisia absinthium			20240808111008	6.933296	47.00012	looks_swapped_ch_lat_lon	47.00012	6.933296	coordinates_look_swapped_ch_lat_lon
artemisia_absinthium	68276	absi_000522	canonical		artemisia absinthium			20240808111323	6.933293	47.000126	looks_swapped_ch_lat_lon	47.000126	6.933293	coordinates_look_swapped_ch_lat_lon
artemisia_absinthium	68277	absi_000474	canonical		artemisia absinthium			20240808111622	6.9332933	47.000126	looks_swapped_ch_lat_lon	47.000126	6.9332933	coordinates_look_swapped_ch_lat_lon
artemisia_absinthium	68278	absi_000463	canonical		artemisia absinthium			20240808111859	6.9332933	47.000126	looks_swapped_ch_lat_lon	47.000126	6.9332933	coordinates_look_swapped_ch_lat_lon
artemisia_absinthium	68279	absi_000462	canonical		artemisia absinthium			20240808112130	6.933293	47.000126	looks_swapped_ch_lat_lon	47.000126	6.933293	coordinates_look_swapped_ch_lat_lon
artemisia_absinthium	68280	absi_000583	canonical		artemisia absinthium			20240808112701	6.9332857	47.000126	looks_swapped_ch_lat_lon	47.000126	6.9332857	coordinates_look_swapped_ch_lat_lon
artemisia_absinthium	68281	absi_000547	canonical		artemisia absinthium			20240808112904	6.9332857	47.000126	looks_swapped_ch_lat_lon	47.000126	6.9332857	coordinates_look_swapped_ch_lat_lon
artemisia_absinthium	68282	absi_000472	canonical		artemisia absinthium			20240808113054	6.933286	47.000126	looks_swapped_ch_lat_lon	47.000126	6.933286	coordinates_look_swapped_ch_lat_lon
artemisia_absinthium	68283	absi_000548	canonical		artemisia absinthium			20240808113328	6.9332857	47.000126	looks_swapped_ch_lat_lon	47.000126	6.9332857	coordinates_look_swapped_ch_lat_lon
artemisia_absinthium	68284	absi_000464	canonical		artemisia absinthium			20240808113708	6.933284	47.00013	looks_swapped_ch_lat_lon	47.00013	6.933284	coordinates_look_swapped_ch_lat_lon
artemisia_absinthium	68285	absi_000543	canonical		artemisia absinthium			20240808114026	6.933284	47.00013	looks_swapped_ch_lat_lon	47.00013	6.933284	coordinates_look_swapped_ch_lat_lon
artemisia_absinthium	68286	absi_000546	canonical		artemisia absinthium			20240808114230	6.9332833	47.00013	looks_swapped_ch_lat_lon	47.00013	6.9332833	coordinates_look_swapped_ch_lat_lon
artemisia_absinthium	68287	absi_000544	canonical		artemisia absinthium			20240808114514	6.933284	47.00013	looks_swapped_ch_lat_lon	47.00013	6.933284	coordinates_look_swapped_ch_lat_lon
artemisia_absinthium	68288	absi_000483	canonical		artemisia absinthium			20240808114855	6.933309	47.00012	looks_swapped_ch_lat_lon	47.00012	6.933309	coordinates_look_swapped_ch_lat_lon
artemisia_absinthium	68289	absi_000579	canonical		artemisia absinthium			20240808115457	6.9333086	47.00012	looks_swapped_ch_lat_lon	47.00012	6.9333086	coordinates_look_swapped_ch_lat_lon
artemisia_absinthium	68290	absi_000561	canonical		artemisia absinthium			20240808115600	6.9333086	47.00012	looks_swapped_ch_lat_lon	47.00012	6.9333086	coordinates_look_swapped_ch_lat_lon
artemisia_absinthium	68291	absi_000526	canonical		artemisia absinthium			20240808115937	6.9333086	47.00012	looks_swapped_ch_lat_lon	47.00012	6.9333086	coordinates_look_swapped_ch_lat_lon
artemisia_absinthium	68292	absi_000557	canonical		artemisia absinthium			20240808120214	6.9333134	47.00012	looks_swapped_ch_lat_lon	47.00012	6.9333134	coordinates_look_swapped_ch_lat_lon
artemisia_absinthium	68293	absi_000531	canonical		artemisia absinthium			20240808120608	6.9333134	47.00012	looks_swapped_ch_lat_lon	47.00012	6.9333134	coordinates_look_swapped_ch_lat_lon
artemisia_absinthium	68294	absi_000542	canonical		artemisia absinthium			20240808120715	6.9333134	47.00012	looks_swapped_ch_lat_lon	47.00012	6.9333134	coordinates_look_swapped_ch_lat_lon
artemisia_absinthium	68295	absi_000559	canonical		artemisia absinthium			20240808120954	6.9333134	47.00012	looks_swapped_ch_lat_lon	47.00012	6.9333134	coordinates_look_swapped_ch_lat_lon
artemisia_absinthium	68296	absi_000371	canonical		artemisia absinthium			20240808121355	6.9333034	47.000126	looks_swapped_ch_lat_lon	47.000126	6.9333034	coordinates_look_swapped_ch_lat_lon
artemisia_absinthium	68297	absi_000363	canonical		artemisia absinthium			20240808121600	6.9333034	47.000126	looks_swapped_ch_lat_lon	47.000126	6.9333034	coordinates_look_swapped_ch_lat_lon
artemisia_absinthium	68298	absi_000372	canonical		artemisia absinthium			20240808121905	6.9333034	47.000126	looks_swapped_ch_lat_lon	47.000126	6.9333034	coordinates_look_swapped_ch_lat_lon
artemisia_absinthium	68299	absi_000563	canonical		artemisia absinthium			20240808122218	6.9333034	47.000126	looks_swapped_ch_lat_lon	47.000126	6.9333034	coordinates_look_swapped_ch_lat_lon
artemisia_absinthium	68300	absi_000454	canonical		artemisia absinthium			20240808122509	6.9333	47.00013	looks_swapped_ch_lat_lon	47.00013	6.9333	coordinates_look_swapped_ch_lat_lon
artemisia_absinthium	68301	absi_000409	canonical		artemisia absinthium			20240808122918	6.9333	47.00013	looks_swapped_ch_lat_lon	47.00013	6.9333	coordinates_look_swapped_ch_lat_lon
artemisia_absinthium	68302	absi_000431	canonical		artemisia absinthium			20240808123010	6.9332995	47.00013	looks_swapped_ch_lat_lon	47.00013	6.9332995	coordinates_look_swapped_ch_lat_lon
artemisia_absinthium	68303	absi_000359	canonical		artemisia absinthium			20240808123259	6.9332995	47.00013	looks_swapped_ch_lat_lon	47.00013	6.9332995	coordinates_look_swapped_ch_lat_lon
artemisia_absinthium	68304	absi_000384	canonical		artemisia absinthium			20240808123604	6.9333034	47.00013	looks_swapped_ch_lat_lon	47.00013	6.9333034	coordinates_look_swapped_ch_lat_lon
artemisia_absinthium	68305	absi_000376	canonical		artemisia absinthium			20240808123923	6.933302	47.00013	looks_swapped_ch_lat_lon	47.00013	6.933302	coordinates_look_swapped_ch_lat_lon
artemisia_absinthium	68306	absi_000415	canonical		artemisia absinthium			20240808124142	6.9333024	47.00013	looks_swapped_ch_lat_lon	47.00013	6.9333024	coordinates_look_swapped_ch_lat_lon
artemisia_absinthium	68307	absi_000404	canonical		artemisia absinthium			20240808124419	6.933302	47.00013	looks_swapped_ch_lat_lon	47.00013	6.933302	coordinates_look_swapped_ch_lat_lon
artemisia_absinthium	68308	absi_000436	canonical		artemisia absinthium			20240808124816	6.9333005	47.000134	looks_swapped_ch_lat_lon	47.000134	6.9333005	coordinates_look_swapped_ch_lat_lon
artemisia_absinthium	68309	absi_000361	canonical		artemisia absinthium			20240808125217	6.9333005	47.000134	looks_swapped_ch_lat_lon	47.000134	6.9333005	coordinates_look_swapped_ch_lat_lon
artemisia_absinthium	68310	absi_000439	canonical		artemisia absinthium			20240808125322	6.9333005	47.000134	looks_swapped_ch_lat_lon	47.000134	6.9333005	coordinates_look_swapped_ch_lat_lon
artemisia_absinthium	68311	absi_000438	canonical		artemisia absinthium			20240808125623	6.9333005	47.000134	looks_swapped_ch_lat_lon	47.000134	6.9333005	coordinates_look_swapped_ch_lat_lon
artemisia_absinthium	68312	absi_000358	canonical		artemisia absinthium			20240808140914	6.9333196	47.00012	looks_swapped_ch_lat_lon	47.00012	6.9333196	coordinates_look_swapped_ch_lat_lon
artemisia_absinthium	68313	absi_000375	canonical		artemisia absinthium			20240808141241	6.933319	47.00012	looks_swapped_ch_lat_lon	47.00012	6.933319	coordinates_look_swapped_ch_lat_lon
artemisia_absinthium	68314	absi_000389	canonical		artemisia absinthium			20240808141412	6.933319	47.00012	looks_swapped_ch_lat_lon	47.00012	6.933319	coordinates_look_swapped_ch_lat_lon
artemisia_absinthium	68315	absi_000420	canonical		artemisia absinthium			20240808141617	6.933318	47.00012	looks_swapped_ch_lat_lon	47.00012	6.933318	coordinates_look_swapped_ch_lat_lon
artemisia_absinthium	68316	absi_000344	canonical		artemisia absinthium			20240808141945	6.9333243	47.000122	looks_swapped_ch_lat_lon	47.000122	6.9333243	coordinates_look_swapped_ch_lat_lon
artemisia_absinthium	68317	absi_000455	canonical		artemisia absinthium			20240808142307	6.933325	47.000122	looks_swapped_ch_lat_lon	47.000122	6.933325	coordinates_look_swapped_ch_lat_lon
artemisia_absinthium	68318	absi_000342	canonical		artemisia absinthium			20240808142358	6.9333253	47.000122	looks_swapped_ch_lat_lon	47.000122	6.9333253	coordinates_look_swapped_ch_lat_lon
artemisia_absinthium	68319	absi_000379	canonical		artemisia absinthium			20240808142600	6.933325	47.000122	looks_swapped_ch_lat_lon	47.000122	6.933325	coordinates_look_swapped_ch_lat_lon
artemisia_absinthium	68320	absi_000357	canonical		artemisia absinthium			20240808143029	6.9333143	47.000126	looks_swapped_ch_lat_lon	47.000126	6.9333143	coordinates_look_swapped_ch_lat_lon
artemisia_absinthium	68321	absi_000456	canonical		artemisia absinthium			20240808143436	6.9333143	47.000126	looks_swapped_ch_lat_lon	47.000126	6.9333143	coordinates_look_swapped_ch_lat_lon
artemisia_absinthium	68322	absi_000340	canonical		artemisia absinthium			20240808143640	6.933315	47.000126	looks_swapped_ch_lat_lon	47.000126	6.933315	coordinates_look_swapped_ch_lat_lon
artemisia_absinthium	68323	absi_000345	canonical		artemisia absinthium			20240808143846	6.933315	47.000126	looks_swapped_ch_lat_lon	47.000126	6.933315	coordinates_look_swapped_ch_lat_lon
artemisia_absinthium	68324	absi_000351	canonical		artemisia absinthium			20240808144318	6.933308	47.00014	looks_swapped_ch_lat_lon	47.00014	6.933308	coordinates_look_swapped_ch_lat_lon
artemisia_absinthium	68325	absi_000378	canonical		artemisia absinthium			20240808144605	6.9333076	47.00014	looks_swapped_ch_lat_lon	47.00014	6.9333076	coordinates_look_swapped_ch_lat_lon
artemisia_absinthium	68326	absi_000317	canonical		artemisia absinthium			20240808144829	6.933306	47.00014	looks_swapped_ch_lat_lon	47.00014	6.933306	coordinates_look_swapped_ch_lat_lon
artemisia_absinthium	68327	absi_000312	canonical		artemisia absinthium			20240808145038	6.933306	47.00014	looks_swapped_ch_lat_lon	47.00014	6.933306	coordinates_look_swapped_ch_lat_lon
artemisia_absinthium	68328	absi_000445	canonical		artemisia absinthium			20240808145557	6.9333076	47.000134	looks_swapped_ch_lat_lon	47.000134	6.9333076	coordinates_look_swapped_ch_lat_lon
artemisia_absinthium	68329	absi_000341	canonical		artemisia absinthium			20240808145851	6.9333076	47.000134	looks_swapped_ch_lat_lon	47.000134	6.9333076	coordinates_look_swapped_ch_lat_lon
artemisia_absinthium	68330	absi_000365	canonical		artemisia absinthium			20240808150048	6.933308	47.000137	looks_swapped_ch_lat_lon	47.000137	6.933308	coordinates_look_swapped_ch_lat_lon
artemisia_absinthium	68331	absi_000322	canonical		artemisia absinthium			20240808150250	6.933306	47.000137	looks_swapped_ch_lat_lon	47.000137	6.933306	coordinates_look_swapped_ch_lat_lon
artemisia_absinthium	68332	absi_000434	canonical		artemisia absinthium			20240808150729	6.9333286	47.000122	looks_swapped_ch_lat_lon	47.000122	6.9333286	coordinates_look_swapped_ch_lat_lon
artemisia_absinthium	68333	absi_000447	canonical		artemisia absinthium			20240808151329	6.933329	47.000122	looks_swapped_ch_lat_lon	47.000122	6.933329	coordinates_look_swapped_ch_lat_lon
artemisia_absinthium	68334	absi_000343	canonical		artemisia absinthium			20240808151520	6.933328	47.000122	looks_swapped_ch_lat_lon	47.000122	6.933328	coordinates_look_swapped_ch_lat_lon
artemisia_absinthium	68335	absi_000424	canonical		artemisia absinthium			20240808151718	6.9333286	47.000122	looks_swapped_ch_lat_lon	47.000122	6.9333286	coordinates_look_swapped_ch_lat_lon
artemisia_absinthium	68336	absi_000442	canonical		artemisia absinthium			20240808152237	6.933322	47.000126	looks_swapped_ch_lat_lon	47.000126	6.933322	coordinates_look_swapped_ch_lat_lon
artemisia_absinthium	68337	absi_000451	canonical		artemisia absinthium			20240808152605	6.933322	47.000126	looks_swapped_ch_lat_lon	47.000126	6.933322	coordinates_look_swapped_ch_lat_lon
artemisia_absinthium	68338	absi_000427	canonical		artemisia absinthium			20240808153047	6.933322	47.000126	looks_swapped_ch_lat_lon	47.000126	6.933322	coordinates_look_swapped_ch_lat_lon
artemisia_absinthium	68339	absi_000353	canonical		artemisia absinthium			20240808153146	6.933322	47.000126	looks_swapped_ch_lat_lon	47.000126	6.933322	coordinates_look_swapped_ch_lat_lon
artemisia_absinthium	68340	absi_000595	canonical		artemisia absinthium			20240808153659	6.933319	47.00013	looks_swapped_ch_lat_lon	47.00013	6.933319	coordinates_look_swapped_ch_lat_lon
artemisia_absinthium	68341	absi_000321	canonical		artemisia absinthium			20240808154025	6.9333186	47.00013	looks_swapped_ch_lat_lon	47.00013	6.9333186	coordinates_look_swapped_ch_lat_lon
artemisia_absinthium	68342	absi_000435	canonical		artemisia absinthium			20240808154227	6.933319	47.00013	looks_swapped_ch_lat_lon	47.00013	6.933319	coordinates_look_swapped_ch_lat_lon
artemisia_absinthium	68343	absi_000599	canonical		artemisia absinthium			20240808154446	6.9333186	47.00013	looks_swapped_ch_lat_lon	47.00013	6.9333186	coordinates_look_swapped_ch_lat_lon
artemisia_absinthium	68344	absi_000535	canonical		artemisia absinthium			20240808154930	6.9333158	47.000137	looks_swapped_ch_lat_lon	47.000137	6.9333158	coordinates_look_swapped_ch_lat_lon
artemisia_absinthium	68345	absi_000506	canonical		artemisia absinthium			20240808155200	6.9333158	47.000137	looks_swapped_ch_lat_lon	47.000137	6.9333158	coordinates_look_swapped_ch_lat_lon
artemisia_absinthium	68346	absi_000537	canonical		artemisia absinthium			20240808155356	6.9333153	47.000137	looks_swapped_ch_lat_lon	47.000137	6.9333153	coordinates_look_swapped_ch_lat_lon
artemisia_absinthium	68347	absi_000494	canonical		artemisia absinthium			20240808155614	6.9333153	47.000137	looks_swapped_ch_lat_lon	47.000137	6.9333153	coordinates_look_swapped_ch_lat_lon
artemisia_absinthium	68348	absi_000518	canonical		artemisia absinthium			20240808160037	6.933313	47.00014	looks_swapped_ch_lat_lon	47.00014	6.933313	coordinates_look_swapped_ch_lat_lon
artemisia_absinthium	68349	absi_000635	canonical		artemisia absinthium			20240808160337	6.933313	47.00014	looks_swapped_ch_lat_lon	47.00014	6.933313	coordinates_look_swapped_ch_lat_lon
artemisia_absinthium	68350	absi_000592	canonical		artemisia absinthium			20240808160506	6.933313	47.00014	looks_swapped_ch_lat_lon	47.00014	6.933313	coordinates_look_swapped_ch_lat_lon
artemisia_absinthium	68351	absi_000589	canonical		artemisia absinthium			20240808160726	6.9333124	47.00014	looks_swapped_ch_lat_lon	47.00014	6.9333124	coordinates_look_swapped_ch_lat_lon
artemisia_absinthium	68352	absi_000538	canonical		artemisia absinthium			20240809141652	6.933377	47.000137	looks_swapped_ch_lat_lon	47.000137	6.933377	coordinates_look_swapped_ch_lat_lon
artemisia_absinthium	68353	absi_000528	canonical		artemisia absinthium			20240809142121	6.933377	47.000137	looks_swapped_ch_lat_lon	47.000137	6.933377	coordinates_look_swapped_ch_lat_lon
artemisia_absinthium	68354	absi_000501	canonical		artemisia absinthium			20240809142322	6.933377	47.000137	looks_swapped_ch_lat_lon	47.000137	6.933377	coordinates_look_swapped_ch_lat_lon
artemisia_absinthium	68355	absi_000496	canonical		artemisia absinthium			20240809143111	6.9333773	47.000134	looks_swapped_ch_lat_lon	47.000134	6.9333773	coordinates_look_swapped_ch_lat_lon
artemisia_absinthium	68356	absi_000493	canonical		artemisia absinthium			20240809143614	6.9333744	47.00014	looks_swapped_ch_lat_lon	47.00014	6.9333744	coordinates_look_swapped_ch_lat_lon
artemisia_absinthium	68357	absi_000511	canonical		artemisia absinthium			20240809143844	6.9333744	47.00014	looks_swapped_ch_lat_lon	47.00014	6.9333744	coordinates_look_swapped_ch_lat_lon
artemisia_absinthium	68358	absi_000476	canonical		artemisia absinthium			20240809144045	6.9333744	47.00014	looks_swapped_ch_lat_lon	47.00014	6.9333744	coordinates_look_swapped_ch_lat_lon
artemisia_absinthium	68359	absi_000477	canonical		artemisia absinthium			20240809144258	6.9333744	47.00014	looks_swapped_ch_lat_lon	47.00014	6.9333744	coordinates_look_swapped_ch_lat_lon
artemisia_absinthium	68360	absi_000318	canonical		artemisia absinthium			20240809144710	6.9333587	47.000153	looks_swapped_ch_lat_lon	47.000153	6.9333587	coordinates_look_swapped_ch_lat_lon
artemisia_absinthium	68361	absi_000327	canonical		artemisia absinthium			20240809144934	6.933359	47.000153	looks_swapped_ch_lat_lon	47.000153	6.933359	coordinates_look_swapped_ch_lat_lon
artemisia_absinthium	68362	absi_000286	canonical		artemisia absinthium			20240809145203	6.933359	47.000153	looks_swapped_ch_lat_lon	47.000153	6.933359	coordinates_look_swapped_ch_lat_lon
artemisia_absinthium	68363	absi_000300	canonical		artemisia absinthium			20240809145353	6.933359	47.000153	looks_swapped_ch_lat_lon	47.000153	6.933359	coordinates_look_swapped_ch_lat_lon
artemisia_absinthium	68364	absi_000355	canonical		artemisia absinthium			20240809145609	6.9333553	47.000156	looks_swapped_ch_lat_lon	47.000156	6.9333553	coordinates_look_swapped_ch_lat_lon
artemisia_absinthium	68365	absi_000309	canonical		artemisia absinthium			20240809150037	6.9333553	47.000156	looks_swapped_ch_lat_lon	47.000156	6.9333553	coordinates_look_swapped_ch_lat_lon
artemisia_absinthium	68366	absi_000348	canonical		artemisia absinthium			20240809150434	6.9333553	47.000156	looks_swapped_ch_lat_lon	47.000156	6.9333553	coordinates_look_swapped_ch_lat_lon
artemisia_absinthium	68367	absi_000391	canonical		artemisia absinthium			20240809150640	6.9333553	47.000156	looks_swapped_ch_lat_lon	47.000156	6.9333553	coordinates_look_swapped_ch_lat_lon
artemisia_absinthium	68368	absi_000291	canonical		artemisia absinthium			20240809151200	6.933361	47.000156	looks_swapped_ch_lat_lon	47.000156	6.933361	coordinates_look_swapped_ch_lat_lon
artemisia_absinthium	68369	absi_000413	canonical		artemisia absinthium			20240809151528	6.933361	47.000156	looks_swapped_ch_lat_lon	47.000156	6.933361	coordinates_look_swapped_ch_lat_lon
artemisia_absinthium	68370	absi_000285	canonical		artemisia absinthium			20240809151625	6.933361	47.000156	looks_swapped_ch_lat_lon	47.000156	6.933361	coordinates_look_swapped_ch_lat_lon
artemisia_absinthium	68371	absi_000416	canonical		artemisia absinthium			20240809151830	6.933361	47.000156	looks_swapped_ch_lat_lon	47.000156	6.933361	coordinates_look_swapped_ch_lat_lon
artemisia_absinthium	68372	absi_000367	canonical		artemisia absinthium			20240809152334	6.933391	47.00014	looks_swapped_ch_lat_lon	47.00014	6.933391	coordinates_look_swapped_ch_lat_lon
artemisia_absinthium	68373	absi_000301	canonical		artemisia absinthium			20240809152738	6.933391	47.00014	looks_swapped_ch_lat_lon	47.00014	6.933391	coordinates_look_swapped_ch_lat_lon
artemisia_absinthium	68374	absi_000305	canonical		artemisia absinthium			20240809152944	6.933391	47.00014	looks_swapped_ch_lat_lon	47.00014	6.933391	coordinates_look_swapped_ch_lat_lon
artemisia_absinthium	68375	absi_000306	canonical		artemisia absinthium			20240809153251	6.933391	47.00014	looks_swapped_ch_lat_lon	47.00014	6.933391	coordinates_look_swapped_ch_lat_lon
artemisia_absinthium	68376	absi_000417	canonical		artemisia absinthium			20240809153622	6.933394	47.000145	looks_swapped_ch_lat_lon	47.000145	6.933394	coordinates_look_swapped_ch_lat_lon
artemisia_absinthium	68377	absi_000325	canonical		artemisia absinthium			20240809153938	6.933394	47.000145	looks_swapped_ch_lat_lon	47.000145	6.933394	coordinates_look_swapped_ch_lat_lon
artemisia_absinthium	68378	absi_000334	canonical		artemisia absinthium			20240809154116	6.933394	47.000145	looks_swapped_ch_lat_lon	47.000145	6.933394	coordinates_look_swapped_ch_lat_lon
artemisia_absinthium	68379	absi_000414	canonical		artemisia absinthium			20240809154559	6.9333935	47.000145	looks_swapped_ch_lat_lon	47.000145	6.9333935	coordinates_look_swapped_ch_lat_lon
artemisia_absinthium	68380	absi_000303	canonical		artemisia absinthium			20240809154855	6.933379	47.000164	looks_swapped_ch_lat_lon	47.000164	6.933379	coordinates_look_swapped_ch_lat_lon
artemisia_absinthium	68381	absi_000319	canonical		artemisia absinthium			20240809155227	6.933379	47.000164	looks_swapped_ch_lat_lon	47.000164	6.933379	coordinates_look_swapped_ch_lat_lon
artemisia_absinthium	68382	absi_000302	canonical		artemisia absinthium			20240809155316	6.933379	47.000164	looks_swapped_ch_lat_lon	47.000164	6.933379	coordinates_look_swapped_ch_lat_lon
artemisia_absinthium	68383	absi_000296	canonical		artemisia absinthium			20240809155508	6.933379	47.000164	looks_swapped_ch_lat_lon	47.000164	6.933379	coordinates_look_swapped_ch_lat_lon
artemisia_absinthium	68384	absi_000418	canonical		artemisia absinthium			20240809155848	6.933378	47.00016	looks_swapped_ch_lat_lon	47.00016	6.933378	coordinates_look_swapped_ch_lat_lon
artemisia_absinthium	68385	absi_000412	canonical		artemisia absinthium			20240809160056	6.933378	47.00016	looks_swapped_ch_lat_lon	47.00016	6.933378	coordinates_look_swapped_ch_lat_lon
artemisia_absinthium	68386	absi_000333	canonical		artemisia absinthium			20240809160255	6.933378	47.00016	looks_swapped_ch_lat_lon	47.00016	6.933378	coordinates_look_swapped_ch_lat_lon
artemisia_absinthium	68387	absi_000411	canonical		artemisia absinthium			20240809160458	6.933378	47.00016	looks_swapped_ch_lat_lon	47.00016	6.933378	coordinates_look_swapped_ch_lat_lon
artemisia_absinthium	68388	absi_000298	canonical		artemisia absinthium			20240809160733	6.93338	47.00016	looks_swapped_ch_lat_lon	47.00016	6.93338	coordinates_look_swapped_ch_lat_lon
artemisia_absinthium	68389	absi_000295	canonical		artemisia absinthium			20240809160932	6.93338	47.00016	looks_swapped_ch_lat_lon	47.00016	6.93338	coordinates_look_swapped_ch_lat_lon
artemisia_absinthium	68390	absi_000419	canonical		artemisia absinthium			20240809161117	6.93338	47.00016	looks_swapped_ch_lat_lon	47.00016	6.93338	coordinates_look_swapped_ch_lat_lon
artemisia_absinthium	68391	absi_000311	canonical		artemisia absinthium			20240809161339	6.93338	47.00016	looks_swapped_ch_lat_lon	47.00016	6.93338	coordinates_look_swapped_ch_lat_lon
artemisia_absinthium	68392	absi_000313	canonical		artemisia absinthium			20240809132125	6.9333496	47.000126	looks_swapped_ch_lat_lon	47.000126	6.9333496	coordinates_look_swapped_ch_lat_lon
artemisia_absinthium	68393	absi_000310	canonical		artemisia absinthium			20240809132404	6.9333496	47.000126	looks_swapped_ch_lat_lon	47.000126	6.9333496	coordinates_look_swapped_ch_lat_lon
artemisia_absinthium	68394	absi_000536	canonical		artemisia absinthium			20240809132639	6.933349	47.000126	looks_swapped_ch_lat_lon	47.000126	6.933349	coordinates_look_swapped_ch_lat_lon
artemisia_absinthium	68395	absi_000406	canonical		artemisia absinthium			20240809132901	6.93335	47.000126	looks_swapped_ch_lat_lon	47.000126	6.93335	coordinates_look_swapped_ch_lat_lon
artemisia_absinthium	68396	absi_000339	canonical		artemisia absinthium			20240809133311	6.9333544	47.00013	looks_swapped_ch_lat_lon	47.00013	6.9333544	coordinates_look_swapped_ch_lat_lon
artemisia_absinthium	68397	absi_000331	canonical		artemisia absinthium			20240809133520	6.9333544	47.00013	looks_swapped_ch_lat_lon	47.00013	6.9333544	coordinates_look_swapped_ch_lat_lon
artemisia_absinthium	68398	absi_000408	canonical		artemisia absinthium			20240809133743	6.9333544	47.00013	looks_swapped_ch_lat_lon	47.00013	6.9333544	coordinates_look_swapped_ch_lat_lon
artemisia_absinthium	68399	absi_000304	canonical		artemisia absinthium			20240809133951	6.933354	47.00013	looks_swapped_ch_lat_lon	47.00013	6.933354	coordinates_look_swapped_ch_lat_lon
artemisia_absinthium	68400	absi_000336	canonical		artemisia absinthium			20240809134400	6.933342	47.000137	looks_swapped_ch_lat_lon	47.000137	6.933342	coordinates_look_swapped_ch_lat_lon
artemisia_absinthium	68401	absi_000490	canonical		artemisia absinthium			20240809134632	6.933342	47.000137	looks_swapped_ch_lat_lon	47.000137	6.933342	coordinates_look_swapped_ch_lat_lon
artemisia_absinthium	68402	absi_000525	canonical		artemisia absinthium			20240809134818	6.933342	47.000137	looks_swapped_ch_lat_lon	47.000137	6.933342	coordinates_look_swapped_ch_lat_lon
artemisia_absinthium	68403	absi_000492	canonical		artemisia absinthium			20240809135023	6.9333415	47.000137	looks_swapped_ch_lat_lon	47.000137	6.9333415	coordinates_look_swapped_ch_lat_lon
artemisia_absinthium	68404	absi_000645	canonical		artemisia absinthium			20240809135414	6.9333367	47.00015	looks_swapped_ch_lat_lon	47.00015	6.9333367	coordinates_look_swapped_ch_lat_lon
artemisia_absinthium	68405	absi_000467	canonical		artemisia absinthium			20240809135623	6.9333367	47.00015	looks_swapped_ch_lat_lon	47.00015	6.9333367	coordinates_look_swapped_ch_lat_lon
artemisia_absinthium	68406	absi_000507	canonical		artemisia absinthium			20240809135950	6.9333367	47.00015	looks_swapped_ch_lat_lon	47.00015	6.9333367	coordinates_look_swapped_ch_lat_lon
artemisia_absinthium	68407	absi_000324	canonical		artemisia absinthium			20240809140048	6.9333363	47.00015	looks_swapped_ch_lat_lon	47.00015	6.9333363	coordinates_look_swapped_ch_lat_lon
artemisia_absinthium	68408	absi_000503	canonical		artemisia absinthium			20240809140340	6.9333415	47.00015	looks_swapped_ch_lat_lon	47.00015	6.9333415	coordinates_look_swapped_ch_lat_lon
artemisia_absinthium	68409	absi_000491	canonical		artemisia absinthium			20240809140831	6.933342	47.00015	looks_swapped_ch_lat_lon	47.00015	6.933342	coordinates_look_swapped_ch_lat_lon
artemisia_absinthium	68410	absi_000631	canonical		artemisia absinthium			20240809140941	6.933342	47.00015	looks_swapped_ch_lat_lon	47.00015	6.933342	coordinates_look_swapped_ch_lat_lon
artemisia_absinthium	68411	absi_000585	canonical		artemisia absinthium			20240809141151	6.933343	47.00015	looks_swapped_ch_lat_lon	47.00015	6.933343	coordinates_look_swapped_ch_lat_lon
artemisia_absinthium	68412	absi_000644	canonical		artemisia absinthium			20240821112826	7.1964073	45.90052	looks_swapped_ch_lat_lon	45.90052	7.1964073	coordinates_look_swapped_ch_lat_lon
artemisia_absinthium	68413	absi_000638	canonical		artemisia absinthium			20240821113334	7.1964073	45.90052	looks_swapped_ch_lat_lon	45.90052	7.1964073	coordinates_look_swapped_ch_lat_lon
artemisia_absinthium	68414	absi_000653	canonical		artemisia absinthium			20240821113604	7.1964073	45.90052	looks_swapped_ch_lat_lon	45.90052	7.1964073	coordinates_look_swapped_ch_lat_lon
artemisia_absinthium	68415	absi_000654	canonical		artemisia absinthium			20240821113826	7.1964073	45.90052	looks_swapped_ch_lat_lon	45.90052	7.1964073	coordinates_look_swapped_ch_lat_lon
artemisia_absinthium	68416	absi_000649	canonical		artemisia absinthium			20240821114142	7.196472	45.900593	looks_swapped_ch_lat_lon	45.900593	7.196472	coordinates_look_swapped_ch_lat_lon
artemisia_absinthium	68417	absi_000273	canonical		artemisia absinthium			20240821114728	7.196472	45.900593	looks_swapped_ch_lat_lon	45.900593	7.196472	coordinates_look_swapped_ch_lat_lon
artemisia_absinthium	68418	absi_000560	canonical		artemisia absinthium			20240821114944	7.196472	45.900593	looks_swapped_ch_lat_lon	45.900593	7.196472	coordinates_look_swapped_ch_lat_lon
artemisia_absinthium	68419	absi_000652	canonical		artemisia absinthium			20240821115121	7.196472	45.900593	looks_swapped_ch_lat_lon	45.900593	7.196472	coordinates_look_swapped_ch_lat_lon
artemisia_absinthium	68420	absi_000683	canonical		artemisia absinthium			20240821115435	7.196495	45.90061	looks_swapped_ch_lat_lon	45.90061	7.196495	coordinates_look_swapped_ch_lat_lon
artemisia_absinthium	68421	absi_000618	canonical		artemisia absinthium			20240821115856	7.196495	45.90061	looks_swapped_ch_lat_lon	45.90061	7.196495	coordinates_look_swapped_ch_lat_lon
artemisia_absinthium	68422	absi_000611	canonical		artemisia absinthium			20240821115947	7.196495	45.90061	looks_swapped_ch_lat_lon	45.90061	7.196495	coordinates_look_swapped_ch_lat_lon
artemisia_absinthium	68423	absi_000656	canonical		artemisia absinthium			20240821120030	7.196495	45.90061	looks_swapped_ch_lat_lon	45.90061	7.196495	coordinates_look_swapped_ch_lat_lon
artemisia_absinthium	68424	absi_000613	canonical		artemisia absinthium			20240821122728	7.207609	45.947105	looks_swapped_ch_lat_lon	45.947105	7.207609	coordinates_look_swapped_ch_lat_lon
artemisia_absinthium	68425	absi_000661	canonical		artemisia absinthium			20240821123127	7.207609	45.947105	looks_swapped_ch_lat_lon	45.947105	7.207609	coordinates_look_swapped_ch_lat_lon
artemisia_absinthium	68426	absi_000643	canonical		artemisia absinthium			20240821123230	7.207609	45.947105	looks_swapped_ch_lat_lon	45.947105	7.207609	coordinates_look_swapped_ch_lat_lon
artemisia_absinthium	68427	absi_000648	canonical		artemisia absinthium			20240821123351	7.207609	45.947105	looks_swapped_ch_lat_lon	45.947105	7.207609	coordinates_look_swapped_ch_lat_lon
artemisia_absinthium	68428	absi_000552	canonical		artemisia absinthium			20240821123617	7.207684	45.947098	looks_swapped_ch_lat_lon	45.947098	7.207684	coordinates_look_swapped_ch_lat_lon
artemisia_absinthium	68429	absi_000268	canonical		artemisia absinthium			20240821124211	7.207684	45.947098	looks_swapped_ch_lat_lon	45.947098	7.207684	coordinates_look_swapped_ch_lat_lon
artemisia_absinthium	68430	absi_000673	canonical		artemisia absinthium			20240821124320	7.207684	45.947098	looks_swapped_ch_lat_lon	45.947098	7.207684	coordinates_look_swapped_ch_lat_lon
artemisia_absinthium	68431	absi_000265	canonical		artemisia absinthium			20240821124508	7.207684	45.947098	looks_swapped_ch_lat_lon	45.947098	7.207684	coordinates_look_swapped_ch_lat_lon
artemisia_absinthium	68432	absi_000675	canonical		artemisia absinthium			20240821124901	7.2073975	45.947323	looks_swapped_ch_lat_lon	45.947323	7.2073975	coordinates_look_swapped_ch_lat_lon
artemisia_absinthium	68433	absi_000637	canonical		artemisia absinthium			20240821125158	7.2073975	45.947323	looks_swapped_ch_lat_lon	45.947323	7.2073975	coordinates_look_swapped_ch_lat_lon
artemisia_absinthium	68434	absi_000662	canonical		artemisia absinthium			20240821125249	7.2073975	45.947323	looks_swapped_ch_lat_lon	45.947323	7.2073975	coordinates_look_swapped_ch_lat_lon
artemisia_absinthium	68435	absi_000619	canonical		artemisia absinthium			20240821125336	7.2073975	45.947323	looks_swapped_ch_lat_lon	45.947323	7.2073975	coordinates_look_swapped_ch_lat_lon
artemisia_absinthium	68436	absi_000513	canonical		artemisia absinthium			20240821133724	7.1810927	46.002266	looks_swapped_ch_lat_lon	46.002266	7.1810927	coordinates_look_swapped_ch_lat_lon
artemisia_absinthium	68437	absi_000591	canonical		artemisia absinthium			20240821134107	7.1810927	46.002266	looks_swapped_ch_lat_lon	46.002266	7.1810927	coordinates_look_swapped_ch_lat_lon
artemisia_absinthium	68438	absi_000466	canonical		artemisia absinthium			20240821134259	7.1810927	46.002266	looks_swapped_ch_lat_lon	46.002266	7.1810927	coordinates_look_swapped_ch_lat_lon
artemisia_absinthium	68439	absi_000498	canonical		artemisia absinthium			20240821134425	7.1810927	46.002266	looks_swapped_ch_lat_lon	46.002266	7.1810927	coordinates_look_swapped_ch_lat_lon
artemisia_absinthium	68440	absi_000617	canonical		artemisia absinthium			20240821134940	7.181191	46.00221	looks_swapped_ch_lat_lon	46.00221	7.181191	coordinates_look_swapped_ch_lat_lon
artemisia_absinthium	68441	absi_000647	canonical		artemisia absinthium			20240821135234	7.181189	46.002205	looks_swapped_ch_lat_lon	46.002205	7.181189	coordinates_look_swapped_ch_lat_lon
artemisia_absinthium	68442	absi_000590	canonical		artemisia absinthium			20240821142421	7.1740613	46.003864	looks_swapped_ch_lat_lon	46.003864	7.1740613	coordinates_look_swapped_ch_lat_lon
artemisia_absinthium	68443	absi_000479	canonical		artemisia absinthium			20240821142810	7.1740613	46.003864	looks_swapped_ch_lat_lon	46.003864	7.1740613	coordinates_look_swapped_ch_lat_lon
artemisia_absinthium	68444	absi_000553	canonical		artemisia absinthium			20240821142952	7.1740613	46.003864	looks_swapped_ch_lat_lon	46.003864	7.1740613	coordinates_look_swapped_ch_lat_lon
artemisia_absinthium	68445	absi_000562	canonical		artemisia absinthium			20240821143121	7.1740613	46.003864	looks_swapped_ch_lat_lon	46.003864	7.1740613	coordinates_look_swapped_ch_lat_lon
artemisia_absinthium	68446	absi_000551	canonical		artemisia absinthium			20240821143726	7.174141	46.003857	looks_swapped_ch_lat_lon	46.003857	7.174141	coordinates_look_swapped_ch_lat_lon
artemisia_absinthium	68447	absi_000604	canonical		artemisia absinthium			20240821144004	7.174145	46.00386	looks_swapped_ch_lat_lon	46.00386	7.174145	coordinates_look_swapped_ch_lat_lon
artemisia_absinthium	68448	absi_000564	canonical		artemisia absinthium			20241108100912	6.9335184	47.00018	looks_swapped_ch_lat_lon	47.00018	6.9335184	coordinates_look_swapped_ch_lat_lon
artemisia_absinthium	68449	absi_000616	canonical		artemisia absinthium			20241108101608	6.9334188	47.00016	looks_swapped_ch_lat_lon	47.00016	6.9334188	coordinates_look_swapped_ch_lat_lon
artemisia_absinthium	68450	absi_000609	canonical		artemisia absinthium			20241108102030	6.9334936	47.000175	looks_swapped_ch_lat_lon	47.000175	6.9334936	coordinates_look_swapped_ch_lat_lon
artemisia_absinthium	68451	absi_000622	canonical		artemisia absinthium			20241108102303	6.9334908	47.00018	looks_swapped_ch_lat_lon	47.00018	6.9334908	coordinates_look_swapped_ch_lat_lon
artemisia_absinthium	68452	absi_000697	canonical		artemisia absinthium			20241108102501	6.933489	47.000187	looks_swapped_ch_lat_lon	47.000187	6.933489	coordinates_look_swapped_ch_lat_lon
artemisia_absinthium	68453	absi_000670	canonical		artemisia absinthium			20241108102708	6.9335012	47.000175	looks_swapped_ch_lat_lon	47.000175	6.9335012	coordinates_look_swapped_ch_lat_lon
artemisia_absinthium	68454	absi_000594	canonical		artemisia absinthium			20241108102913	6.9334965	47.000183	looks_swapped_ch_lat_lon	47.000183	6.9334965	coordinates_look_swapped_ch_lat_lon
