project	field_data_id	sample_id	sample_id_class	canonical_candidate	taxon_name	sample_name	taxon_name_final	unified_taxon_name	unified_taxon_source	unified_taxon_status	taxon_candidate_fields_present	taxon_unified_conflict	date	latitude	longitude	coordinate_status	has_dried	has_extraction	has_aliquot	has_ms	dried_sample_container_ids	extraction_sample_container_ids	lineage_status
jbn-new	75494	dbgi_999999	canonical	dbgi_999999	Abelia		Abelia	Abelia	taxon_name_final	resolved_from_primary_taxon_field	taxon_name_final;taxon_name;MatchedCanonical		20260615100607	6.934684	47.000946	looks_swapped_ch_lat_lon	false	false	false	false			no_dried_link;not_extracted
jbn-new	75495	dbgi_999998	canonical	dbgi_999998	Acacia		Acacia	Acacia	taxon_name_final	resolved_from_primary_taxon_field	taxon_name_final;taxon_name;MatchedCanonical	taxon_name_final=Acacia;taxon_name=Acacia;MatchedCanonical=sect. Acacia	20260615100721	6.934684	47.000946	looks_swapped_ch_lat_lon	false	false	false	false			no_dried_link;not_extracted
jbn-new	75496	dbgi_010876	canonical	dbgi_010876	Iberis sempervirens L		Iberis sempervirens L	Iberis sempervirens L	taxon_name_final	resolved_from_primary_taxon_field	taxon_name_final;taxon_name;MatchedCanonical	taxon_name_final=Iberis sempervirens L;taxon_name=Iberis sempervirens L;MatchedCanonical=Iberis sempervirens	20260623080547	6.9346657	46.999855	looks_swapped_ch_lat_lon	false	false	false	false			no_dried_link;not_extracted
jbn-new	75497	dbgi_011138	canonical	dbgi_011138	Sedum ochroleucum Chaix		Sedum ochroleucum Chaix	Sedum ochroleucum Chaix	taxon_name_final	resolved_from_primary_taxon_field	taxon_name_final;taxon_name;MatchedCanonical	taxon_name_final=Sedum ochroleucum Chaix;taxon_name=Sedum ochroleucum Chaix;MatchedCanonical=Sedum ochroleucum	20260623082257	6.9344044	46.999786	looks_swapped_ch_lat_lon	false	false	false	false			no_dried_link;not_extracted
jbn-new	75498	dbgi_011163	canonical	dbgi_011163	Glandora oleifolia		Glandora oleifolia	Glandora oleifolia	taxon_name_final	resolved_from_primary_taxon_field	taxon_name_final;taxon_name;name_proposition		20260623082604	6.934409	46.99979	looks_swapped_ch_lat_lon	false	false	false	false			no_dried_link;not_extracted
jbn-new	75499	dbgi_010673	canonical	dbgi_010673	Potentilla alchimilloides Lapeyr		Potentilla alchimilloides Lapeyr	Potentilla alchimilloides Lapeyr	taxon_name_final	resolved_from_primary_taxon_field	taxon_name_final;taxon_name;MatchedCanonical	taxon_name_final=Potentilla alchimilloides Lapeyr;taxon_name=Potentilla alchimilloides Lapeyr;MatchedCanonical=Potentilla alchimilloides	20260623083327	6.934423	46.999798	looks_swapped_ch_lat_lon	false	false	false	false			no_dried_link;not_extracted
jbn-new	75500	dbgi_011194	canonical	dbgi_011194	Ranunculus gramineus L		Ranunculus gramineus L	Ranunculus gramineus L	taxon_name_final	resolved_from_primary_taxon_field	taxon_name_final;taxon_name;MatchedCanonical	taxon_name_final=Ranunculus gramineus L;taxon_name=Ranunculus gramineus L;MatchedCanonical=Ranunculus gramineus	20260623083823	6.9344444	46.9998	looks_swapped_ch_lat_lon	false	false	false	false			no_dried_link;not_extracted
jbn-new	75501	dbgi_011055	canonical	dbgi_011055	Lonicera etrusca Boiss		Lonicera etrusca Boiss	Lonicera etrusca Boiss	taxon_name_final	resolved_from_primary_taxon_field	taxon_name_final;taxon_name;MatchedCanonical	taxon_name_final=Lonicera etrusca Boiss;taxon_name=Lonicera etrusca Boiss;MatchedCanonical=Lonicera etrusca	20260623084505	6.9344544	46.99979	looks_swapped_ch_lat_lon	false	false	false	false			no_dried_link;not_extracted
jbn-new	75502	dbgi_011180	canonical	dbgi_011180	Cytisus hirsutus L		Cytisus hirsutus L	Cytisus hirsutus L	taxon_name_final	resolved_from_primary_taxon_field	taxon_name_final;taxon_name;MatchedCanonical	taxon_name_final=Cytisus hirsutus L;taxon_name=Cytisus hirsutus L;MatchedCanonical=Cytisus hirsutus	20260623085306	6.934477	46.99979	looks_swapped_ch_lat_lon	false	false	false	false			no_dried_link;not_extracted
jbn-new	75503	dbgi_011266	canonical	dbgi_011266	Bupleurum fruticosum L		Bupleurum fruticosum L	Bupleurum fruticosum L	taxon_name_final	resolved_from_primary_taxon_field	taxon_name_final;taxon_name;MatchedCanonical	taxon_name_final=Bupleurum fruticosum L;taxon_name=Bupleurum fruticosum L;MatchedCanonical=Bupleurum fruticosum	20260623085646	6.9344754	46.999794	looks_swapped_ch_lat_lon	false	false	false	false			no_dried_link;not_extracted
jbn-new	75504	dbgi_011192	canonical	dbgi_011192	Erinacea anthyllis Link subsp anthyllis		Erinacea anthyllis Link subsp anthyllis	Erinacea anthyllis Link subsp anthyllis	taxon_name_final	resolved_from_primary_taxon_field	taxon_name_final;taxon_name;MatchedCanonical	taxon_name_final=Erinacea anthyllis Link subsp anthyllis;taxon_name=Erinacea anthyllis Link subsp anthyllis;MatchedCanonical=Erinacea anthyllis subsp. anthyllis	20260623090129	6.934496	46.9998	looks_swapped_ch_lat_lon	false	false	false	false			no_dried_link;not_extracted
jbn-new	75505	dbgi_011173	canonical	dbgi_011173	Medicago sativa L subsp sativa		Medicago sativa L subsp sativa	Medicago sativa L subsp sativa	taxon_name_final	resolved_from_primary_taxon_field	taxon_name_final;taxon_name;MatchedCanonical	taxon_name_final=Medicago sativa L subsp sativa;taxon_name=Medicago sativa L subsp sativa;MatchedCanonical=Medicago sativa subsp. sativa	20260623090505	6.934508	46.99981	looks_swapped_ch_lat_lon	false	false	false	false			no_dried_link;not_extracted
jbn-new	75506	dbgi_011131	canonical	dbgi_011131	Medicago sativa L subsp sativa		Medicago sativa L subsp sativa	Medicago sativa L subsp sativa	taxon_name_final	resolved_from_primary_taxon_field	taxon_name_final;taxon_name;MatchedCanonical	taxon_name_final=Medicago sativa L subsp sativa;taxon_name=Medicago sativa L subsp sativa;MatchedCanonical=Medicago sativa subsp. sativa	20260623090827	6.934508	46.99981	looks_swapped_ch_lat_lon	false	false	false	false			no_dried_link;not_extracted
jbn-new	75507	dbgi_011276	canonical	dbgi_011276	Foeniculum vulgare MilL		Foeniculum vulgare MilL	Foeniculum vulgare MilL	taxon_name_final	resolved_from_primary_taxon_field	taxon_name_final;taxon_name;MatchedCanonical	taxon_name_final=Foeniculum vulgare MilL;taxon_name=Foeniculum vulgare MilL;MatchedCanonical=Foeniculum vulgare	20260623091148	6.9345164	46.999817	looks_swapped_ch_lat_lon	false	false	false	false			no_dried_link;not_extracted
jbn-new	75508	dbgi_011125	canonical	dbgi_011125	Catananche caerulea L		Catananche caerulea L	Catananche caerulea L	taxon_name_final	resolved_from_primary_taxon_field	taxon_name_final;taxon_name;MatchedCanonical	taxon_name_final=Catananche caerulea L;taxon_name=Catananche caerulea L;MatchedCanonical=Catananche caerulea	20260623091618	6.934507	46.999832	looks_swapped_ch_lat_lon	false	false	false	false			no_dried_link;not_extracted
jbn-new	75509	dbgi_011121	canonical	dbgi_011121	Catananche caerulea L		Catananche caerulea L	Catananche caerulea L	taxon_name_final	resolved_from_primary_taxon_field	taxon_name_final;taxon_name;MatchedCanonical	taxon_name_final=Catananche caerulea L;taxon_name=Catananche caerulea L;MatchedCanonical=Catananche caerulea	20260623091834	6.934507	46.999832	looks_swapped_ch_lat_lon	false	false	false	false			no_dried_link;not_extracted
jbn-new	75510	dbgi_011060	canonical	dbgi_011060	Santolina chamaecyparissus L		Santolina chamaecyparissus L	Santolina chamaecyparissus L	taxon_name_final	resolved_from_primary_taxon_field	taxon_name_final;taxon_name;MatchedCanonical	taxon_name_final=Santolina chamaecyparissus L;taxon_name=Santolina chamaecyparissus L;MatchedCanonical=Santolina chamaecyparissus	20260623092350	6.9345098	46.99984	looks_swapped_ch_lat_lon	false	false	false	false			no_dried_link;not_extracted
jbn-new	75511	dbgi_010649	canonical	dbgi_010649	Santolina chamaecyparissus L		Santolina chamaecyparissus L	Santolina chamaecyparissus L	taxon_name_final	resolved_from_primary_taxon_field	taxon_name_final;taxon_name;MatchedCanonical	taxon_name_final=Santolina chamaecyparissus L;taxon_name=Santolina chamaecyparissus L;MatchedCanonical=Santolina chamaecyparissus	20260623092618	6.9345098	46.99984	looks_swapped_ch_lat_lon	false	false	false	false			no_dried_link;not_extracted
jbn-new	75512	dbgi_011241	canonical	dbgi_011241	Teucrium pyrenaicum L		Teucrium pyrenaicum L	Teucrium pyrenaicum L	taxon_name_final	resolved_from_primary_taxon_field	taxon_name_final;taxon_name;MatchedCanonical	taxon_name_final=Teucrium pyrenaicum L;taxon_name=Teucrium pyrenaicum L;MatchedCanonical=Teucrium pyrenaicum	20260623093103	6.934542	46.999836	looks_swapped_ch_lat_lon	false	false	false	false			no_dried_link;not_extracted
jbn-new	75513	dbgi_011172	canonical	dbgi_011172	Helictotrichon cantabricum Lag Gervais		Helictotrichon cantabricum Lag Gervais	Helictotrichon cantabricum Lag Gervais	taxon_name_final	resolved_from_primary_taxon_field	taxon_name_final;taxon_name;MatchedCanonical	taxon_name_final=Helictotrichon cantabricum Lag Gervais;taxon_name=Helictotrichon cantabricum Lag Gervais;MatchedCanonical=Helictotrichon cantabricum	20260623093630	6.9345355	46.999832	looks_swapped_ch_lat_lon	false	false	false	false			no_dried_link;not_extracted
jbn-new	75514	dbgi_010707	canonical	dbgi_010707	Euphorbia characias L		Euphorbia characias L	Euphorbia characias L	taxon_name_final	resolved_from_primary_taxon_field	taxon_name_final;taxon_name;MatchedCanonical	taxon_name_final=Euphorbia characias L;taxon_name=Euphorbia characias L;MatchedCanonical=Euphorbia characias	20260624071422	6.9346037	46.999844	looks_swapped_ch_lat_lon	false	false	false	false			no_dried_link;not_extracted
jbn-new	75515	dbgi_011153	canonical	dbgi_011153	Euphorbia characias L		Euphorbia characias L	Euphorbia characias L	taxon_name_final	resolved_from_primary_taxon_field	taxon_name_final;taxon_name;MatchedCanonical	taxon_name_final=Euphorbia characias L;taxon_name=Euphorbia characias L;MatchedCanonical=Euphorbia characias	20260624072424	6.9346037	46.999844	looks_swapped_ch_lat_lon	false	false	false	false			no_dried_link;not_extracted
jbn-new	75516	dbgi_011206	canonical	dbgi_011206	Santolina elegans Boiss		Santolina elegans Boiss	Santolina elegans Boiss	taxon_name_final	resolved_from_primary_taxon_field	taxon_name_final;taxon_name;MatchedCanonical	taxon_name_final=Santolina elegans Boiss;taxon_name=Santolina elegans Boiss;MatchedCanonical=Santolina elegans	20260624073056	6.934605	46.999855	looks_swapped_ch_lat_lon	false	false	false	false			no_dried_link;not_extracted
jbn-new	75517	dbgi_011034	canonical	dbgi_011034	Euphorbia characias L		Euphorbia characias L	Euphorbia characias L	taxon_name_final	resolved_from_primary_taxon_field	taxon_name_final;taxon_name;MatchedCanonical	taxon_name_final=Euphorbia characias L;taxon_name=Euphorbia characias L;MatchedCanonical=Euphorbia characias	20260624073610	6.9346046	46.999855	looks_swapped_ch_lat_lon	false	false	false	false			no_dried_link;not_extracted
jbn-new	75518	dbgi_011211	canonical	dbgi_011211	Thalictrum speciosissimum		Thalictrum speciosissimum	Thalictrum speciosissimum	taxon_name_final	resolved_from_primary_taxon_field	taxon_name_final;taxon_name;name_proposition		20260624074050	6.9346094	46.999836	looks_swapped_ch_lat_lon	false	false	false	false			no_dried_link;not_extracted
jbn-new	75519	dbgi_011200	canonical	dbgi_011200	Phillyrea latifolia L		Phillyrea latifolia L	Phillyrea latifolia L	taxon_name_final	resolved_from_primary_taxon_field	taxon_name_final;taxon_name;MatchedCanonical	taxon_name_final=Phillyrea latifolia L;taxon_name=Phillyrea latifolia L;MatchedCanonical=Phillyrea latifolia	20260624074826	6.9346075	46.999817	looks_swapped_ch_lat_lon	false	false	false	false			no_dried_link;not_extracted
jbn-new	75520	dbgi_011212	canonical	dbgi_011212	Cistus laurifolius L		Cistus laurifolius L	Cistus laurifolius L	taxon_name_final	resolved_from_primary_taxon_field	taxon_name_final;taxon_name;MatchedCanonical	taxon_name_final=Cistus laurifolius L;taxon_name=Cistus laurifolius L;MatchedCanonical=Cistus laurifolius	20260624075329	6.934581	46.9998	looks_swapped_ch_lat_lon	false	false	false	false			no_dried_link;not_extracted
jbn-new	75521	dbgi_010646	canonical	dbgi_010646	Thalictrum speciosissimum		Thalictrum speciosissimum	Thalictrum speciosissimum	taxon_name_final	resolved_from_primary_taxon_field	taxon_name_final;taxon_name;name_proposition		20260624080546	6.9346237	46.999847	looks_swapped_ch_lat_lon	false	false	false	false			no_dried_link;not_extracted
jbn-new	75522	dbgi_011261	canonical	dbgi_011261	Gypsophila altissima		Gypsophila altissima	Gypsophila altissima	taxon_name_final	resolved_from_primary_taxon_field	taxon_name_final;taxon_name;name_proposition		20260624081702	6.9346247	46.99985	looks_swapped_ch_lat_lon	false	false	false	false			no_dried_link;not_extracted
jbn-new	75523	dbgi_011252	canonical	dbgi_011252	Paeonia broteri		Paeonia broteri	Paeonia broteri	taxon_name_final	resolved_from_primary_taxon_field	taxon_name_final;taxon_name;name_proposition		20260624082551	6.9346137	46.99986	looks_swapped_ch_lat_lon	false	false	false	false			no_dried_link;not_extracted
jbn-new	75524	dbgi_011203	canonical	dbgi_011203	Erodium manescavi Coss		Erodium manescavi Coss	Erodium manescavi Coss	taxon_name_final	resolved_from_primary_taxon_field	taxon_name_final;taxon_name;MatchedCanonical	taxon_name_final=Erodium manescavi Coss;taxon_name=Erodium manescavi Coss;MatchedCanonical=Erodium manescavi	20260624083944	6.9346232	46.99987	looks_swapped_ch_lat_lon	false	false	false	false			no_dried_link;not_extracted
jbn-new	75525	dbgi_011082	canonical	dbgi_011082	Erodium manescavi Coss		Erodium manescavi Coss	Erodium manescavi Coss	taxon_name_final	resolved_from_primary_taxon_field	taxon_name_final;taxon_name;MatchedCanonical	taxon_name_final=Erodium manescavi Coss;taxon_name=Erodium manescavi Coss;MatchedCanonical=Erodium manescavi	20260624084229	6.9346232	46.99987	looks_swapped_ch_lat_lon	false	false	false	false			no_dried_link;not_extracted
jbn-new	75526	dbgi_011124	canonical	dbgi_011124	Juniperus communis subsp nana Syme		Juniperus communis subsp nana Syme	Juniperus communis subsp nana Syme	taxon_name_final	resolved_from_primary_taxon_field	taxon_name_final;taxon_name;MatchedCanonical	taxon_name_final=Juniperus communis subsp nana Syme;taxon_name=Juniperus communis subsp nana Syme;MatchedCanonical=Juniperus communis subsp. nana	20260624084748	6.9346223	46.999874	looks_swapped_ch_lat_lon	false	false	false	false			no_dried_link;not_extracted
jbn-new	75527	dbgi_011149	canonical	dbgi_011149	Catananche caerulea L		Catananche caerulea L	Catananche caerulea L	taxon_name_final	resolved_from_primary_taxon_field	taxon_name_final;taxon_name;MatchedCanonical	taxon_name_final=Catananche caerulea L;taxon_name=Catananche caerulea L;MatchedCanonical=Catananche caerulea	20260624085003	6.9346223	46.999874	looks_swapped_ch_lat_lon	false	false	false	false			no_dried_link;not_extracted
jbn-new	75528	dbgi_011221	canonical	dbgi_011221	Catananche caerulea L		Catananche caerulea L	Catananche caerulea L	taxon_name_final	resolved_from_primary_taxon_field	taxon_name_final;taxon_name;MatchedCanonical	taxon_name_final=Catananche caerulea L;taxon_name=Catananche caerulea L;MatchedCanonical=Catananche caerulea	20260624085239	6.9346223	46.999874	looks_swapped_ch_lat_lon	false	false	false	false			no_dried_link;not_extracted
jbn-new	75529	dbgi_011387	canonical	dbgi_011387	Coristospermum lucidum		Coristospermum lucidum	Coristospermum lucidum	taxon_name_final	resolved_from_primary_taxon_field	taxon_name_final;taxon_name;name_proposition		20260624090231	6.934627	46.99989	looks_swapped_ch_lat_lon	false	false	false	false			no_dried_link;not_extracted
jbn-new	75530	dbgi_011202	canonical	dbgi_011202	Coristospermum lucidum		Coristospermum lucidum	Coristospermum lucidum	taxon_name_final	resolved_from_primary_taxon_field	taxon_name_final;taxon_name;name_proposition		20260624092520	6.9346266	46.99989	looks_swapped_ch_lat_lon	false	false	false	false			no_dried_link;not_extracted
jbn-new	75531	dbgi_010618	canonical	dbgi_010618	Vella spinosa Boiss		Vella spinosa Boiss	Vella spinosa Boiss	taxon_name_final	resolved_from_primary_taxon_field	taxon_name_final;taxon_name;MatchedCanonical	taxon_name_final=Vella spinosa Boiss;taxon_name=Vella spinosa Boiss;MatchedCanonical=Vella spinosa	20260624093050	6.934631	46.999897	looks_swapped_ch_lat_lon	false	false	false	false			no_dried_link;not_extracted
jbn-new	75532	dbgi_011277	canonical	dbgi_011277	Helichrysum italicum subsp serotinum DC pFourn		Helichrysum italicum subsp serotinum DC pFourn	Helichrysum italicum subsp serotinum DC pFourn	taxon_name_final	resolved_from_primary_taxon_field	taxon_name_final;taxon_name;MatchedCanonical	taxon_name_final=Helichrysum italicum subsp serotinum DC pFourn;taxon_name=Helichrysum italicum subsp serotinum DC pFourn;MatchedCanonical=Helichrysum italicum subsp. serotinum	20260624093619	6.9346714	46.99992	looks_swapped_ch_lat_lon	false	false	false	false			no_dried_link;not_extracted
jbn-new	75533	dbgi_011170	canonical	dbgi_011170	Helichrysum italicum subsp serotinum DC pFourn		Helichrysum italicum subsp serotinum DC pFourn	Helichrysum italicum subsp serotinum DC pFourn	taxon_name_final	resolved_from_primary_taxon_field	taxon_name_final;taxon_name;MatchedCanonical	taxon_name_final=Helichrysum italicum subsp serotinum DC pFourn;taxon_name=Helichrysum italicum subsp serotinum DC pFourn;MatchedCanonical=Helichrysum italicum subsp. serotinum	20260624093958	6.9346714	46.99992	looks_swapped_ch_lat_lon	false	false	false	false			no_dried_link;not_extracted
jbn-new	75534	dbgi_011105	canonical	dbgi_011105	Digitalis obscura		Digitalis obscura	Digitalis obscura	taxon_name_final	resolved_from_primary_taxon_field	taxon_name_final;taxon_name;name_proposition		20260624095312	6.9346523	46.999905	looks_swapped_ch_lat_lon	false	false	false	false			no_dried_link;not_extracted
jbn-new	75535	dbgi_011179	canonical	dbgi_011179	Anthemis tinctoria L		Anthemis tinctoria L	Anthemis tinctoria L	taxon_name_final	resolved_from_primary_taxon_field	taxon_name_final;taxon_name;MatchedCanonical	taxon_name_final=Anthemis tinctoria L;taxon_name=Anthemis tinctoria L;MatchedCanonical=Anthemis tinctoria	20260624095726	6.934734	46.999928	looks_swapped_ch_lat_lon	false	false	false	false			no_dried_link;not_extracted
jbn-new	75536	dbgi_011226	canonical	dbgi_011226	Iberis sempervirens L		Iberis sempervirens L	Iberis sempervirens L	taxon_name_final	resolved_from_primary_taxon_field	taxon_name_final;taxon_name;MatchedCanonical	taxon_name_final=Iberis sempervirens L;taxon_name=Iberis sempervirens L;MatchedCanonical=Iberis sempervirens	20260625071204	6.9346995	46.99993	looks_swapped_ch_lat_lon	false	false	false	false			no_dried_link;not_extracted
jbn-new	75537	dbgi_011050	canonical	dbgi_011050	Potentilla recta L		Potentilla recta L	Potentilla recta L	taxon_name_final	resolved_from_primary_taxon_field	taxon_name_final;taxon_name;MatchedCanonical	taxon_name_final=Potentilla recta L;taxon_name=Potentilla recta L;MatchedCanonical=Potentilla recta	20260625071722	6.9346995	46.99996	looks_swapped_ch_lat_lon	false	false	false	false			no_dried_link;not_extracted
jbn-new	75538	dbgi_010602	canonical	dbgi_010602	Sempervivum calcareum Jord		Sempervivum calcareum Jord	Sempervivum calcareum Jord	taxon_name_final	resolved_from_primary_taxon_field	taxon_name_final;taxon_name;MatchedCanonical	taxon_name_final=Sempervivum calcareum Jord;taxon_name=Sempervivum calcareum Jord;MatchedCanonical=Sempervivum calcareum	20260625072014	6.9346976	46.99997	looks_swapped_ch_lat_lon	false	false	false	false			no_dried_link;not_extracted
jbn-new	75539	dbgi_010859	canonical	dbgi_010859	Armeria alpina Willd		Armeria alpina Willd	Armeria alpina Willd	taxon_name_final	resolved_from_primary_taxon_field	taxon_name_final;taxon_name;MatchedCanonical	taxon_name_final=Armeria alpina Willd;taxon_name=Armeria alpina Willd;MatchedCanonical=Armeria alpina	20260625072420	6.9347215	46.99997	looks_swapped_ch_lat_lon	false	false	false	false			no_dried_link;not_extracted
jbn-new	75540	dbgi_011162	canonical	dbgi_011162	Sideritis hyssopifolia L		Sideritis hyssopifolia L	Sideritis hyssopifolia L	taxon_name_final	resolved_from_primary_taxon_field	taxon_name_final;taxon_name;MatchedCanonical	taxon_name_final=Sideritis hyssopifolia L;taxon_name=Sideritis hyssopifolia L;MatchedCanonical=Sideritis hyssopifolia	20260625072912	6.934727	46.999973	looks_swapped_ch_lat_lon	false	false	false	false			no_dried_link;not_extracted
jbn-new	75541	dbgi_011247	canonical	dbgi_011247	Sideritis hyssopifolia L		Sideritis hyssopifolia L	Sideritis hyssopifolia L	taxon_name_final	resolved_from_primary_taxon_field	taxon_name_final;taxon_name;MatchedCanonical	taxon_name_final=Sideritis hyssopifolia L;taxon_name=Sideritis hyssopifolia L;MatchedCanonical=Sideritis hyssopifolia	20260625073209	6.934727	46.999973	looks_swapped_ch_lat_lon	false	false	false	false			no_dried_link;not_extracted
jbn-new	75542	dbgi_011195	canonical	dbgi_011195	Dianthus hyssopifolius		Dianthus hyssopifolius	Dianthus hyssopifolius	taxon_name_final	resolved_from_primary_taxon_field	taxon_name_final;taxon_name;name_proposition		20260625073507	6.934726	46.999977	looks_swapped_ch_lat_lon	false	false	false	false			no_dried_link;not_extracted
jbn-new	75543	dbgi_011160	canonical	dbgi_011160	Linum alpinum		Linum alpinum	Linum alpinum	taxon_name_final	resolved_from_primary_taxon_field	taxon_name_final;taxon_name;name_proposition		20260625074040	6.934708	46.999973	looks_swapped_ch_lat_lon	false	false	false	false			no_dried_link;not_extracted
jbn-new	75544	dbgi_011216	canonical	dbgi_011216	Silene saxifraga L		Silene saxifraga L	Silene saxifraga L	taxon_name_final	resolved_from_primary_taxon_field	taxon_name_final;taxon_name;MatchedCanonical	taxon_name_final=Silene saxifraga L;taxon_name=Silene saxifraga L;MatchedCanonical=Silene saxifraga	20260625074835	6.9346757	46.999958	looks_swapped_ch_lat_lon	false	false	false	false			no_dried_link;not_extracted
jbn-new	75545	dbgi_011189	canonical	dbgi_011189	Satureja montana L		Satureja montana L	Satureja montana L	taxon_name_final	resolved_from_primary_taxon_field	taxon_name_final;taxon_name;MatchedCanonical	taxon_name_final=Satureja montana L;taxon_name=Satureja montana L;MatchedCanonical=Satureja montana	20260625075452	6.934673	46.999966	looks_swapped_ch_lat_lon	false	false	false	false			no_dried_link;not_extracted
jbn-new	75546	dbgi_011135	canonical	dbgi_011135	Achnatherum calamagrostis L pBeauv		Achnatherum calamagrostis L pBeauv	Achnatherum calamagrostis L pBeauv	taxon_name_final	resolved_from_primary_taxon_field	taxon_name_final;taxon_name;MatchedCanonical	taxon_name_final=Achnatherum calamagrostis L pBeauv;taxon_name=Achnatherum calamagrostis L pBeauv;MatchedCanonical=Achnatherum calamagrostis	20260625075901	6.9346633	46.99996	looks_swapped_ch_lat_lon	false	false	false	false			no_dried_link;not_extracted
jbn-new	75547	dbgi_011095	canonical	dbgi_011095	Sempervivum x rupicolum (montanum x wulfeni)		Sempervivum x rupicolum (montanum x wulfeni)	Sempervivum x rupicolum (montanum x wulfeni)	taxon_name_final	resolved_from_primary_taxon_field	taxon_name_final;taxon_name;name_proposition		20260625080523	6.934643	46.99995	looks_swapped_ch_lat_lon	false	false	false	false			no_dried_link;not_extracted
jbn-new	75548	dbgi_011542	canonical	dbgi_011542	Sempervivum x rupicolum (montanum x wulfeni)		Sempervivum x rupicolum (montanum x wulfeni)	Sempervivum x rupicolum (montanum x wulfeni)	taxon_name_final	resolved_from_primary_taxon_field	taxon_name_final;taxon_name;name_proposition		20260625080847	6.934643	46.99995	looks_swapped_ch_lat_lon	false	false	false	false			no_dried_link;not_extracted
jbn-new	75549	dbgi_011146	canonical	dbgi_011146	Anthemis tinctoria L		Anthemis tinctoria L	Anthemis tinctoria L	taxon_name_final	resolved_from_primary_taxon_field	taxon_name_final;taxon_name;MatchedCanonical	taxon_name_final=Anthemis tinctoria L;taxon_name=Anthemis tinctoria L;MatchedCanonical=Anthemis tinctoria	20260625081302	6.9347334	46.999928	looks_swapped_ch_lat_lon	false	false	false	false			no_dried_link;not_extracted
jbn-new	75550	dbgi_011089	canonical	dbgi_011089	Oenanthe lachenalii CCGmeL		Oenanthe lachenalii CCGmeL	Oenanthe lachenalii CCGmeL	taxon_name_final	resolved_from_primary_taxon_field	taxon_name_final;taxon_name;MatchedCanonical	taxon_name_final=Oenanthe lachenalii CCGmeL;taxon_name=Oenanthe lachenalii CCGmeL;MatchedCanonical=Oenanthe lachenalii	20260625083916	6.9346952	46.99986	looks_swapped_ch_lat_lon	false	false	false	false			no_dried_link;not_extracted
jbn-new	75551	dbgi_011201	canonical	dbgi_011201	Draba lasiocarpa Rochel		Draba lasiocarpa Rochel	Draba lasiocarpa Rochel	taxon_name_final	resolved_from_primary_taxon_field	taxon_name_final;taxon_name;MatchedCanonical	taxon_name_final=Draba lasiocarpa Rochel;taxon_name=Draba lasiocarpa Rochel;MatchedCanonical=Draba lasiocarpa	20260625084412	6.9347467	46.999874	looks_swapped_ch_lat_lon	false	false	false	false			no_dried_link;not_extracted
jbn-new	75552	dbgi_011087	canonical	dbgi_011087	Globularia trichosantha Fisch and CA Mey		Globularia trichosantha Fisch and CA Mey	Globularia trichosantha Fisch and CA Mey	taxon_name_final	resolved_from_primary_taxon_field	taxon_name_final;taxon_name;MatchedCanonical	taxon_name_final=Globularia trichosantha Fisch and CA Mey;taxon_name=Globularia trichosantha Fisch and CA Mey;MatchedCanonical=Globularia trichosantha	20260625084711	6.934754	46.99987	looks_swapped_ch_lat_lon	false	false	false	false			no_dried_link;not_extracted
jbn-new	75553	dbgi_011090	canonical	dbgi_011090	Paliurus spina christi MilL		Paliurus spina christi MilL	Paliurus spina christi MilL	taxon_name_final	resolved_from_primary_taxon_field	taxon_name_final;taxon_name;MatchedCanonical	taxon_name_final=Paliurus spina christi MilL;taxon_name=Paliurus spina christi MilL;MatchedCanonical=Paliurus spina	20260625085045	6.9347434	46.999863	looks_swapped_ch_lat_lon	false	false	false	false			no_dried_link;not_extracted
jbn-new	75554	dbgi_011144	canonical	dbgi_011144	Nepeta grandiflora mBieb		Nepeta grandiflora mBieb	Nepeta grandiflora mBieb	taxon_name_final	resolved_from_primary_taxon_field	taxon_name_final;taxon_name;MatchedCanonical	taxon_name_final=Nepeta grandiflora mBieb;taxon_name=Nepeta grandiflora mBieb;MatchedCanonical=Nepeta grandiflora	20260625085329	6.9347477	46.999863	looks_swapped_ch_lat_lon	false	false	false	false			no_dried_link;not_extracted
jbn-new	75555	dbgi_011132	canonical	dbgi_011132	Nepeta grandiflora mBieb		Nepeta grandiflora mBieb	Nepeta grandiflora mBieb	taxon_name_final	resolved_from_primary_taxon_field	taxon_name_final;taxon_name;MatchedCanonical	taxon_name_final=Nepeta grandiflora mBieb;taxon_name=Nepeta grandiflora mBieb;MatchedCanonical=Nepeta grandiflora	20260625085840	6.9347477	46.999863	looks_swapped_ch_lat_lon	false	false	false	false			no_dried_link;not_extracted
jbn-new	75556	dbgi_011140	canonical	dbgi_011140	Juniperus thurifera L subsp thurifera		Juniperus thurifera L subsp thurifera	Juniperus thurifera L subsp thurifera	taxon_name_final	resolved_from_primary_taxon_field	taxon_name_final;taxon_name;MatchedCanonical	taxon_name_final=Juniperus thurifera L subsp thurifera;taxon_name=Juniperus thurifera L subsp thurifera;MatchedCanonical=Juniperus thurifera subsp. thurifera	20260625090416	6.934658	46.99982	looks_swapped_ch_lat_lon	false	false	false	false			no_dried_link;not_extracted
jbn-new	75557	dbgi_011150	canonical	dbgi_011150	Lavandula lanata Boiss		Lavandula lanata Boiss	Lavandula lanata Boiss	taxon_name_final	resolved_from_primary_taxon_field	taxon_name_final;taxon_name;MatchedCanonical	taxon_name_final=Lavandula lanata Boiss;taxon_name=Lavandula lanata Boiss;MatchedCanonical=Lavandula lanata	20260625091112	6.9346867	46.999832	looks_swapped_ch_lat_lon	false	false	false	false			no_dried_link;not_extracted
jbn-new	75558	dbgi_011185	canonical	dbgi_011185	Ranunculus lingua		Ranunculus lingua	Ranunculus lingua	taxon_name_final	resolved_from_primary_taxon_field	taxon_name_final;taxon_name;name_proposition		20260625091636	6.9347034	46.99983	looks_swapped_ch_lat_lon	false	false	false	false			no_dried_link;not_extracted
jbn-new	75559	dbgi_011088	canonical	dbgi_011088	Sparganium angustifolium		Sparganium angustifolium	Sparganium angustifolium	taxon_name_final	resolved_from_primary_taxon_field	taxon_name_final;taxon_name;name_proposition		20260625092215	6.934711	46.99983	looks_swapped_ch_lat_lon	false	false	false	false			no_dried_link;not_extracted
jbn-new	75560	dbgi_010944	canonical	dbgi_010944	Carex pseudocyperus		Carex pseudocyperus	Carex pseudocyperus	taxon_name_final	resolved_from_primary_taxon_field	taxon_name_final;taxon_name;name_proposition		20260625092735	6.934721	46.999844	looks_swapped_ch_lat_lon	false	false	false	false			no_dried_link;not_extracted
jbn-new	75561	dbgi_011271	canonical	dbgi_011271	Carex psedocyperus		Carex psedocyperus	Carex psedocyperus	taxon_name_final	resolved_from_primary_taxon_field	taxon_name_final;taxon_name;name_proposition		20260625093342	6.934711	46.99983	looks_swapped_ch_lat_lon	false	false	false	false			no_dried_link;not_extracted
jbn-new	75562	dbgi_010637	canonical	dbgi_010637	Festuca cinerea VilL		Festuca cinerea VilL	Festuca cinerea VilL	taxon_name_final	resolved_from_primary_taxon_field	taxon_name_final;taxon_name;MatchedCanonical	taxon_name_final=Festuca cinerea VilL;taxon_name=Festuca cinerea VilL;MatchedCanonical=Festuca cinerea	20260626073458	6.9347343	46.999928	looks_swapped_ch_lat_lon	false	false	false	false			no_dried_link;not_extracted
jbn-new	75563	dbgi_011256	canonical	dbgi_011256	Sideritis italica MilL Greuter and Burdet		Sideritis italica MilL Greuter and Burdet	Sideritis italica MilL Greuter and Burdet	taxon_name_final	resolved_from_primary_taxon_field	taxon_name_final;taxon_name;MatchedCanonical	taxon_name_final=Sideritis italica MilL Greuter and Burdet;taxon_name=Sideritis italica MilL Greuter and Burdet;MatchedCanonical=Sideritis italica	20260626074146	6.934732	46.999916	looks_swapped_ch_lat_lon	false	false	false	false			no_dried_link;not_extracted
jbn-new	75564	dbgi_011236	canonical	dbgi_011236	Digitalis ferruginea L		Digitalis ferruginea L	Digitalis ferruginea L	taxon_name_final	resolved_from_primary_taxon_field	taxon_name_final;taxon_name;MatchedCanonical	taxon_name_final=Digitalis ferruginea L;taxon_name=Digitalis ferruginea L;MatchedCanonical=Digitalis ferruginea	20260626074549	6.9347305	46.999916	looks_swapped_ch_lat_lon	false	false	false	false			no_dried_link;not_extracted
jbn-new	75565	dbgi_010663	canonical	dbgi_010663	Erysimum rhaeticum		Erysimum rhaeticum	Erysimum rhaeticum	taxon_name_final	resolved_from_primary_taxon_field	taxon_name_final;taxon_name;name_proposition		20260626075908	6.9347324	46.999985	looks_swapped_ch_lat_lon	false	false	false	false			no_dried_link;not_extracted
jbn-new	75566	dbgi_011168	canonical	dbgi_011168	Origanum vulgare L		Origanum vulgare L	Origanum vulgare L	taxon_name_final	resolved_from_primary_taxon_field	taxon_name_final;taxon_name;MatchedCanonical	taxon_name_final=Origanum vulgare L;taxon_name=Origanum vulgare L;MatchedCanonical=Origanum vulgare	20260626080304	6.934771	46.999985	looks_swapped_ch_lat_lon	false	false	false	false			no_dried_link;not_extracted
jbn-new	75567	dbgi_011070	canonical	dbgi_011070	Origanum vulgare L		Origanum vulgare L	Origanum vulgare L	taxon_name_final	resolved_from_primary_taxon_field	taxon_name_final;taxon_name;MatchedCanonical	taxon_name_final=Origanum vulgare L;taxon_name=Origanum vulgare L;MatchedCanonical=Origanum vulgare	20260626080702	6.934771	46.999985	looks_swapped_ch_lat_lon	false	false	false	false			no_dried_link;not_extracted
jbn-new	75568	dbgi_011175	canonical	dbgi_011175	Laburnum anagyroides Medik subsp anagyroides		Laburnum anagyroides Medik subsp anagyroides	Laburnum anagyroides Medik subsp anagyroides	taxon_name_final	resolved_from_primary_taxon_field	taxon_name_final;taxon_name;MatchedCanonical	taxon_name_final=Laburnum anagyroides Medik subsp anagyroides;taxon_name=Laburnum anagyroides Medik subsp anagyroides;MatchedCanonical=Laburnum anagyroides subsp. anagyroides	20260626080942	6.934765	46.99999	looks_swapped_ch_lat_lon	false	false	false	false			no_dried_link;not_extracted
jbn-new	75569	dbgi_010658	canonical	dbgi_010658	Alyssoides utriculata L Moench		Alyssoides utriculata L Moench	Alyssoides utriculata L Moench	taxon_name_final	resolved_from_primary_taxon_field	taxon_name_final;taxon_name;MatchedCanonical	taxon_name_final=Alyssoides utriculata L Moench;taxon_name=Alyssoides utriculata L Moench;MatchedCanonical=Alyssoides utriculata	20260626081243	6.9347706	46.999992	looks_swapped_ch_lat_lon	false	false	false	false			no_dried_link;not_extracted
jbn-new	75570	dbgi_011100	canonical	dbgi_011100	Telekia speciosa Schreb Baumg		Telekia speciosa Schreb Baumg	Telekia speciosa Schreb Baumg	taxon_name_final	resolved_from_primary_taxon_field	taxon_name_final;taxon_name;MatchedCanonical	taxon_name_final=Telekia speciosa Schreb Baumg;taxon_name=Telekia speciosa Schreb Baumg;MatchedCanonical=Telekia speciosa	20260626081933	6.934811	46.999966	looks_swapped_ch_lat_lon	false	false	false	false			no_dried_link;not_extracted
jbn-new	75571	dbgi_011130	canonical	dbgi_011130	Telekia speciosa Schreb Baumg		Telekia speciosa Schreb Baumg	Telekia speciosa Schreb Baumg	taxon_name_final	resolved_from_primary_taxon_field	taxon_name_final;taxon_name;MatchedCanonical	taxon_name_final=Telekia speciosa Schreb Baumg;taxon_name=Telekia speciosa Schreb Baumg;MatchedCanonical=Telekia speciosa	20260626082113	6.934811	46.999966	looks_swapped_ch_lat_lon	false	false	false	false			no_dried_link;not_extracted
jbn-new	75572	dbgi_011231	canonical	dbgi_011231	Daphne pontica L		Daphne pontica L	Daphne pontica L	taxon_name_final	resolved_from_primary_taxon_field	taxon_name_final;taxon_name;MatchedCanonical	taxon_name_final=Daphne pontica L;taxon_name=Daphne pontica L;MatchedCanonical=Daphne pontica	20260626082351	6.934823	46.999966	looks_swapped_ch_lat_lon	false	false	false	false			no_dried_link;not_extracted
jbn-new	75573	dbgi_011198	canonical	dbgi_011198	Picea orientalis L Link		Picea orientalis L Link	Picea orientalis L Link	taxon_name_final	resolved_from_primary_taxon_field	taxon_name_final;taxon_name;MatchedCanonical	taxon_name_final=Picea orientalis L Link;taxon_name=Picea orientalis L Link;MatchedCanonical=Picea orientalis	20260626082634	6.9349594	47.00001	looks_swapped_ch_lat_lon	false	false	false	false			no_dried_link;not_extracted
jbn-new	75574	dbgi_011155	canonical	dbgi_011155	Alyssum murale		Alyssum murale	Alyssum murale	taxon_name_final	resolved_from_primary_taxon_field	taxon_name_final;taxon_name;name_proposition		20260626084107	6.9349484	47.000015	looks_swapped_ch_lat_lon	false	false	false	false			no_dried_link;not_extracted
jbn-new	75575	dbgi_011251	canonical	dbgi_011251	Campanula raddeana Trautv		Campanula raddeana Trautv	Campanula raddeana Trautv	taxon_name_final	resolved_from_primary_taxon_field	taxon_name_final;taxon_name;MatchedCanonical	taxon_name_final=Campanula raddeana Trautv;taxon_name=Campanula raddeana Trautv;MatchedCanonical=Campanula raddeana	20260626084436	6.9349437	47.00001	looks_swapped_ch_lat_lon	false	false	false	false			no_dried_link;not_extracted
jbn-new	75576	dbgi_011102	canonical	dbgi_011102	Saxifraga juniperifolia Adams		Saxifraga juniperifolia Adams	Saxifraga juniperifolia Adams	taxon_name_final	resolved_from_primary_taxon_field	taxon_name_final;taxon_name;MatchedCanonical	taxon_name_final=Saxifraga juniperifolia Adams;taxon_name=Saxifraga juniperifolia Adams;MatchedCanonical=Saxifraga juniperifolia	20260626084732	6.934933	47.000008	looks_swapped_ch_lat_lon	false	false	false	false			no_dried_link;not_extracted
jbn-new	75577	dbgi_011145	canonical	dbgi_011145	Psephellus bellus		Psephellus bellus	Psephellus bellus	taxon_name_final	resolved_from_primary_taxon_field	taxon_name_final;taxon_name;name_proposition		20260626085103	6.9349318	47.000004	looks_swapped_ch_lat_lon	false	false	false	false			no_dried_link;not_extracted
jbn-new	75578	dbgi_011080	canonical	dbgi_011080	Dianthus caucaseus Sims		Dianthus caucaseus Sims	Dianthus caucaseus Sims	taxon_name_final	resolved_from_primary_taxon_field	taxon_name_final;taxon_name;MatchedCanonical	taxon_name_final=Dianthus caucaseus Sims;taxon_name=Dianthus caucaseus Sims;MatchedCanonical=Dianthus caucaseus	20260626085358	6.9349337	47.000008	looks_swapped_ch_lat_lon	false	false	false	false			no_dried_link;not_extracted
jbn-new	75579	dbgi_011272	canonical	dbgi_011272	Sedum maximum subsp ruprechtii Jalas Soo		Sedum maximum subsp ruprechtii Jalas Soo	Sedum maximum subsp ruprechtii Jalas Soo	taxon_name_final	resolved_from_primary_taxon_field	taxon_name_final;taxon_name;MatchedCanonical	taxon_name_final=Sedum maximum subsp ruprechtii Jalas Soo;taxon_name=Sedum maximum subsp ruprechtii Jalas Soo;MatchedCanonical=Sedum maximum subsp. ruprechtii	20260626090105	6.934924	47.000004	looks_swapped_ch_lat_lon	false	false	false	false			no_dried_link;not_extracted
jbn-new	75580	dbgi_011159	canonical	dbgi_011159	Veronica peduncularis mBieb		Veronica peduncularis mBieb	Veronica peduncularis mBieb	taxon_name_final	resolved_from_primary_taxon_field	taxon_name_final;taxon_name;MatchedCanonical	taxon_name_final=Veronica peduncularis mBieb;taxon_name=Veronica peduncularis mBieb;MatchedCanonical=Veronica peduncularis	20260626090412	6.93492	47.000004	looks_swapped_ch_lat_lon	false	false	false	false			no_dried_link;not_extracted
jbn-new	75581	dbgi_011024	canonical	dbgi_011024	Marrubium peregrinum		Marrubium peregrinum	Marrubium peregrinum	taxon_name_final	resolved_from_primary_taxon_field	taxon_name_final;taxon_name;name_proposition		20260626091032	6.9349194	46.99999	looks_swapped_ch_lat_lon	false	false	false	false			no_dried_link;not_extracted
jbn-new	75582	dbgi_011199	canonical	dbgi_011199	Thymus tiflisiensis		Thymus tiflisiensis	Thymus tiflisiensis	taxon_name_final	resolved_from_primary_taxon_field	taxon_name_final;taxon_name;name_proposition		20260626091454	6.9349275	46.99998	looks_swapped_ch_lat_lon	false	false	false	false			no_dried_link;not_extracted
jbn-new	75583	dbgi_010702	canonical	dbgi_010702	Rubia tinctorum L		Rubia tinctorum L	Rubia tinctorum L	taxon_name_final	resolved_from_primary_taxon_field	taxon_name_final;taxon_name;MatchedCanonical	taxon_name_final=Rubia tinctorum L;taxon_name=Rubia tinctorum L;MatchedCanonical=Rubia tinctorum	20260626072552	6.9347353	46.999935	looks_swapped_ch_lat_lon	false	false	false	false			no_dried_link;not_extracted
jbn-new	75584	dbgi_011165	canonical	dbgi_011165	Rubia tinctorum L		Rubia tinctorum L	Rubia tinctorum L	taxon_name_final	resolved_from_primary_taxon_field	taxon_name_final;taxon_name;MatchedCanonical	taxon_name_final=Rubia tinctorum L;taxon_name=Rubia tinctorum L;MatchedCanonical=Rubia tinctorum	20260626073051	6.934735	46.999935	looks_swapped_ch_lat_lon	false	false	false	false			no_dried_link;not_extracted
jbn-new	76432	dbgi_010518	canonical	dbgi_010518	Dryopteris filix mas L Schott		Dryopteris filix mas L Schott	Dryopteris filix mas L Schott	taxon_name_final	resolved_from_primary_taxon_field	taxon_name_final;taxon_name;MatchedCanonical	taxon_name_final=Dryopteris filix mas L Schott;taxon_name=Dryopteris filix mas L Schott;MatchedCanonical=Dryopteris filix mas	20260630081716	6.933718	46.9994	looks_swapped_ch_lat_lon	false	false	false	false			no_dried_link;not_extracted
jbn-new	76433	dbgi_011045	canonical	dbgi_011045	Ilex aquifolium L		Ilex aquifolium L	Ilex aquifolium L	taxon_name_final	resolved_from_primary_taxon_field	taxon_name_final;taxon_name;MatchedCanonical	taxon_name_final=Ilex aquifolium L;taxon_name=Ilex aquifolium L;MatchedCanonical=Ilex aquifolium	20260630082250	6.93373	46.99941	looks_swapped_ch_lat_lon	false	false	false	false			no_dried_link;not_extracted
jbn-new	76434	dbgi_011057	canonical	dbgi_011057	Digitalis purpurea L subsp purpurea		Digitalis purpurea L subsp purpurea	Digitalis purpurea L subsp purpurea	taxon_name_final	resolved_from_primary_taxon_field	taxon_name_final;taxon_name;MatchedCanonical	taxon_name_final=Digitalis purpurea L subsp purpurea;taxon_name=Digitalis purpurea L subsp purpurea;MatchedCanonical=Digitalis purpurea subsp. purpurea	20260630082525	6.9337497	46.999416	looks_swapped_ch_lat_lon	false	false	false	false			no_dried_link;not_extracted
jbn-new	76435	dbgi_011228	canonical	dbgi_011228	Digitalis purpurea L subsp purpurea		Digitalis purpurea L subsp purpurea	Digitalis purpurea L subsp purpurea	taxon_name_final	resolved_from_primary_taxon_field	taxon_name_final;taxon_name;MatchedCanonical	taxon_name_final=Digitalis purpurea L subsp purpurea;taxon_name=Digitalis purpurea L subsp purpurea;MatchedCanonical=Digitalis purpurea subsp. purpurea	20260630082929	6.9337497	46.999416	looks_swapped_ch_lat_lon	false	false	false	false			no_dried_link;not_extracted
jbn-new	76436	dbgi_011348	canonical	dbgi_011348	Aconitum napellus L		Aconitum napellus L	Aconitum napellus L	taxon_name_final	resolved_from_primary_taxon_field	taxon_name_final;taxon_name;MatchedCanonical	taxon_name_final=Aconitum napellus L;taxon_name=Aconitum napellus L;MatchedCanonical=Aconitum napellus	20260630083215	6.9337687	46.999424	looks_swapped_ch_lat_lon	false	false	false	false			no_dried_link;not_extracted
jbn-new	76437	dbgi_010854	canonical	dbgi_010854	Taxus baccata L		Taxus baccata L	Taxus baccata L	taxon_name_final	resolved_from_primary_taxon_field	taxon_name_final;taxon_name;MatchedCanonical	taxon_name_final=Taxus baccata L;taxon_name=Taxus baccata L;MatchedCanonical=Taxus baccata	20260630083420	6.933788	46.999435	looks_swapped_ch_lat_lon	false	false	false	false			no_dried_link;not_extracted
jbn-new	76438	dbgi_011223	canonical	dbgi_011223	Ruscus aculeatus L		Ruscus aculeatus L	Ruscus aculeatus L	taxon_name_final	resolved_from_primary_taxon_field	taxon_name_final;taxon_name;MatchedCanonical	taxon_name_final=Ruscus aculeatus L;taxon_name=Ruscus aculeatus L;MatchedCanonical=Ruscus aculeatus	20260630083710	6.933805	46.999447	looks_swapped_ch_lat_lon	false	false	false	false			no_dried_link;not_extracted
jbn-new	76439	dbgi_010607	canonical	dbgi_010607	Polygonatum multiflorum L AlL		Polygonatum multiflorum L AlL	Polygonatum multiflorum L AlL	taxon_name_final	resolved_from_primary_taxon_field	taxon_name_final;taxon_name;MatchedCanonical	taxon_name_final=Polygonatum multiflorum L AlL;taxon_name=Polygonatum multiflorum L AlL;MatchedCanonical=Polygonatum multiflorum	20260630083929	6.9338264	46.999454	looks_swapped_ch_lat_lon	false	false	false	false			no_dried_link;not_extracted
jbn-new	76440	dbgi_011110	canonical	dbgi_011110	Hedera helix L		Hedera helix L	Hedera helix L	taxon_name_final	resolved_from_primary_taxon_field	taxon_name_final;taxon_name;MatchedCanonical	taxon_name_final=Hedera helix L;taxon_name=Hedera helix L;MatchedCanonical=Hedera helix	20260630084337	6.93384	46.999462	looks_swapped_ch_lat_lon	false	false	false	false			no_dried_link;not_extracted
jbn-new	76441	dbgi_011257	canonical	dbgi_011257	Hedera helix L		Hedera helix L	Hedera helix L	taxon_name_final	resolved_from_primary_taxon_field	taxon_name_final;taxon_name;MatchedCanonical	taxon_name_final=Hedera helix L;taxon_name=Hedera helix L;MatchedCanonical=Hedera helix	20260630084708	6.93384	46.999462	looks_swapped_ch_lat_lon	false	false	false	false			no_dried_link;not_extracted
jbn-new	76442	dbgi_011233	canonical	dbgi_011233	Digitalis lutea L		Digitalis lutea L	Digitalis lutea L	taxon_name_final	resolved_from_primary_taxon_field	taxon_name_final;taxon_name;MatchedCanonical	taxon_name_final=Digitalis lutea L;taxon_name=Digitalis lutea L;MatchedCanonical=Digitalis lutea	20260630084931	6.9338346	46.999462	looks_swapped_ch_lat_lon	false	false	false	false			no_dried_link;not_extracted
jbn-new	76443	dbgi_010622	canonical	dbgi_010622	Aquilegia vulgaris L		Aquilegia vulgaris L	Aquilegia vulgaris L	taxon_name_final	resolved_from_primary_taxon_field	taxon_name_final;taxon_name;MatchedCanonical	taxon_name_final=Aquilegia vulgaris L;taxon_name=Aquilegia vulgaris L;MatchedCanonical=Aquilegia vulgaris	20260630085201	6.933847	46.99947	looks_swapped_ch_lat_lon	false	false	false	false			no_dried_link;not_extracted
jbn-new	76444	dbgi_011143	canonical	dbgi_011143	Pteridium aquilinum L Kuhn		Pteridium aquilinum L Kuhn	Pteridium aquilinum L Kuhn	taxon_name_final	resolved_from_primary_taxon_field	taxon_name_final;taxon_name;MatchedCanonical	taxon_name_final=Pteridium aquilinum L Kuhn;taxon_name=Pteridium aquilinum L Kuhn;MatchedCanonical=Pteridium aquilinum	20260630085512	6.933856	46.999477	looks_swapped_ch_lat_lon	false	false	false	false			no_dried_link;not_extracted
jbn-new	76445	dbgi_011152	canonical	dbgi_011152	Convallaria majalis L		Convallaria majalis L	Convallaria majalis L	taxon_name_final	resolved_from_primary_taxon_field	taxon_name_final;taxon_name;MatchedCanonical	taxon_name_final=Convallaria majalis L;taxon_name=Convallaria majalis L;MatchedCanonical=Convallaria majalis	20260630085840	6.933827	46.999516	looks_swapped_ch_lat_lon	false	false	false	false			no_dried_link;not_extracted
jbn-new	76446	dbgi_010628	canonical	dbgi_010628	Corylus avellana L		Corylus avellana L	Corylus avellana L	taxon_name_final	resolved_from_primary_taxon_field	taxon_name_final;taxon_name;MatchedCanonical	taxon_name_final=Corylus avellana L;taxon_name=Corylus avellana L;MatchedCanonical=Corylus avellana	20260630090030	6.933835	46.999523	looks_swapped_ch_lat_lon	false	false	false	false			no_dried_link;not_extracted
jbn-new	76447	dbgi_011213	canonical	dbgi_011213	Ricinus communis		Ricinus communis	Ricinus communis	taxon_name_final	resolved_from_primary_taxon_field	taxon_name_final;taxon_name;name_proposition		20260630090406	6.933823	46.99953	looks_swapped_ch_lat_lon	false	false	false	false			no_dried_link;not_extracted
jbn-new	76448	dbgi_011169	canonical	dbgi_011169	Aristolochia clematitis L		Aristolochia clematitis L	Aristolochia clematitis L	taxon_name_final	resolved_from_primary_taxon_field	taxon_name_final;taxon_name;MatchedCanonical	taxon_name_final=Aristolochia clematitis L;taxon_name=Aristolochia clematitis L;MatchedCanonical=Aristolochia clematitis	20260630090702	6.933825	46.999542	looks_swapped_ch_lat_lon	false	false	false	false			no_dried_link;not_extracted
jbn-new	76449	dbgi_010574	canonical	dbgi_010574	Agrimonia eupatoria L		Agrimonia eupatoria L	Agrimonia eupatoria L	taxon_name_final	resolved_from_primary_taxon_field	taxon_name_final;taxon_name;MatchedCanonical	taxon_name_final=Agrimonia eupatoria L;taxon_name=Agrimonia eupatoria L;MatchedCanonical=Agrimonia eupatoria	20260630090917	6.933826	46.999546	looks_swapped_ch_lat_lon	false	false	false	false			no_dried_link;not_extracted
jbn-new	76450	obs_693382552658983_4699954641278273	other_noncanonical							missing_all_taxon_information			20260630091253	6.9338255	46.999546	looks_swapped_ch_lat_lon	false	false	false	false			no_dried_link;not_extracted
jbn-new	76451	dbgi_011242	canonical	dbgi_011242	Agrimonia eupatoria L		Agrimonia eupatoria L	Agrimonia eupatoria L	taxon_name_final	resolved_from_primary_taxon_field	taxon_name_final;taxon_name;MatchedCanonical	taxon_name_final=Agrimonia eupatoria L;taxon_name=Agrimonia eupatoria L;MatchedCanonical=Agrimonia eupatoria	20260630091314	6.9338255	46.999546	looks_swapped_ch_lat_lon	false	false	false	false			no_dried_link;not_extracted
jbn-new	76452	dbgi_011129	canonical	dbgi_011129	Papaver somniferum L		Papaver somniferum L	Papaver somniferum L	taxon_name_final	resolved_from_primary_taxon_field	taxon_name_final;taxon_name;MatchedCanonical	taxon_name_final=Papaver somniferum L;taxon_name=Papaver somniferum L;MatchedCanonical=Papaver somniferum	20260630091616	6.9338284	46.999554	looks_swapped_ch_lat_lon	false	false	false	false			no_dried_link;not_extracted
