filename,injection,file_type,sample_id,container_id,Ionization.mode
20261603_Mazz_Sample_drog_000469_01,1,sample,drog_000469,drog_000469_01,positive
20261603_Mazz_Sample_drog_000327_01,1,sample,drog_000327,drog_000327_01,positive
20261603_Mazz_Sample_drog_000009_01,1,sample,drog_000009,drog_000009_01,positive
20261603_Mazz_Sample_drog_000059_01,1,sample,drog_000059,drog_000059_01,positive
20261603_Mazz_Sample_drog_000215_01,1,sample,drog_000215,drog_000215_01,positive
20261603_Mazz_Sample_drog_000139_01,1,sample,drog_000139,drog_000139_01,positive
20261603_Mazz_Sample_drog_000277_01,1,sample,drog_000277,drog_000277_01,positive
20261603_Mazz_Sample_drog_000271_01,1,sample,drog_000271,drog_000271_01,positive
20261603_Mazz_Sample_drog_000444_01,1,sample,drog_000444,drog_000444_01,positive
20261603_Mazz_Sample_drog_000184_01,1,sample,drog_000184,drog_000184_01,positive
20261603_Mazz_Sample_drog_000208_01,1,sample,drog_000208,drog_000208_01,positive
20261603_Mazz_Sample_drog_000127_01,1,sample,drog_000127,drog_000127_01,positive
20261603_Mazz_Sample_drog_000454_01,1,sample,drog_000454,drog_000454_01,positive
20261603_Mazz_Sample_drog_000159_01,1,sample,drog_000159,drog_000159_01,positive
20261603_Mazz_Sample_drog_000264_01,1,sample,drog_000264,drog_000264_01,positive
20261603_Mazz_Sample_drog_000389_01,1,sample,drog_000389,drog_000389_01,positive
20261603_Mazz_Sample_drog_000261_01,1,sample,drog_000261,drog_000261_01,positive
20261603_Mazz_Sample_drog_000529_01,1,sample,drog_000529,drog_000529_01,positive
20261603_Mazz_Sample_drog_000056_01,1,sample,drog_000056,drog_000056_01,positive
20261603_Mazz_Sample_drog_000197_01,1,sample,drog_000197,drog_000197_01,positive
20261603_Mazz_Sample_drog_000297_01,1,sample,drog_000297,drog_000297_01,positive
20261603_Mazz_Sample_drog_000132_01,1,sample,drog_000132,drog_000132_01,positive
20261603_Mazz_Sample_drog_000464_01,1,sample,drog_000464,drog_000464_01,positive
20261603_Mazz_Sample_drog_000411_01,1,sample,drog_000411,drog_000411_01,positive
20261603_Mazz_Sample_drog_000503_01,1,sample,drog_000503,drog_000503_01,positive
20261603_Mazz_Sample_drog_000195_01,1,sample,drog_000195,drog_000195_01,positive
20261603_Mazz_Sample_drog_000325_01,1,sample,drog_000325,drog_000325_01,positive
20261603_Mazz_Sample_drog_000174_01,1,sample,drog_000174,drog_000174_01,positive
20261603_Mazz_Sample_drog_000353_01,1,sample,drog_000353,drog_000353_01,positive
20261603_Mazz_Sample_drog_000198_01,1,sample,drog_000198,drog_000198_01,positive
20261603_Mazz_Sample_drog_000398_01,1,sample,drog_000398,drog_000398_01,positive
20261603_Mazz_Sample_drog_000544_01,1,sample,drog_000544,drog_000544_01,positive
20261603_Mazz_Sample_drog_000423_01,1,sample,drog_000423,drog_000423_01,positive
20261603_Mazz_Sample_drog_000463_01,1,sample,drog_000463,drog_000463_01,positive
20261603_Mazz_Sample_drog_000414_01,1,sample,drog_000414,drog_000414_01,positive
20261603_Mazz_Sample_drog_000157_01,1,sample,drog_000157,drog_000157_01,positive
20261603_Mazz_Sample_drog_000569_01,1,sample,drog_000569,drog_000569_01,positive
20261603_Mazz_Sample_drog_000346_01,1,sample,drog_000346,drog_000346_01,positive
20261603_Mazz_Sample_drog_000509_01,1,sample,drog_000509,drog_000509_01,positive
20261603_Mazz_Sample_drog_000428_01,1,sample,drog_000428,drog_000428_01,positive
20261603_Mazz_Sample_drog_000436_01,1,sample,drog_000436,drog_000436_01,positive
20261603_Mazz_Sample_drog_000138_01,1,sample,drog_000138,drog_000138_01,positive
20261603_Mazz_Sample_drog_000375_01,1,sample,drog_000375,drog_000375_01,positive
20261603_Mazz_Sample_drog_000082_01,1,sample,drog_000082,drog_000082_01,positive
20261603_Mazz_Sample_drog_000562_01,1,sample,drog_000562,drog_000562_01,positive
20261603_Mazz_Sample_drog_000528_01,1,sample,drog_000528,drog_000528_01,positive
20261603_Mazz_Sample_drog_000553_01,1,sample,drog_000553,drog_000553_01,positive
20261603_Mazz_Sample_drog_000577_01,1,sample,drog_000577,drog_000577_01,positive
20261603_Mazz_Sample_drog_000395_01,1,sample,drog_000395,drog_000395_01,positive
20261603_Mazz_Sample_drog_000154_01,1,sample,drog_000154,drog_000154_01,positive
20261603_Mazz_Sample_drog_000141_01,1,sample,drog_000141,drog_000141_01,positive
20261603_Mazz_Sample_drog_000067_01,1,sample,drog_000067,drog_000067_01,positive
20261603_Mazz_Sample_drog_000421_01,1,sample,drog_000421,drog_000421_01,positive
20261603_Mazz_Sample_drog_000343_01,1,sample,drog_000343,drog_000343_01,positive
20261603_Mazz_Sample_drog_000508_01,1,sample,drog_000508,drog_000508_01,positive
20261603_Mazz_Sample_drog_000272_01,1,sample,drog_000272,drog_000272_01,positive
20261603_Mazz_Sample_drog_000158_01,1,sample,drog_000158,drog_000158_01,positive
20261603_Mazz_Sample_drog_000283_01,1,sample,drog_000283,drog_000283_01,positive
20261603_Mazz_Sample_drog_000248_01,1,sample,drog_000248,drog_000248_01,positive
20261603_Mazz_Sample_drog_000323_01,1,sample,drog_000323,drog_000323_01,positive
20261603_Mazz_Sample_drog_000088_01,1,sample,drog_000088,drog_000088_01,positive
20261603_Mazz_Sample_drog_000216_01,1,sample,drog_000216,drog_000216_01,positive
20261603_Mazz_Sample_drog_000440_01,1,sample,drog_000440,drog_000440_01,positive
20261603_Mazz_Sample_drog_000555_01,1,sample,drog_000555,drog_000555_01,positive
20261603_Mazz_Sample_drog_000404_01,1,sample,drog_000404,drog_000404_01,positive
20261603_Mazz_Sample_drog_000301_01,1,sample,drog_000301,drog_000301_01,positive
20261603_Mazz_Sample_drog_000380_01,1,sample,drog_000380,drog_000380_01,positive
20261603_Mazz_Sample_drog_000406_01,1,sample,drog_000406,drog_000406_01,positive
20261603_Mazz_Sample_drog_000388_01,1,sample,drog_000388,drog_000388_01,positive
20261603_Mazz_Sample_drog_000063_01,1,sample,drog_000063,drog_000063_01,positive
20261603_Mazz_Sample_drog_000281_01,1,sample,drog_000281,drog_000281_01,positive
20261603_Mazz_Sample_drog_000549_01,1,sample,drog_000549,drog_000549_01,positive
20261603_Mazz_Sample_drog_000002_01,1,sample,drog_000002,drog_000002_01,positive
20261603_Mazz_Sample_drog_000580_01,1,sample,drog_000580,drog_000580_01,positive
20261603_Mazz_Sample_drog_000187_01,1,sample,drog_000187,drog_000187_01,positive
20261603_Mazz_Sample_drog_000166_01,1,sample,drog_000166,drog_000166_01,positive
20261603_Mazz_Sample_drog_000397_01,1,sample,drog_000397,drog_000397_01,positive
20261603_Mazz_Sample_drog_000010_01,1,sample,drog_000010,drog_000010_01,positive
20261603_Mazz_Sample_drog_000352_01,1,sample,drog_000352,drog_000352_01,positive
20261603_Mazz_Sample_drog_000102_01,1,sample,drog_000102,drog_000102_01,positive
20261603_Mazz_Sample_drog_000027_01,1,sample,drog_000027,drog_000027_01,positive
20261603_Mazz_Sample_drog_000420_01,1,sample,drog_000420,drog_000420_01,positive
20261603_Mazz_Sample_drog_000393_01,1,sample,drog_000393,drog_000393_01,positive
20261603_Mazz_Sample_drog_000094_01,1,sample,drog_000094,drog_000094_01,positive
20261603_Mazz_Sample_drog_000331_01,1,sample,drog_000331,drog_000331_01,positive
20261603_Mazz_Sample_drog_000144_01,1,sample,drog_000144,drog_000144_01,positive
20261603_Mazz_Sample_drog_000445_01,1,sample,drog_000445,drog_000445_01,positive
20261703_Mazz_Sample_drog_000369_01,1,sample,drog_000369,drog_000369_01,positive
20261703_Mazz_Sample_drog_000001_01,1,sample,drog_000001,drog_000001_01,positive
20261703_Mazz_Sample_drog_000035_01,1,sample,drog_000035,drog_000035_01,positive
20261703_Mazz_Sample_drog_000170_01,1,sample,drog_000170,drog_000170_01,positive
20261703_Mazz_Sample_drog_000020_01,1,sample,drog_000020,drog_000020_01,positive
20261703_Mazz_Sample_drog_000450_01,1,sample,drog_000450,drog_000450_01,positive
20261703_Mazz_Sample_drog_000024_01,1,sample,drog_000024,drog_000024_01,positive
20261703_Mazz_Sample_drog_000011_01,1,sample,drog_000011,drog_000011_01,positive
20261703_Mazz_Sample_drog_000548_01,1,sample,drog_000548,drog_000548_01,positive
20261703_Mazz_Sample_drog_000107_01,1,sample,drog_000107,drog_000107_01,positive
20261703_Mazz_Sample_drog_000015_01,1,sample,drog_000015,drog_000015_01,positive
20261703_Mazz_Sample_drog_000012_01,1,sample,drog_000012,drog_000012_01,positive
20261703_Mazz_Sample_drog_000052_01,1,sample,drog_000052,drog_000052_01,positive
20261703_Mazz_Sample_drog_000578_01,1,sample,drog_000578,drog_000578_01,positive
20261703_Mazz_Sample_drog_000018_01,1,sample,drog_000018,drog_000018_01,positive
20261703_Mazz_Sample_drog_000258_01,1,sample,drog_000258,drog_000258_01,positive
20261703_Mazz_Sample_drog_000408_01,1,sample,drog_000408,drog_000408_01,positive
20261703_Mazz_Sample_drog_000014_01,1,sample,drog_000014,drog_000014_01,positive
20261703_Mazz_Sample_drog_000276_01,1,sample,drog_000276,drog_000276_01,positive
20261703_Mazz_Sample_drog_000008_01,1,sample,drog_000008,drog_000008_01,positive
20261703_Mazz_Sample_drog_000383_01,1,sample,drog_000383,drog_000383_01,positive
20261703_Mazz_Sample_drog_000342_01,1,sample,drog_000342,drog_000342_01,positive
20261703_Mazz_Sample_drog_000354_01,1,sample,drog_000354,drog_000354_01,positive
20261703_Mazz_Sample_drog_000178_01,1,sample,drog_000178,drog_000178_01,positive
20261703_Mazz_Sample_drog_000461_01,1,sample,drog_000461,drog_000461_01,positive
20261703_Mazz_Sample_drog_000335_01,1,sample,drog_000335,drog_000335_01,positive
20261703_Mazz_Sample_drog_000147_01,1,sample,drog_000147,drog_000147_01,positive
20261703_Mazz_Sample_drog_000033_01,1,sample,drog_000033,drog_000033_01,positive
20261703_Mazz_Sample_drog_000348_01,1,sample,drog_000348,drog_000348_01,positive
20261703_Mazz_Sample_drog_000314_01,1,sample,drog_000314,drog_000314_01,positive
20261703_Mazz_Sample_drog_000003_01,1,sample,drog_000003,drog_000003_01,positive
20261703_Mazz_Sample_drog_000289_01,1,sample,drog_000289,drog_000289_01,positive
20261703_Mazz_Sample_drog_000537_01,1,sample,drog_000537,drog_000537_01,positive
20261703_Mazz_Sample_drog_000026_01,1,sample,drog_000026,drog_000026_01,positive
20261703_Mazz_Sample_drog_000090_01,1,sample,drog_000090,drog_000090_01,positive
20261703_Mazz_Sample_drog_000329_01,1,sample,drog_000329,drog_000329_01,positive
20261703_Mazz_Sample_drog_000031_01,1,sample,drog_000031,drog_000031_01,positive
20261703_Mazz_Sample_drog_000317_01,1,sample,drog_000317,drog_000317_01,positive
20261703_Mazz_Sample_drog_000400_01,1,sample,drog_000400,drog_000400_01,positive
20261703_Mazz_Sample_drog_000176_01,1,sample,drog_000176,drog_000176_01,positive
20261703_Mazz_Sample_drog_000054_01,1,sample,drog_000054,drog_000054_01,positive
20261703_Mazz_Sample_drog_000007_01,1,sample,drog_000007,drog_000007_01,positive
20261703_Mazz_Sample_drog_000036_01,1,sample,drog_000036,drog_000036_01,positive
20261703_Mazz_Sample_drog_000114_01,1,sample,drog_000114,drog_000114_01,positive
20261703_Mazz_Sample_drog_000013_01,1,sample,drog_000013,drog_000013_01,positive
20261703_Mazz_Sample_drog_000029_01,1,sample,drog_000029,drog_000029_01,positive
20261703_Mazz_Sample_drog_000210_01,1,sample,drog_000210,drog_000210_01,positive
20261703_Mazz_Sample_drog_000557_01,1,sample,drog_000557,drog_000557_01,positive
20261703_Mazz_Sample_drog_000182_01,1,sample,drog_000182,drog_000182_01,positive
20261703_Mazz_Sample_drog_000168_01,1,sample,drog_000168,drog_000168_01,positive
20261703_Mazz_Sample_drog_000313_01,1,sample,drog_000313,drog_000313_01,positive
20261703_Mazz_Sample_drog_000025_01,1,sample,drog_000025,drog_000025_01,positive
20261703_Mazz_Sample_drog_000038_01,1,sample,drog_000038,drog_000038_01,positive
20261703_Mazz_Sample_drog_000039_01,1,sample,drog_000039,drog_000039_01,positive
20261703_Mazz_Sample_drog_000539_01,1,sample,drog_000539,drog_000539_01,positive
20261703_Mazz_Sample_drog_000284_01,1,sample,drog_000284,drog_000284_01,positive
20261703_Mazz_Sample_drog_000222_01,1,sample,drog_000222,drog_000222_01,positive
20261703_Mazz_Sample_drog_000310_01,1,sample,drog_000310,drog_000310_01,positive
20261703_Mazz_Sample_drog_000547_01,1,sample,drog_000547,drog_000547_01,positive
20261703_Mazz_Sample_drog_000037_01,1,sample,drog_000037,drog_000037_01,positive
20261703_Mazz_Sample_drog_000358_01,1,sample,drog_000358,drog_000358_01,positive
20261703_Mazz_Sample_drog_000023_01,1,sample,drog_000023,drog_000023_01,positive
20261703_Mazz_Sample_drog_000030_01,1,sample,drog_000030,drog_000030_01,positive
20261703_Mazz_Sample_drog_000040_01,1,sample,drog_000040,drog_000040_01,positive
20261703_Mazz_Sample_drog_000206_01,1,sample,drog_000206,drog_000206_01,positive
20261703_Mazz_Sample_drog_000097_01,1,sample,drog_000097,drog_000097_01,positive
20261703_Mazz_Sample_drog_000410_01,1,sample,drog_000410,drog_000410_01,positive
20261703_Mazz_Sample_drog_000575_02,2,sample,drog_000575,drog_000575_01,positive
20261703_Mazz_Sample_drog_000384_01,1,sample,drog_000384,drog_000384_01,positive
20261703_Mazz_Sample_drog_000570_01,1,sample,drog_000570,drog_000570_01,positive
20261703_Mazz_Sample_drog_000459_01,1,sample,drog_000459,drog_000459_01,positive
20261703_Mazz_Sample_drog_000425_01,1,sample,drog_000425,drog_000425_01,positive
20261703_Mazz_Sample_drog_000106_01,1,sample,drog_000106,drog_000106_01,positive
20261703_Mazz_Sample_drog_000140_01,1,sample,drog_000140,drog_000140_01,positive
20261703_Mazz_Sample_drog_000472_01,1,sample,drog_000472,drog_000472_01,positive
20261703_Mazz_Sample_drog_000415_01,1,sample,drog_000415,drog_000415_01,positive
20261703_Mazz_Sample_drog_000409_01,1,sample,drog_000409,drog_000409_01,positive
20261703_Mazz_Sample_drog_000361_01,1,sample,drog_000361,drog_000361_01,positive
20261703_Mazz_Sample_drog_000498_01,1,sample,drog_000498,drog_000498_01,positive
20261703_Mazz_Sample_drog_000318_01,1,sample,drog_000318,drog_000318_01,positive
20261703_Mazz_Sample_drog_000535_01,1,sample,drog_000535,drog_000535_01,positive
20261703_Mazz_Sample_drog_000405_01,1,sample,drog_000405,drog_000405_01,positive
20261703_Mazz_Sample_drog_000533_01,1,sample,drog_000533,drog_000533_01,positive
20261703_Mazz_Sample_drog_000452_01,1,sample,drog_000452,drog_000452_01,positive
20261703_Mazz_Sample_drog_000402_01,1,sample,drog_000402,drog_000402_01,positive
20261703_Mazz_Sample_drog_000446_01,1,sample,drog_000446,drog_000446_01,positive
20261703_Mazz_Sample_drog_000429_01,1,sample,drog_000429,drog_000429_01,positive
20261703_Mazz_Sample_drog_000372_01,1,sample,drog_000372,drog_000372_01,positive
20261703_Mazz_Sample_drog_000262_01,1,sample,drog_000262,drog_000262_01,positive
20261703_Mazz_Sample_drog_000224_01,1,sample,drog_000224,drog_000224_01,positive
20261703_Mazz_Sample_drog_000449_01,1,sample,drog_000449,drog_000449_01,positive
20261703_Mazz_Sample_drog_000471_01,1,sample,drog_000471,drog_000471_01,positive
20261703_Mazz_Sample_drog_000120_01,1,sample,drog_000120,drog_000120_01,positive
20261703_Mazz_Sample_drog_000465_01,1,sample,drog_000465,drog_000465_01,positive
20261803_Mazz_Sample_drog_000333_01,1,sample,drog_000333,drog_000333_01,positive
20261803_Mazz_Sample_drog_000563_01,1,sample,drog_000563,drog_000563_01,positive
20261803_Mazz_Sample_drog_000122_01,1,sample,drog_000122,drog_000122_01,positive
20261803_Mazz_Sample_drog_000230_01,1,sample,drog_000230,drog_000230_01,positive
20261803_Mazz_Sample_drog_000422_01,1,sample,drog_000422,drog_000422_01,positive
20261803_Mazz_Sample_drog_000484_01,1,sample,drog_000484,drog_000484_01,positive
20261803_Mazz_Sample_drog_000477_01,1,sample,drog_000477,drog_000477_01,positive
20261803_Mazz_Sample_drog_000337_01,1,sample,drog_000337,drog_000337_01,positive
20261803_Mazz_Sample_drog_000236_01,1,sample,drog_000236,drog_000236_01,positive
20261803_Mazz_Sample_drog_000308_01,1,sample,drog_000308,drog_000308_01,positive
20261803_Mazz_Sample_drog_000456_01,1,sample,drog_000456,drog_000456_01,positive
20261803_Mazz_Sample_drog_000135_01,1,sample,drog_000135,drog_000135_01,positive
20261803_Mazz_Sample_drog_000579_01,1,sample,drog_000579,drog_000579_01,positive
20261803_Mazz_Sample_drog_000401_01,1,sample,drog_000401,drog_000401_01,positive
20261803_Mazz_Sample_drog_000497_01,1,sample,drog_000497,drog_000497_01,positive
20261803_Mazz_Sample_drog_000368_01,1,sample,drog_000368,drog_000368_01,positive
20261803_Mazz_Sample_drog_000118_01,1,sample,drog_000118,drog_000118_01,positive
20261803_Mazz_Sample_drog_000218_01,1,sample,drog_000218,drog_000218_01,positive
20261803_Mazz_Sample_drog_000396_01,1,sample,drog_000396,drog_000396_01,positive
20261803_Mazz_Sample_drog_000403_01,1,sample,drog_000403,drog_000403_01,positive
20261803_Mazz_Sample_drog_000070_01,1,sample,drog_000070,drog_000070_01,positive
20261803_Mazz_Sample_drog_000086_01,1,sample,drog_000086,drog_000086_01,positive
20261803_Mazz_Sample_drog_000374_01,1,sample,drog_000374,drog_000374_01,positive
20261803_Mazz_Sample_drog_000470_01,1,sample,drog_000470,drog_000470_01,positive
20261803_Mazz_Sample_drog_000413_01,1,sample,drog_000413,drog_000413_01,positive
20261803_Mazz_Sample_drog_000437_01,1,sample,drog_000437,drog_000437_01,positive
20261803_Mazz_Sample_drog_000225_01,1,sample,drog_000225,drog_000225_01,positive
20261803_Mazz_Sample_drog_000312_01,1,sample,drog_000312,drog_000312_01,positive
20261803_Mazz_Sample_drog_000065_01,1,sample,drog_000065,drog_000065_01,positive
20261803_Mazz_Sample_drog_000128_01,1,sample,drog_000128,drog_000128_01,positive
20261803_Mazz_Sample_drog_000572_01,1,sample,drog_000572,drog_000572_01,positive
20261803_Mazz_Sample_drog_000378_01,1,sample,drog_000378,drog_000378_01,positive
20261803_Mazz_Sample_drog_000504_01,1,sample,drog_000504,drog_000504_01,positive
20261803_Mazz_Sample_drog_000357_01,1,sample,drog_000357,drog_000357_01,positive
20261803_Mazz_Sample_drog_000482_01,1,sample,drog_000482,drog_000482_01,positive
20261803_Mazz_Sample_drog_000113_01,1,sample,drog_000113,drog_000113_01,positive
20261803_Mazz_Sample_drog_000391_01,1,sample,drog_000391,drog_000391_01,positive
20261803_Mazz_Sample_drog_000235_01,1,sample,drog_000235,drog_000235_01,positive
20261803_Mazz_Sample_drog_000466_01,1,sample,drog_000466,drog_000466_01,positive
20261803_Mazz_Sample_drog_000554_01,1,sample,drog_000554,drog_000554_01,positive
20261803_Mazz_Sample_drog_000492_01,1,sample,drog_000492,drog_000492_01,positive
20261803_Mazz_Sample_drog_000542_01,1,sample,drog_000542,drog_000542_01,positive
20261803_Mazz_Sample_drog_000382_01,1,sample,drog_000382,drog_000382_01,positive
20261803_Mazz_Sample_drog_000095_01,1,sample,drog_000095,drog_000095_01,positive
20261803_Mazz_Sample_drog_000255_01,1,sample,drog_000255,drog_000255_01,positive
20261803_Mazz_Sample_drog_000112_02,2,sample,drog_000112,drog_000112_01,positive
20261803_Mazz_Sample_drog_000564_01,1,sample,drog_000564,drog_000564_01,positive
20261803_Mazz_Sample_drog_000351_01,1,sample,drog_000351,drog_000351_01,positive
20261803_Mazz_Sample_drog_000565_01,1,sample,drog_000565,drog_000565_01,positive
20261803_Mazz_Sample_drog_000332_01,1,sample,drog_000332,drog_000332_01,positive
20261803_Mazz_Sample_drog_000344_01,1,sample,drog_000344,drog_000344_01,positive
20261803_Mazz_Sample_drog_000253_01,1,sample,drog_000253,drog_000253_01,positive
20261803_Mazz_Sample_drog_000418_01,1,sample,drog_000418,drog_000418_01,positive
20261803_Mazz_Sample_drog_000004_01,1,sample,drog_000004,drog_000004_01,positive
20261803_Mazz_Sample_drog_000172_01,1,sample,drog_000172,drog_000172_01,positive
20261803_Mazz_Sample_drog_000568_01,1,sample,drog_000568,drog_000568_01,positive
20261803_Mazz_Sample_drog_000376_01,1,sample,drog_000376,drog_000376_01,positive
20261803_Mazz_Sample_drog_000028_01,1,sample,drog_000028,drog_000028_01,positive
20261803_Mazz_Sample_drog_000186_01,1,sample,drog_000186,drog_000186_01,positive
20261803_Mazz_Sample_drog_000105_01,1,sample,drog_000105,drog_000105_01,positive
20261803_Mazz_Sample_drog_000481_01,1,sample,drog_000481,drog_000481_01,positive
20261803_Mazz_Sample_drog_000433_01,1,sample,drog_000433,drog_000433_01,positive
20261803_Mazz_Sample_drog_000363_01,1,sample,drog_000363,drog_000363_01,positive
20261803_Mazz_Sample_drog_000439_01,1,sample,drog_000439,drog_000439_01,positive
20261803_Mazz_Sample_drog_000442_01,1,sample,drog_000442,drog_000442_01,positive
20261803_Mazz_Sample_drog_000305_01,1,sample,drog_000305,drog_000305_01,positive
20261803_Mazz_Sample_drog_000387_01,1,sample,drog_000387,drog_000387_01,positive
20261803_Mazz_Sample_drog_000324_01,1,sample,drog_000324,drog_000324_01,positive
20261803_Mazz_Sample_drog_000412_01,1,sample,drog_000412,drog_000412_01,positive
20261803_Mazz_Sample_drog_000093_01,1,sample,drog_000093,drog_000093_01,positive
20261803_Mazz_Sample_drog_000458_01,1,sample,drog_000458,drog_000458_01,positive
20261803_Mazz_Sample_drog_000288_01,1,sample,drog_000288,drog_000288_01,positive
20261803_Mazz_Sample_drog_000561_01,1,sample,drog_000561,drog_000561_01,positive
20261803_Mazz_Sample_drog_000099_01,1,sample,drog_000099,drog_000099_01,positive
20261803_Mazz_Sample_drog_000316_01,1,sample,drog_000316,drog_000316_01,positive
20261803_Mazz_Sample_drog_000417_01,1,sample,drog_000417,drog_000417_01,positive
20261803_Mazz_Sample_drog_000371_01,1,sample,drog_000371,drog_000371_01,positive
20261803_Mazz_Sample_drog_000155_01,1,sample,drog_000155,drog_000155_01,positive
20261803_Mazz_Sample_drog_000451_01,1,sample,drog_000451,drog_000451_01,positive
20261803_Mazz_Sample_drog_000180_01,1,sample,drog_000180,drog_000180_01,positive
20261803_Mazz_Sample_drog_000192_01,1,sample,drog_000192,drog_000192_01,positive
20261803_Mazz_Sample_drog_000055_01,1,sample,drog_000055,drog_000055_01,positive
20261803_Mazz_Sample_drog_000430_01,1,sample,drog_000430,drog_000430_01,positive
20261803_Mazz_Sample_drog_000490_01,1,sample,drog_000490,drog_000490_01,positive
20261803_Mazz_Sample_drog_000435_01,1,sample,drog_000435,drog_000435_01,positive
20261803_Mazz_Sample_drog_000259_01,1,sample,drog_000259,drog_000259_01,positive
20261803_Mazz_Sample_drog_000495_01,1,sample,drog_000495,drog_000495_01,positive
20261803_Mazz_Sample_drog_000149_01,1,sample,drog_000149,drog_000149_01,positive
20261803_Mazz_Sample_drog_000349_01,1,sample,drog_000349,drog_000349_01,positive
20261803_Mazz_Sample_drog_000345_01,1,sample,drog_000345,drog_000345_01,positive
20261803_Mazz_Sample_drog_000295_01,1,sample,drog_000295,drog_000295_01,positive
20261903_Mazz_Sample_drog_000427_01,1,sample,drog_000427,drog_000427_01,positive
20261903_Mazz_Sample_drog_000475_01,1,sample,drog_000475,drog_000475_01,positive
20261903_Mazz_Sample_drog_000552_01,1,sample,drog_000552,drog_000552_01,positive
20261903_Mazz_Sample_drog_000416_01,1,sample,drog_000416,drog_000416_01,positive
20261903_Mazz_Sample_drog_000129_01,1,sample,drog_000129,drog_000129_01,positive
20261903_Mazz_Sample_drog_000460_01,1,sample,drog_000460,drog_000460_01,positive
20261903_Mazz_Sample_drog_000438_01,1,sample,drog_000438,drog_000438_01,positive
20261903_Mazz_Sample_drog_000341_01,1,sample,drog_000341,drog_000341_01,positive
20261903_Mazz_Sample_drog_000558_01,1,sample,drog_000558,drog_000558_01,positive
20261903_Mazz_Sample_drog_000160_01,1,sample,drog_000160,drog_000160_01,positive
20261903_Mazz_Sample_drog_000167_01,1,sample,drog_000167,drog_000167_01,positive
20261903_Mazz_Sample_drog_000350_01,1,sample,drog_000350,drog_000350_01,positive
20261903_Mazz_Sample_drog_000231_01,1,sample,drog_000231,drog_000231_01,positive
20261903_Mazz_Sample_drog_000367_01,1,sample,drog_000367,drog_000367_01,positive
20261903_Mazz_Sample_drog_000177_01,1,sample,drog_000177,drog_000177_01,positive
20261903_Mazz_Sample_drog_000390_01,1,sample,drog_000390,drog_000390_01,positive
20261903_Mazz_Sample_drog_000169_01,1,sample,drog_000169,drog_000169_01,positive
20261903_Mazz_Sample_drog_000514_01,1,sample,drog_000514,drog_000514_01,positive
20261903_Mazz_Sample_drog_000171_01,1,sample,drog_000171,drog_000171_01,positive
20261903_Mazz_Sample_drog_000307_01,1,sample,drog_000307,drog_000307_01,positive
20261903_Mazz_Sample_drog_000302_01,1,sample,drog_000302,drog_000302_01,positive
20261903_Mazz_Sample_drog_000083_01,1,sample,drog_000083,drog_000083_01,positive
20261903_Mazz_Sample_drog_000126_01,1,sample,drog_000126,drog_000126_01,positive
20261903_Mazz_Sample_drog_000265_01,1,sample,drog_000265,drog_000265_01,positive
20261903_Mazz_Sample_drog_000519_01,1,sample,drog_000519,drog_000519_01,positive
20261903_Mazz_Sample_drog_000150_01,1,sample,drog_000150,drog_000150_01,positive
20261903_Mazz_Sample_drog_000006_01,1,sample,drog_000006,drog_000006_01,positive
20261903_Mazz_Sample_drog_000407_02,2,sample,drog_000407,drog_000407_01,positive
20261903_Mazz_Sample_drog_000211_01,1,sample,drog_000211,drog_000211_01,positive
20261903_Mazz_Sample_drog_000431_01,1,sample,drog_000431,drog_000431_01,positive
20261903_Mazz_Sample_drog_000237_01,1,sample,drog_000237,drog_000237_01,positive
20261903_Mazz_Sample_drog_000098_01,1,sample,drog_000098,drog_000098_01,positive
20261903_Mazz_Sample_drog_000300_01,1,sample,drog_000300,drog_000300_01,positive
20261903_Mazz_Sample_drog_000156_01,1,sample,drog_000156,drog_000156_01,positive
20261903_Mazz_Sample_drog_000136_01,1,sample,drog_000136,drog_000136_01,positive
20261903_Mazz_Sample_drog_000181_01,1,sample,drog_000181,drog_000181_01,positive
20261903_Mazz_Sample_drog_000047_01,1,sample,drog_000047,drog_000047_01,positive
20261903_Mazz_Sample_drog_000419_01,1,sample,drog_000419,drog_000419_01,positive
20261903_Mazz_Sample_drog_000151_01,1,sample,drog_000151,drog_000151_01,positive
20261903_Mazz_Sample_drog_000538_01,1,sample,drog_000538,drog_000538_01,positive
20261903_Mazz_Sample_drog_000179_01,1,sample,drog_000179,drog_000179_01,positive
20261903_Mazz_Sample_drog_000057_01,1,sample,drog_000057,drog_000057_01,positive
20261903_Mazz_Sample_drog_000448_01,1,sample,drog_000448,drog_000448_01,positive
20261903_Mazz_Sample_drog_000290_01,1,sample,drog_000290,drog_000290_01,positive
20261903_Mazz_Sample_drog_000545_01,1,sample,drog_000545,drog_000545_01,positive
20261903_Mazz_Sample_drog_000441_01,1,sample,drog_000441,drog_000441_01,positive
20261903_Mazz_Sample_drog_000424_01,1,sample,drog_000424,drog_000424_01,positive
20261903_Mazz_Sample_drog_000278_01,1,sample,drog_000278,drog_000278_01,positive
20261903_Mazz_Sample_drog_000320_01,1,sample,drog_000320,drog_000320_01,positive
20261903_Mazz_Sample_drog_000496_01,1,sample,drog_000496,drog_000496_01,positive
20261903_Mazz_Sample_drog_000536_01,1,sample,drog_000536,drog_000536_01,positive
20261903_Mazz_Sample_drog_000142_01,1,sample,drog_000142,drog_000142_01,positive
20261903_Mazz_Sample_drog_000468_01,1,sample,drog_000468,drog_000468_01,positive
20261903_Mazz_Sample_drog_000336_01,1,sample,drog_000336,drog_000336_01,positive
20261903_Mazz_Sample_drog_000100_01,1,sample,drog_000100,drog_000100_01,positive
20261903_Mazz_Sample_drog_000366_01,1,sample,drog_000366,drog_000366_01,positive
20261903_Mazz_Sample_drog_000309_01,1,sample,drog_000309,drog_000309_01,positive
20261903_Mazz_Sample_drog_000315_01,1,sample,drog_000315,drog_000315_01,positive
20261903_Mazz_Sample_drog_000491_01,1,sample,drog_000491,drog_000491_01,positive
20261903_Mazz_Sample_drog_000392_01,1,sample,drog_000392,drog_000392_01,positive
20261903_Mazz_Sample_drog_000321_01,1,sample,drog_000321,drog_000321_01,positive
20261903_Mazz_Sample_drog_000338_01,1,sample,drog_000338,drog_000338_01,positive
20261903_Mazz_Sample_drog_000480_01,1,sample,drog_000480,drog_000480_01,positive
20261903_Mazz_Sample_drog_000274_01,1,sample,drog_000274,drog_000274_01,positive
20261903_Mazz_Sample_drog_000121_01,1,sample,drog_000121,drog_000121_01,positive
20261903_Mazz_Sample_drog_000185_01,1,sample,drog_000185,drog_000185_01,positive
20261903_Mazz_Sample_drog_000199_01,1,sample,drog_000199,drog_000199_01,positive
20261903_Mazz_Sample_drog_000071_01,1,sample,drog_000071,drog_000071_01,positive
20261903_Mazz_Sample_drog_000447_01,1,sample,drog_000447,drog_000447_01,positive
20261903_Mazz_Sample_drog_000233_01,1,sample,drog_000233,drog_000233_01,positive
20261903_Mazz_Sample_drog_000153_01,1,sample,drog_000153,drog_000153_01,positive
20261903_Mazz_Sample_drog_000263_01,1,sample,drog_000263,drog_000263_01,positive
20261903_Mazz_Sample_drog_000087_01,1,sample,drog_000087,drog_000087_01,positive
20261903_Mazz_Sample_drog_000066_01,1,sample,drog_000066,drog_000066_01,positive
20261903_Mazz_Sample_drog_000079_01,1,sample,drog_000079,drog_000079_01,positive
20261903_Mazz_Sample_drog_000203_01,1,sample,drog_000203,drog_000203_01,positive
20261903_Mazz_Sample_drog_000060_01,1,sample,drog_000060,drog_000060_01,positive
20261903_Mazz_Sample_drog_000205_01,1,sample,drog_000205,drog_000205_01,positive
20261903_Mazz_Sample_drog_000266_01,1,sample,drog_000266,drog_000266_01,positive
20261903_Mazz_Sample_drog_000161_01,1,sample,drog_000161,drog_000161_01,positive
20261903_Mazz_Sample_drog_000296_01,1,sample,drog_000296,drog_000296_01,positive
20261903_Mazz_Sample_drog_000048_01,1,sample,drog_000048,drog_000048_01,positive
20261903_Mazz_Sample_drog_000270_01,1,sample,drog_000270,drog_000270_01,positive
20261903_Mazz_Sample_drog_000104_01,1,sample,drog_000104,drog_000104_01,positive
20261903_Mazz_Sample_drog_000044_01,1,sample,drog_000044,drog_000044_01,positive
20261903_Mazz_Sample_drog_000145_01,1,sample,drog_000145,drog_000145_01,positive
20261903_Mazz_Sample_drog_000193_01,1,sample,drog_000193,drog_000193_01,positive
20261903_Mazz_Sample_drog_000061_01,1,sample,drog_000061,drog_000061_01,positive
20261903_Mazz_Sample_drog_000292_01,1,sample,drog_000292,drog_000292_01,positive
20261903_Mazz_Sample_drog_000201_01,1,sample,drog_000201,drog_000201_01,positive
20261903_Mazz_Sample_drog_000251_01,1,sample,drog_000251,drog_000251_01,positive
20261903_Mazz_Sample_drog_000165_01,1,sample,drog_000165,drog_000165_01,positive
20261903_Mazz_Sample_drog_000045_01,1,sample,drog_000045,drog_000045_01,positive
20261903_Mazz_Sample_drog_000207_01,1,sample,drog_000207,drog_000207_01,positive
20261903_Mazz_Sample_drog_000334_01,1,sample,drog_000334,drog_000334_01,positive
20261903_Mazz_Sample_drog_000190_01,1,sample,drog_000190,drog_000190_01,positive
20262023_Mazz_Sample_drog_000124_01,1,sample,drog_000124,drog_000124_01,positive
20262023_Mazz_Sample_drog_000196_01,1,sample,drog_000196,drog_000196_01,positive
20262023_Mazz_Sample_drog_000298_01,1,sample,drog_000298,drog_000298_01,positive
20262023_Mazz_Sample_drog_000249_01,1,sample,drog_000249,drog_000249_01,positive
20262023_Mazz_Sample_drog_000202_01,1,sample,drog_000202,drog_000202_01,positive
20262023_Mazz_Sample_drog_000189_01,1,sample,drog_000189,drog_000189_01,positive
20262023_Mazz_Sample_drog_000051_01,1,sample,drog_000051,drog_000051_01,positive
20262023_Mazz_Sample_drog_000103_01,1,sample,drog_000103,drog_000103_01,positive
20262023_Mazz_Sample_drog_000123_01,1,sample,drog_000123,drog_000123_01,positive
20262023_Mazz_Sample_drog_000084_01,1,sample,drog_000084,drog_000084_01,positive
20262023_Mazz_Sample_drog_000513_01,1,sample,drog_000513,drog_000513_01,positive
20262023_Mazz_Sample_drog_000242_01,1,sample,drog_000242,drog_000242_01,positive
20262023_Mazz_Sample_drog_000075_01,1,sample,drog_000075,drog_000075_01,positive
20262023_Mazz_Sample_drog_000058_01,1,sample,drog_000058,drog_000058_01,positive
20262023_Mazz_Sample_drog_000364_01,1,sample,drog_000364,drog_000364_01,positive
20262023_Mazz_Sample_drog_000228_01,1,sample,drog_000228,drog_000228_01,positive
20262023_Mazz_Sample_drog_000089_01,1,sample,drog_000089,drog_000089_01,positive
20262023_Mazz_Sample_drog_000268_01,1,sample,drog_000268,drog_000268_01,positive
20262023_Mazz_Sample_drog_000080_01,1,sample,drog_000080,drog_000080_01,positive
20262023_Mazz_Sample_drog_000042_01,1,sample,drog_000042,drog_000042_01,positive
20262023_Mazz_Sample_drog_000194_01,1,sample,drog_000194,drog_000194_01,positive
20262023_Mazz_Sample_drog_000485_01,1,sample,drog_000485,drog_000485_01,positive
20262023_Mazz_Sample_drog_000226_01,1,sample,drog_000226,drog_000226_01,positive
20262023_Mazz_Sample_drog_000285_01,1,sample,drog_000285,drog_000285_01,positive
20262023_Mazz_Sample_drog_000191_01,1,sample,drog_000191,drog_000191_01,positive
20262023_Mazz_Sample_drog_000304_01,1,sample,drog_000304,drog_000304_01,positive
20262023_Mazz_Sample_drog_000434_01,1,sample,drog_000434,drog_000434_01,positive
20262023_Mazz_Sample_drog_000133_01,1,sample,drog_000133,drog_000133_01,positive
20262023_Mazz_Sample_drog_000069_01,1,sample,drog_000069,drog_000069_01,positive
20262023_Mazz_Sample_drog_000209_01,1,sample,drog_000209,drog_000209_01,positive
20262023_Mazz_Sample_drog_000137_01,1,sample,drog_000137,drog_000137_01,positive
20262023_Mazz_Sample_drog_000074_01,1,sample,drog_000074,drog_000074_01,positive
20262023_Mazz_Sample_drog_000499_01,1,sample,drog_000499,drog_000499_01,positive
20262023_Mazz_Sample_drog_000046_01,1,sample,drog_000046,drog_000046_01,positive
20262023_Mazz_Sample_drog_000487_01,1,sample,drog_000487,drog_000487_01,positive
20262023_Mazz_Sample_drog_000130_01,1,sample,drog_000130,drog_000130_01,positive
20262023_Mazz_Sample_drog_000560_01,1,sample,drog_000560,drog_000560_01,positive
20262023_Mazz_Sample_drog_000246_01,1,sample,drog_000246,drog_000246_01,positive
20262023_Mazz_Sample_drog_000043_01,1,sample,drog_000043,drog_000043_01,positive
20262023_Mazz_Sample_drog_000085_01,1,sample,drog_000085,drog_000085_01,positive
20262023_Mazz_Sample_drog_000299_01,1,sample,drog_000299,drog_000299_01,positive
20262023_Mazz_Sample_drog_000092_01,1,sample,drog_000092,drog_000092_01,positive
20262023_Mazz_Sample_drog_000072_01,1,sample,drog_000072,drog_000072_01,positive
20262023_Mazz_Sample_drog_000078_01,1,sample,drog_000078,drog_000078_01,positive
20262023_Mazz_Sample_drog_000068_01,1,sample,drog_000068,drog_000068_01,positive
20262023_Mazz_Sample_drog_000148_01,1,sample,drog_000148,drog_000148_01,positive
20262023_Mazz_Sample_drog_000164_01,1,sample,drog_000164,drog_000164_01,positive
20262023_Mazz_Sample_drog_000287_01,1,sample,drog_000287,drog_000287_01,positive
20262023_Mazz_Sample_drog_000455_01,1,sample,drog_000455,drog_000455_01,positive
20262023_Mazz_Sample_drog_000062_01,1,sample,drog_000062,drog_000062_01,positive
20262023_Mazz_Sample_drog_000493_01,1,sample,drog_000493,drog_000493_01,positive
20262023_Mazz_Sample_drog_000443_01,1,sample,drog_000443,drog_000443_01,positive
20262023_Mazz_Sample_drog_000293_01,1,sample,drog_000293,drog_000293_01,positive
20262023_Mazz_Sample_drog_000053_01,1,sample,drog_000053,drog_000053_01,positive
20262023_Mazz_Sample_drog_000227_01,1,sample,drog_000227,drog_000227_01,positive
20262023_Mazz_Sample_drog_000219_01,1,sample,drog_000219,drog_000219_01,positive
20262023_Mazz_Sample_drog_000096_01,1,sample,drog_000096,drog_000096_01,positive
20262023_Mazz_Sample_drog_000245_01,1,sample,drog_000245,drog_000245_01,positive
20262023_Mazz_Sample_drog_000223_01,1,sample,drog_000223,drog_000223_01,positive
20262023_Mazz_Sample_drog_000050_01,1,sample,drog_000050,drog_000050_01,positive
20262023_Mazz_Sample_drog_000229_01,1,sample,drog_000229,drog_000229_01,positive
20262023_Mazz_Sample_drog_000041_01,1,sample,drog_000041,drog_000041_01,positive
20262023_Mazz_Sample_drog_000244_01,1,sample,drog_000244,drog_000244_01,positive
20262023_Mazz_Sample_drog_000064_01,1,sample,drog_000064,drog_000064_01,positive
20262023_Mazz_Sample_drog_000073_01,1,sample,drog_000073,drog_000073_01,positive
20262023_Mazz_Sample_drog_000143_01,1,sample,drog_000143,drog_000143_01,positive
20262023_Mazz_Sample_drog_000483_01,1,sample,drog_000483,drog_000483_01,positive
20262023_Mazz_Sample_drog_000523_01,1,sample,drog_000523,drog_000523_01,positive
20262023_Mazz_Sample_drog_000188_01,1,sample,drog_000188,drog_000188_01,positive
20262023_Mazz_Sample_drog_000109_01,1,sample,drog_000109,drog_000109_01,positive
20262023_Mazz_Sample_drog_000238_01,1,sample,drog_000238,drog_000238_01,positive
20262023_Mazz_Sample_drog_000232_01,1,sample,drog_000232,drog_000232_01,positive
20262023_Mazz_Sample_drog_000146_01,1,sample,drog_000146,drog_000146_01,positive
20262023_Mazz_Sample_drog_000373_01,1,sample,drog_000373,drog_000373_01,positive
20262023_Mazz_Sample_drog_000076_01,1,sample,drog_000076,drog_000076_01,positive
20262023_Mazz_Sample_drog_000269_01,1,sample,drog_000269,drog_000269_01,positive
20262023_Mazz_Sample_drog_000077_01,1,sample,drog_000077,drog_000077_01,positive
20262023_Mazz_Sample_drog_000250_01,1,sample,drog_000250,drog_000250_01,positive
20262023_Mazz_Sample_drog_000049_01,1,sample,drog_000049,drog_000049_01,positive
20262023_Mazz_Sample_drog_000101_01,1,sample,drog_000101,drog_000101_01,positive
20262023_Mazz_Sample_drog_000356_01,1,sample,drog_000356,drog_000356_01,positive
20262023_Mazz_Sample_drog_000162_01,1,sample,drog_000162,drog_000162_01,positive
20262023_Mazz_Sample_drog_000115_01,1,sample,drog_000115,drog_000115_01,positive
20262023_Mazz_Sample_drog_000256_01,1,sample,drog_000256,drog_000256_01,positive
20262023_Mazz_Sample_drog_000175_01,1,sample,drog_000175,drog_000175_01,positive
20262023_Mazz_Sample_drog_000220_01,1,sample,drog_000220,drog_000220_01,positive
20262023_Mazz_Sample_drog_000204_01,1,sample,drog_000204,drog_000204_01,positive
20262023_Mazz_Sample_drog_000091_01,1,sample,drog_000091,drog_000091_01,positive
20262023_Mazz_Sample_drog_000213_01,1,sample,drog_000213,drog_000213_01,positive
20262023_Mazz_Sample_drog_000365_01,1,sample,drog_000365,drog_000365_01,positive
20262023_Mazz_Sample_drog_000117_01,1,sample,drog_000117,drog_000117_01,positive
20262103_Mazz_Sample_drog_000467_01,1,sample,drog_000467,drog_000467_01,positive
20262103_Mazz_Sample_drog_000291_01,1,sample,drog_000291,drog_000291_01,positive
20262103_Mazz_Sample_drog_000125_01,1,sample,drog_000125,drog_000125_01,positive
20262103_Mazz_Sample_drog_000559_01,1,sample,drog_000559,drog_000559_01,positive
20262103_Mazz_Sample_drog_000247_01,1,sample,drog_000247,drog_000247_01,positive
20262103_Mazz_Sample_drog_000260_01,1,sample,drog_000260,drog_000260_01,positive
20262103_Mazz_Sample_drog_000252_01,1,sample,drog_000252,drog_000252_01,positive
20262103_Mazz_Sample_drog_000267_01,1,sample,drog_000267,drog_000267_01,positive
20262103_Mazz_Sample_drog_000243_01,1,sample,drog_000243,drog_000243_01,positive
20262103_Mazz_Sample_drog_000457_01,1,sample,drog_000457,drog_000457_01,positive
20262103_Mazz_Sample_drog_000273_01,1,sample,drog_000273,drog_000273_01,positive
20262103_Mazz_Sample_drog_000081_01,1,sample,drog_000081,drog_000081_01,positive
20262103_Mazz_Sample_drog_000462_01,1,sample,drog_000462,drog_000462_01,positive
20262103_Mazz_Sample_drog_000200_01,1,sample,drog_000200,drog_000200_01,positive
20262103_Mazz_Sample_drog_000116_01,1,sample,drog_000116,drog_000116_01,positive
20262103_Mazz_Sample_drog_000111_01,1,sample,drog_000111,drog_000111_01,positive
20262103_Mazz_Sample_drog_000379_01,1,sample,drog_000379,drog_000379_01,positive
20262103_Mazz_Sample_drog_000275_01,1,sample,drog_000275,drog_000275_01,positive
20262103_Mazz_Sample_drog_000152_01,1,sample,drog_000152,drog_000152_01,positive
20262103_Mazz_Sample_drog_000108_01,1,sample,drog_000108,drog_000108_01,positive
20262103_Mazz_Sample_drog_000280_01,1,sample,drog_000280,drog_000280_01,positive
20262103_Mazz_Sample_drog_000257_01,1,sample,drog_000257,drog_000257_01,positive
20262103_Mazz_Sample_drog_000131_01,1,sample,drog_000131,drog_000131_01,positive
20262103_Mazz_Sample_drog_000322_01,1,sample,drog_000322,drog_000322_01,positive
20262103_Mazz_Sample_drog_000286_01,1,sample,drog_000286,drog_000286_01,positive
20262103_Mazz_Sample_drog_000282_01,1,sample,drog_000282,drog_000282_01,positive
20262103_Mazz_Sample_drog_000377_01,1,sample,drog_000377,drog_000377_01,positive
20262103_Mazz_Sample_drog_000399_01,1,sample,drog_000399,drog_000399_01,positive
20262103_Mazz_Sample_drog_000119_01,1,sample,drog_000119,drog_000119_01,positive
20262103_Mazz_Sample_drog_000385_01,1,sample,drog_000385,drog_000385_01,positive
20262103_Mazz_Sample_drog_000426_01,1,sample,drog_000426,drog_000426_01,positive
20262103_Mazz_Sample_drog_000453_01,1,sample,drog_000453,drog_000453_01,positive
20262103_Mazz_Sample_drog_000134_01,1,sample,drog_000134,drog_000134_01,positive
20262103_Mazz_Sample_drog_000254_01,1,sample,drog_000254,drog_000254_01,positive
20262103_Mazz_Sample_drog_000163_01,1,sample,drog_000163,drog_000163_01,positive
20262103_Mazz_Sample_drog_000239_01,1,sample,drog_000239,drog_000239_01,positive
20262103_Mazz_Sample_drog_000110_01,1,sample,drog_000110,drog_000110_01,positive
20262103_Mazz_Sample_drog_000241_01,1,sample,drog_000241,drog_000241_01,positive
20262103_Mazz_Sample_drog_000212_01,1,sample,drog_000212,drog_000212_01,positive
20262103_Mazz_Sample_drog_000221_01,1,sample,drog_000221,drog_000221_01,positive
20262103_Mazz_Sample_drog_000294_01,1,sample,drog_000294,drog_000294_01,positive
20262103_Mazz_Sample_drog_000340_01,1,sample,drog_000340,drog_000340_01,positive
20262103_Mazz_Sample_drog_000359_01,1,sample,drog_000359,drog_000359_01,positive
20262103_Mazz_Sample_drog_000303_01,1,sample,drog_000303,drog_000303_01,positive
20262103_Mazz_Sample_drog_000432_01,1,sample,drog_000432,drog_000432_01,positive
20262103_Mazz_Sample_drog_000279_01,1,sample,drog_000279,drog_000279_01,positive
20262103_Mazz_Sample_drog_000173_01,1,sample,drog_000173,drog_000173_01,positive
20262103_Mazz_Sample_drog_000217_01,1,sample,drog_000217,drog_000217_01,positive
20262103_Mazz_Sample_drog_000240_01,1,sample,drog_000240,drog_000240_01,positive
20262103_Mazz_Sample_drog_000214_01,1,sample,drog_000214,drog_000214_01,positive
